取得日,コード,銘柄名,市場,現在値,前日比(%),PBR(株価純資産倍率)(倍),PER(株価収益率)(倍),ROE(自己資本利益率)(%),海外売上高比率(%),経常利益変化率(%) - 前年度比,自己資本比率(%),財務,配当利回り(%),EPS(予)(一株あたり当期利益)(円),PEG(予)(倍),業績予想修正率(予)(%),経常利益変化率(予)(%) - 1年前,過去3年平均売上高成長率(予)(%)
2026-08-20,1301,極洋,東P,"4,730",-20.0 (-0.42%) ,0.73,8.21,9.5,16.37,-7.61,36.12,(連),3.17,,,,,
2026-08-20,1305,ｉＦＴＯＰＩＸ（年１回決算型）,東ETF,"4,278",+52.0 (+1.23%) ,,,,,,,,,,,,,
2026-08-20,1306,ＮＦ　ＴＯＰＩＸ連動型上場投信,東ETF,422.8,+5.4 (+1.29%) ,,,,,,,,,,,,,
2026-08-20,1308,上場インデックスファンドＴＯＰ,東ETF,"4,176",+47.0 (+1.14%) ,,,,,,,,,,,,,
2026-08-20,1309,上海株指数・上証５０連動型上場,東ETF,"54,490",-320.0 (-0.58%) ,,,,,,,,,,,,,
2026-08-20,130A,Ｖｅｒｉｔａｓ　Ｉｎ　Ｓｉｌｉ,東G,445,+30.0 (+7.23%) ,,,,,,,,,,,,,
2026-08-20,1311,ＮＦ　ＴＯＰＩＸ　Ｃｏｒｅ３０,東ETF,"2,100",-24.0 (-1.13%) ,,,,,,,,,,,,,
2026-08-20,1319,ＮＦ日経３００株価指数連動型,東ETF,--,-- (--%) ,,,,,,,,,,,,,
2026-08-20,131A,ＣＣＮグループ,東PRO,--,-- (--%) ,,,,,,,,,,,,,
2026-08-20,1320,ｉＦ日経２２５（年１回決算型）,東ETF,"68,270",+820.0 (+1.22%) ,,,,,,,,,,,,,
2026-08-20,1321,ＮＦ日経２２５連動型上場投信,東ETF,"68,550",+870.0 (+1.29%) ,,,,,,,,,,,,,
2026-08-20,1322,中国Ａ株パンダＣＳＩ３００,東ETF,"11,625",-40.0 (-0.34%) ,,,,,,,,,,,,,
2026-08-20,1325,ＮＦボベスパ連動型上場投信,東ETF,272,+0.2 (+0.07%) ,,,,,,,,,,,,,
2026-08-20,1326,ＳＰＤＲゴールド・シェア,東ETF,"65,350","+1,910.0 (+3.01%) ",,,,,,,,,,,,,
2026-08-20,1328,ＮＦ金価格連動型上場投資信託,東ETF,"16,855",+525.0 (+3.21%) ,,,,,,,,,,,,,
2026-08-20,1329,ｉＳコア　日経２２５,東ETF,"6,855",+86.0 (+1.27%) ,,,,,,,,,,,,,
2026-08-20,132A,アイエヌＨＬＤＧ,東PRO,--,-- (--%) ,1.46,19.13,8.0,0.00,-47.53,13.06,(連),0.00,,,,,
2026-08-20,1330,上場インデックスファンド２２５,東ETF,"68,620",+890.0 (+1.31%) ,,,,,,,,,,,,,
2026-08-20,1332,ニッスイ,東P,"1,302",+17.0 (+1.32%) ,1.32,14.44,9.5,42.85,22.34,40.04,(連),2.46,97.64,1.61,0.77,9.31,6.35
2026-08-20,1333,Ｕｍｉｏｓ,東P,"1,301.5",+1.0 (+0.08%) ,0.8,8.87,9.3,27.37,-3.11,32.89,(連),3.43,,,,,
2026-08-20,133A,グローバルＸ　超短期米国債,東ETF,"1,073",-4.0 (-0.37%) ,,,,,,,,,,,,,
2026-08-20,1343,ＮＦ東証ＲＥＩＴ連動型投信,東ETF,"1,949",+21.0 (+1.09%) ,,,,,,,,,,,,,
2026-08-20,1345,上場Ｊリート隔月分配型,東ETF,"1,844",+5.0 (+0.27%) ,,,,,,,,,,,,,
2026-08-20,1346,ＭＡＸＩＳ　日経２２５上場投信,東ETF,"68,480",+800.0 (+1.18%) ,,,,,,,,,,,,,
2026-08-20,1348,ＭＡＸＩＳ　トピックス上場投信,東ETF,"4,210",+43.0 (+1.03%) ,,,,,,,,,,,,,
2026-08-20,1349,ＡＢＦ汎アジア債券,東ETF,"17,530",0.0 (0.00%) ,,,,,,,,,,,,,
2026-08-20,134A,アプライズ,東PRO,--,-- (--%) ,2.07,8.29,28.5,0.00,"1,200.00",48.64,(単),0.00,,,,,
2026-08-20,1356,ＴＯＰＩＸベア２倍上場投信,東ETF,107.1,-3.1 (-2.81%) ,,,,,,,,,,,,,
2026-08-20,1357,ＮＦ日経平均ダブルインバース,東ETF,"2,739",-73.0 (-2.60%) ,,,,,,,,,,,,,
2026-08-20,1358,上場日経レバレッジ指数,東ETF,"132,700","+2,500.0 (+1.92%) ",,,,,,,,,,,,,
2026-08-20,135A,ＶＲＡＩＮ　Ｓｏｌｕｔｉｏｎ,東G,"4,370",+185.0 (+4.42%) ,21.49,68.33,37.2,0.00,53.28,64.88,(単),0.00,,,,,
2026-08-20,1360,日経平均ベア２倍上場投信,東ETF,67.2,-1.8 (-2.61%) ,,,,,,,,,,,,,
2026-08-20,1364,ｉシェアーズ　ＪＰＸ日経４００,東ETF,"3,750",+29.0 (+0.78%) ,,,,,,,,,,,,,
2026-08-20,1365,ｉＦ日経平均レバレッジ,東ETF,"4,289",+102.0 (+2.44%) ,,,,,,,,,,,,,
2026-08-20,1366,ｉＦ日経平均ダブルインバース,東ETF,69,-1.0 (-1.43%) ,,,,,,,,,,,,,
2026-08-20,1367,ｉＦＴＰＸレバレッジ（２倍）,東ETF,"3,036",+62.0 (+2.08%) ,,,,,,,,,,,,,
2026-08-20,1368,ｉＦＴＰＸダブルインバース,東ETF,155,-5.0 (-3.13%) ,,,,,,,,,,,,,
2026-08-20,1369,ＤＩＡＭ　ＥＴＦ　日経２２５,東ETF,"66,470",+770.0 (+1.17%) ,,,,,,,,,,,,,
2026-08-20,1375,ユキグニファクトリー,東P,"1,170",+11.0 (+0.95%) ,3.16,15.77,21.8,0.00,92.87,39.19,(連),1.97,,,,,
2026-08-20,1376,カネコ種苗,東S,"1,636",+4.0 (+0.25%) ,,,,,,,,,,,,,
2026-08-20,1377,サカタのタネ,東P,"4,500",+45.0 (+1.01%) ,,,,,,,,,241.80,-1.24,0.00,5.11,5.96
2026-08-20,1379,ホクト,東P,"2,109",+58.0 (+2.83%) ,,,,,,,,,,,,,
2026-08-20,137A,Ｃｏｃｏｌｉｖｅ,東G,710,+9.0 (+1.28%) ,,,,,,,,,,,,,
2026-08-20,1380,秋川牧園,東S,997,+1.0 (+0.10%) ,,,,,,,,,,,,,
2026-08-20,1381,アクシーズ,東S,"3,415",+15.0 (+0.44%) ,,,,,,,,,,,,,
2026-08-20,1382,ホーブ,東S,885,+17.0 (+1.96%) ,,,,,,,,,,,,,
2026-08-20,1383,ベルグアース,東S,"3,010",+18.0 (+0.60%) ,2.28,99.60,2.3,0.00,-75.00,34.91,(連),0.33,,,,,
2026-08-20,1384,ホクリヨウ,東S,"2,250",+11.0 (+0.49%) ,1.09,4.93,24.4,0.00,152.17,74.86,(単),5.78,,,,,
2026-08-20,138A,光フードサービス,東G,"3,145",+75.0 (+2.44%) ,2.38,30.45,8.0,0.00,15.71,49.39,(単),1.27,,,,,
2026-08-20,1397,ＳＭＤＡＭ日経２２５,東ETF,"66,950",+800.0 (+1.21%) ,,,,,,,,,,,,,
2026-08-20,1398,ＳＭＤＡＭ東証ＲＥＩＴ指数,東ETF,"1,872.5",+20.0 (+1.08%) ,,,,,,,,,,,,,
2026-08-20,1399,上場ＭＳＣＩ日本株高配当低ボラ,東ETF,"3,195",+38.0 (+1.20%) ,,,,,,,,,,,,,
2026-08-20,139A,東日本地所,東PRO,--,-- (--%) ,1.52,6.72,25.3,0.00,3.26,40.67,(連),1.19,,,,,
2026-08-20,1401,エムビーエス,東G,"1,282",0.0 (0.00%) ,,,,,,,,,,,,,
2026-08-20,1407,ウエストＨＬＤＧ,東S,"2,722",+123.0 (+4.73%) ,2.98,20.15,15.4,0.00,-20.04,24.39,(連),2.39,192.80,0.33,12.56,-8.21,5.70
2026-08-20,140A,ｉＦ米国１０年国債先物インバ,東ETF,"2,012",-3.0 (-0.15%) ,,,,,,,,,,,,,
2026-08-20,1414,ショーボンドＨＬＤＧ,東P,"1,257.5",-7.0 (-0.55%) ,,,,,,,,,76.46,33.28,-2.54,-5.57,0.21
2026-08-20,1417,ミライト・ワン,東P,"3,519",+76.0 (+2.21%) ,1.12,13.44,8.6,0.00,32.93,48.73,(連),2.42,291.32,1.07,1.90,14.93,5.08
2026-08-20,1418,インターライフＨＬＤＧ,東S,600,+4.0 (+0.67%) ,1.96,11.20,18.6,0.00,32.11,50.45,(連),5.00,,,,,
2026-08-20,1419,タマホーム,東P,"3,000",+50.0 (+1.69%) ,2.54,58.84,4.1,0.00,-70.58,37.1,(連),6.50,41.90,-4.02,7.59,-67.05,-10.66
2026-08-20,141A,トライアルＨＬＤＧ,東G,"4,005",+215.0 (+5.67%) ,,,,,,,,,87.31,0.23,0.53,18.29,33.97
2026-08-20,1420,サンヨーホームズ,東S,630,0.0 (0.00%) ,0.45,5.14,8.7,0.00,69.84,35.58,(連),3.97,,,,,
2026-08-20,1429,日本アクア,東P,789,+3.0 (+0.38%) ,,,,,,,,,,,,,
2026-08-20,142A,ジンジブ,東G,821,+17.0 (+2.11%) ,4.13,13.07,31.8,0.00,184.48,24.93,(単),0.00,,,,,
2026-08-20,1430,ファーストコーポレーション,東S,"1,032",+10.0 (+0.98%) ,,,,,,,,,,,,,
2026-08-20,1431,Ｌｉｂ　Ｗｏｒｋ,東G,647,+1.0 (+0.15%) ,3.19,30.53,10.7,0.00,42.81,40.91,(連),0.99,,,,,
2026-08-20,1432,動力,東PRO,--,-- (--%) ,,,,,,,,,,,,,
2026-08-20,1433,ベステラ,東P,"1,200",+9.0 (+0.76%) ,1.97,14.75,14.3,0.00,28.89,64.76,(連),3.33,,,,,
2026-08-20,1434,ＪＥＳＣＯ　ＨＬＤＧ,東S,"1,690",+31.0 (+1.87%) ,,,,,,,,,,,,,
2026-08-20,1435,ｒｏｂｏｔ　ｈｏｍｅ,東S,187,+6.0 (+3.31%) ,1.51,8.45,19.4,0.00,75.54,70.1,(連),1.07,,,,,
2026-08-20,1436,グリーンエナジー＆カンパニー,東G,"1,547",+57.0 (+3.83%) ,3.37,38.22,9.1,0.00,152.21,34.35,(連),0.32,,,,,
2026-08-20,1438,岐阜造園,東S,"2,346",+46.0 (+2.00%) ,1.84,19.78,9.7,0.00,20.66,71.72,(連),1.53,,,,,
2026-08-20,143A,イシン,東G,699,0.0 (0.00%) ,,,,,,,,,,,,,
2026-08-20,1443,技研ＨＬＤＧ,東S,275,-2.0 (-0.72%) ,0.35,7.28,5.1,0.00,15.84,70.7,(連),0.40,,,,,
2026-08-20,1444,ニッソウ,東G,"2,655",0.0 (0.00%) ,1.69,14.24,12.6,0.00,9.52,49.26,(連),0.00,,,,,
2026-08-20,1445,ひかりＨＬＤＧ,東PRO,--,-- (--%) ,,,,,,,,,,,,,
2026-08-20,1446,キャンディル,東S,543,+2.0 (+0.37%) ,1.7,25.58,6.8,0.00,19.14,47.13,(連),1.47,,,,,
2026-08-20,1447,ＳＡＡＦＨＬＤＧ,東G,396,0.0 (0.00%) ,,,,,,,,,,,,,
2026-08-20,144A,エネルギーパワー,東PRO,--,-- (--%) ,4.34,6.72,96.2,0.00,686.32,11.99,(単),0.00,,,,,
2026-08-20,1450,ＴＡＮＡＫＥＮ,東S,"1,459",+11.0 (+0.76%) ,1.36,8.45,17.1,0.00,-5.55,76.57,(単),3.77,,,,,
2026-08-20,1452,横浜ライト工業,東PRO,--,-- (--%) ,,,,,,,,,,,,,
2026-08-20,1456,ｉＦ日経平均インバース,東ETF,"1,257",-19.0 (-1.49%) ,,,,,,,,,,,,,
2026-08-20,1457,ｉＦＴＯＰＩＸインバース,東ETF,"1,778",-18.0 (-1.00%) ,,,,,,,,,,,,,
2026-08-20,1458,楽天ＥＴＦ日経レバレッジ指数,東ETF,"82,950","+2,050.0 (+2.53%) ",,,,,,,,,,,,,
2026-08-20,1459,楽天ＥＴＦ日経ダブルインバース,東ETF,110,-3.0 (-2.65%) ,,,,,,,,,,,,,
2026-08-20,145A,Ｌ　ｉｓ　Ｂ,東G,906,+32.0 (+3.66%) ,2.51,33.44,7.8,0.00,716.67,53.91,(連),0.00,,,,,
2026-08-20,1466,ｉＦＪＰＸ４００ダブルインバ,東ETF,201,-5.0 (-2.43%) ,,,,,,,,,,,,,
2026-08-20,1469,ＪＰＸ日経４００ベア２倍,東ETF,186.7,-5.5 (-2.86%) ,,,,,,,,,,,,,
2026-08-20,146A,コロンビア・ワークス,東S,"3,830",+125.0 (+3.37%) ,1.69,7.71,23.5,0.00,45.58,26.07,(連),2.04,,,,,
2026-08-20,1472,ＮＦ　ＪＰＸ４００ダブルインバ,東ETF,78,-1.0 (-1.27%) ,,,,,,,,,,,,,
2026-08-20,1473,ＤＩＡＭ　ＥＴＦ　トピックス,東ETF,"4,150",+56.0 (+1.37%) ,,,,,,,,,,,,,
2026-08-20,1474,ＤＩＡＭ　ＪＰＸ日経４００,東ETF,"37,010",+300.0 (+0.82%) ,,,,,,,,,,,,,
2026-08-20,1475,ｉＳコア　ＴＯＰＩＸ,東ETF,417,+4.7 (+1.14%) ,,,,,,,,,,,,,
2026-08-20,1476,ｉＳコア　Ｊリート,東ETF,"1,862",+12.0 (+0.65%) ,,,,,,,,,,,,,
2026-08-20,1477,ｉシェアーズＭＳＣＩ最小分散,東ETF,"3,334",+30.0 (+0.91%) ,,,,,,,,,,,,,
2026-08-20,1478,ｉシェアーズＭＳＣＩ高配当,東ETF,"5,259",+95.0 (+1.84%) ,,,,,,,,,,,,,
2026-08-20,1479,ｉＦＭＳＣＩ日本株人材設備,東ETF,--,-- (--%) ,,,,,,,,,,,,,
2026-08-20,147A,ソラコム,東G,"1,060",+35.0 (+3.41%) ,4.26,76.04,6.0,39.99,38.45,71.14,(連),0.00,,,,,
2026-08-20,1480,ＮＦ野村企業価値分配指数連動型,東ETF,--,-- (--%) ,,,,,,,,,,,,,
2026-08-20,1481,上場日本経済貢献株,東ETF,"3,865",+60.0 (+1.58%) ,,,,,,,,,,,,,
2026-08-20,1482,ｉＳ米国債７―１０年円ヘッジ,東ETF,"1,545",+3.0 (+0.19%) ,,,,,,,,,,,,,
2026-08-20,1483,ｉＳ　ＪＰＸ／Ｓ＆Ｐ設備・人材,東ETF,--,-- (--%) ,,,,,,,,,,,,,
2026-08-20,1484,Ｏｎｅ設備人材投資,東ETF,"3,822",+57.0 (+1.51%) ,,,,,,,,,,,,,
2026-08-20,1485,ＭＸＳ積極投資企業２００上場,東ETF,--,-- (--%) ,,,,,,,,,,,,,
2026-08-20,1486,上場米国債券（為替ヘッジなし）,東ETF,"23,665",-35.0 (-0.15%) ,,,,,,,,,,,,,
2026-08-20,1487,上場米国債券（為替ヘッジあり）,東ETF,"11,815",+25.0 (+0.21%) ,,,,,,,,,,,,,
2026-08-20,1488,ＩＦ上場投信―東証ＲＥＩＴ,東ETF,"1,886",+17.0 (+0.91%) ,,,,,,,,,,,,,
2026-08-20,1489,ＮＦ日経平均高配当株５０指数,東ETF,"3,509",+48.0 (+1.39%) ,,,,,,,,,,,,,
2026-08-20,148A,ハッチ・ワーク,東G,"1,735",+50.0 (+2.97%) ,,,,,,,,,,,,,
2026-08-20,1490,上場ＭＳＣＩベータヘッジ,東ETF,"7,731",0.0 (0.00%) ,,,,,,,,,,,,,
2026-08-20,1491,中外鉱業,東S,707,+20.0 (+2.91%) ,1.08,6.72,17.3,0.00,84.89,53.32,(連),4.81,,,,,
2026-08-20,1493,Ｏｎｅ　ＪＰＸ日経中小型,東ETF,"25,730",+400.0 (+1.58%) ,,,,,,,,,,,,,
2026-08-20,1494,Ｏｎｅ高配当日本株,東ETF,"43,700",+480.0 (+1.11%) ,,,,,,,,,,,,,
2026-08-20,1495,上場アジアリート,東ETF,"11,470",-25.0 (-0.22%) ,,,,,,,,,,,,,
2026-08-20,1496,ｉＳ米ドルＩＧ社債ヘッジ,東ETF,"1,635",+7.0 (+0.43%) ,,,,,,,,,,,,,
2026-08-20,1497,ｉＳ米ドルＨＹ社債ヘッジ,東ETF,"1,735",+1.0 (+0.06%) ,,,,,,,,,,,,,
2026-08-20,1498,Ｏｎｅ　ＥＴＦ　ＥＳＧ,東ETF,"32,340",+490.0 (+1.54%) ,,,,,,,,,,,,,
2026-08-20,1499,ＭＸＳ日本株高配当７０ＭＮ,東ETF,"9,071",+21.0 (+0.23%) ,,,,,,,,,,,,,
2026-08-20,149A,シンカ,東G,770,+1.0 (+0.13%) ,2.36,57.12,4.2,0.00,29.17,81.82,(単),0.00,,,,,
2026-08-20,150A,ＪＳＨ,東G,801,+77.0 (+10.64%) ,,,,,,,,,,,,,
2026-08-20,1514,住石ＨＬＤＧ,東S,677,+39.0 (+6.11%) ,,,,,,,,,,,,,
2026-08-20,1515,日鉄鉱業,東P,"3,520",+195.0 (+5.86%) ,1.76,19.73,9.4,26.24,76.80,50.68,(連),2.03,,,,,
2026-08-20,1518,三井松島ＨＬＤＧ,東P,"2,241",-7.0 (-0.31%) ,1.54,15.11,11.1,23.93,17.71,43.5,(連),2.86,,,,,
2026-08-20,151A,ダイブグループ,東G,634,+4.0 (+0.63%) ,,,,,,,,,,,,,
2026-08-20,152A,オプティ,東PRO,--,-- (--%) ,,,,,,,,,,,,,
2026-08-20,153A,カウリス,東G,"1,347",+59.0 (+4.58%) ,5.31,31.40,18.6,0.00,5.41,75.89,(単),0.36,,,,,
2026-08-20,1540,純金上場信託,東ETF,"21,460",+705.0 (+3.40%) ,,,,,,,,,,,,,
2026-08-20,1541,純プラチナ上場信託,東ETF,"8,340",+369.0 (+4.63%) ,,,,,,,,,,,,,
2026-08-20,1542,純銀上場信託,東ETF,"31,100","+2,000.0 (+6.87%) ",,,,,,,,,,,,,
2026-08-20,1543,純パラジウム上場信託,東ETF,"60,670","+1,520.0 (+2.57%) ",,,,,,,,,,,,,
2026-08-20,1545,ＮＦ　ＮＡＳＤＡＱ―１００ヘな,東ETF,237,+1.2 (+0.51%) ,,,,,,,,,,,,,
2026-08-20,1546,ＮＦダウ・ジョーンズ工業株３０,東ETF,"82,350",-100.0 (-0.12%) ,,,,,,,,,,,,,
2026-08-20,1547,上場米国株式Ｓ＆Ｐ５００,東ETF,"13,290",-5.0 (-0.04%) ,,,,,,,,,,,,,
2026-08-20,154A,ＧＡＩＡ,東PRO,--,-- (--%) ,,,,,,,,,,,,,
2026-08-20,1550,ＭＸＳ外株（ＭＳＣＩコクサイ）,東ETF,"8,178",-7.0 (-0.09%) ,,,,,,,,,,,,,
2026-08-20,1551,東証スタンダードＴＯＰ２０,東ETF,--,-- (--%) ,,,,,,,,,,,,,
2026-08-20,1553,ＭＡＸＩＳ　Ｓ＆Ｐ東海上場投信,名ETF,--,-- (--%) ,,,,,,,,,,,,,
2026-08-20,1554,上場ＭＳＣＩ世界株式除く日本,東ETF,"6,894",+20.0 (+0.29%) ,,,,,,,,,,,,,
2026-08-20,1555,上場豪州リート,東ETF,"2,478",+16.0 (+0.65%) ,,,,,,,,,,,,,
2026-08-20,1557,ＳＳ　Ｓ＆Ｐ　５００　ＥＴＦ,東ETF,"122,200",+100.0 (+0.08%) ,,,,,,,,,,,,,
2026-08-20,1559,ＮＦタイ株式ＳＥＴ５０指数,東ETF,"4,819",-25.0 (-0.52%) ,,,,,,,,,,,,,
2026-08-20,155A,情報戦略テクノロジー,東G,817,+33.0 (+4.21%) ,4.81,27.64,17.4,0.00,34.34,42.7,(連),0.00,,,,,
2026-08-20,1560,ＮＦ　ＦＴＳＥブルサＫＬＣＩ,東ETF,"6,499",+59.0 (+0.92%) ,,,,,,,,,,,,,
2026-08-20,1563,東証グロース・コアＥＴＦ,東ETF,"2,503",+83.0 (+3.43%) ,,,,,,,,,,,,,
2026-08-20,1566,上場新興国債券,東ETF,"54,020",+260.0 (+0.48%) ,,,,,,,,,,,,,
2026-08-20,1568,ＴＯＰＩＸブル２倍上場投信,東ETF,984.7,+21.9 (+2.27%) ,,,,,,,,,,,,,
2026-08-20,1569,ＴＯＰＩＸベア上場投信,東ETF,743,-8.0 (-1.07%) ,,,,,,,,,,,,,
2026-08-20,156A,マテリアルグループ,東G,854,+24.0 (+2.89%) ,3.81,17.67,22.4,0.00,-1.31,55.36,(連),3.04,,,,,
2026-08-20,1570,ＮＦ日経レバ連動型上場投信,東ETF,"69,510","+1,770.0 (+2.61%) ",,,,,,,,,,,,,
2026-08-20,1571,ＮＦ日経インバ連動型上場投信,東ETF,295,-4.0 (-1.34%) ,,,,,,,,,,,,,
2026-08-20,1572,中国Ｈ株ブル２倍上場投信,東ETF,"7,282",+152.0 (+2.13%) ,,,,,,,,,,,,,
2026-08-20,1573,中国Ｈ株ベア上場投信,東ETF,"8,137",-80.0 (-0.97%) ,,,,,,,,,,,,,
2026-08-20,1577,ＮＦ野村日本株高配当７０連動型,東ETF,"58,910",+140.0 (+0.24%) ,,,,,,,,,,,,,
2026-08-20,1578,上場日経２２５（ミニ）,東ETF,"5,282",+63.0 (+1.21%) ,,,,,,,,,,,,,
2026-08-20,1579,日経平均ブル２倍上場投信,東ETF,752,+18.9 (+2.58%) ,,,,,,,,,,,,,
2026-08-20,157A,グリーンモンスター,東G,740,-8.0 (-1.07%) ,,,,,,,,,,,,,
2026-08-20,1580,日経平均ベア上場投信,東ETF,784,-11.0 (-1.38%) ,,,,,,,,,,,,,
2026-08-20,1585,ｉＦＴＰＸ　Ｅｘ−Ｆｉｎ,東ETF,"2,647.5",+24.5 (+0.93%) ,,,,,,,,,,,,,
2026-08-20,1586,上場ＴＯＰＩＸ　Ｅｘ−Ｆｉｎ,東ETF,"3,080",+40.0 (+1.32%) ,,,,,,,,,,,,,
2026-08-20,158A,エクセリ,東PRO,--,-- (--%) ,,,,,,,,,,,,,
2026-08-20,1591,ＮＦ　ＪＰＸ日経４００連動型,東ETF,"36,780",+320.0 (+0.88%) ,,,,,,,,,,,,,
2026-08-20,1592,上場ＪＰＸ日経４００,東ETF,"3,371",+38.0 (+1.14%) ,,,,,,,,,,,,,
2026-08-20,1593,ＭＡＸＩＳ　ＪＰＸ日経４００,東ETF,"37,630",+290.0 (+0.78%) ,,,,,,,,,,,,,
2026-08-20,1595,ＮＺＡＭ東証ＲＥＩＴ指数,東ETF,"1,854",+6.0 (+0.32%) ,,,,,,,,,,,,,
2026-08-20,1596,ＮＺＡＭ　ＴＯＰＩＸ　Ｅｘ−Ｆ,東ETF,"3,069",-1.0 (-0.03%) ,,,,,,,,,,,,,
2026-08-20,1597,ＭＡＸＩＳ　Ｊリート上場投信,東ETF,"1,877",+17.0 (+0.91%) ,,,,,,,,,,,,,
2026-08-20,1599,ｉＦ　ＪＰＸ日経４００,東ETF,"37,500",+580.0 (+1.57%) ,,,,,,,,,,,,,
2026-08-20,159A,ＮＦ　ＪＰＸプライム１５０,東ETF,727.5,+2.8 (+0.39%) ,,,,,,,,,,,,,
2026-08-20,1605,ＩＮＰＥＸ,東P,"3,869",+9.0 (+0.23%) ,0.95,11.70,8.2,68.88,-9.65,61.37,(連),2.58,392.10,0.53,1.26,33.89,-1.10
2026-08-20,160A,アズパートナーズ,東S,"2,027",+50.0 (+2.53%) ,1.41,6.13,25.4,0.00,19.70,21.21,(単),3.45,368.00,0.49,5.88,5.88,24.34
2026-08-20,1615,ＮＦ銀行業指数投信,東ETF,729.5,-3.7 (-0.50%) ,,,,,,,,,,,,,
2026-08-20,1617,ＮＦ食品ＴＰＸ１７,東ETF,"48,830",+390.0 (+0.81%) ,,,,,,,,,,,,,
2026-08-20,1618,ＮＦエネルギー資源ＴＰＸ１７,東ETF,"34,670",+310.0 (+0.90%) ,,,,,,,,,,,,,
2026-08-20,1619,ＮＦ建設・資材ＴＰＸ１７,東ETF,"45,100",+970.0 (+2.20%) ,,,,,,,,,,,,,
2026-08-20,161A,三葉,東PRO,--,-- (--%) ,7.87,58.84,14.2,0.00,-62.34,11.09,(連),0.00,,,,,
2026-08-20,1620,ＮＦ素材・化学ＴＰＸ１７,東ETF,"37,210",+660.0 (+1.81%) ,,,,,,,,,,,,,
2026-08-20,1621,ＮＦ医薬品ＴＰＸ１７,東ETF,"31,300",+790.0 (+2.59%) ,,,,,,,,,,,,,
2026-08-20,1622,ＮＦ自動車・輸送機ＴＰＸ１７,東ETF,"35,590","+1,690.0 (+4.99%) ",,,,,,,,,,,,,
2026-08-20,1623,ＮＦ鉄鋼・非鉄ＴＰＸ１７,東ETF,"65,400",+990.0 (+1.54%) ,,,,,,,,,,,,,
2026-08-20,1624,ＮＦ機械ＴＰＸ１７,東ETF,"86,870","+2,170.0 (+2.56%) ",,,,,,,,,,,,,
2026-08-20,1625,ＮＦ電機・精密ＴＰＸ１７,東ETF,"64,080",+370.0 (+0.58%) ,,,,,,,,,,,,,
2026-08-20,1626,ＮＦ情報通信サービスＴＰＸ１７,東ETF,"47,850","+1,220.0 (+2.62%) ",,,,,,,,,,,,,
2026-08-20,1627,ＮＦ電力・ガスＴＰＸ１７,東ETF,"11,805",+380.0 (+3.33%) ,,,,,,,,,,,,,
2026-08-20,1628,ＮＦ運輸・物流ＴＰＸ１７,東ETF,"21,760",+65.0 (+0.30%) ,,,,,,,,,,,,,
2026-08-20,1629,ＮＦ商社・卸売ＴＰＸ１７,東ETF,261.2,+2.3 (+0.89%) ,,,,,,,,,,,,,
2026-08-20,162A,ＡＩセレクトメガトレンドＥＴＮ,東ETF,"17,040",+120.0 (+0.71%) ,,,,,,,,,,,,,
2026-08-20,1630,ＮＦ小売ＴＰＸ１７,東ETF,"38,440",+660.0 (+1.75%) ,,,,,,,,,,,,,
2026-08-20,1631,ＮＦ銀行ＴＰＸ１７,東ETF,"39,400",-340.0 (-0.86%) ,,,,,,,,,,,,,
2026-08-20,1632,ＮＦ金融（除く銀行）ＴＰＸ１７,東ETF,"41,130",+220.0 (+0.54%) ,,,,,,,,,,,,,
2026-08-20,1633,ＮＦ不動産ＴＰＸ１７,東ETF,"49,150","+1,050.0 (+2.18%) ",,,,,,,,,,,,,
2026-08-20,163A,半導体フォーカス日本株ＥＴＮ,東ETF,"19,330",+145.0 (+0.76%) ,,,,,,,,,,,,,
2026-08-20,164A,アップルパーク,東PRO,--,-- (--%) ,,,,,,,,,,,,,
2026-08-20,1651,ｉＦ　ＴＯＰＩＸ高配当４０,東ETF,"3,213",+52.0 (+1.65%) ,,,,,,,,,,,,,
2026-08-20,1652,ｉＦ　ＭＳＣＩ日本株女性活躍,東ETF,"4,920",+2.0 (+0.04%) ,,,,,,,,,,,,,
2026-08-20,1653,ｉＦ　ＭＳＣＩＥＳＧセレクト,東ETF,"5,110",+61.0 (+1.21%) ,,,,,,,,,,,,,
2026-08-20,1654,ｉＦ　ＦＴＳＥＪＰＸブロッサム,東ETF,--,-- (--%) ,,,,,,,,,,,,,
2026-08-20,1655,ｉＳ　Ｓ＆Ｐ５００米国株,東ETF,880.9,+0.4 (+0.05%) ,,,,,,,,,,,,,
2026-08-20,1656,ｉＳコア米国債７―１０年,東ETF,310.1,-0.5 (-0.16%) ,,,,,,,,,,,,,
2026-08-20,1657,ｉＳコアＭＳＣＩ先進国株,東ETF,"7,355",+8.0 (+0.11%) ,,,,,,,,,,,,,
2026-08-20,1658,ｉＳコアＭＳＣＩ新興国株,東ETF,"4,315",+50.0 (+1.17%) ,,,,,,,,,,,,,
2026-08-20,1659,ｉＳ米国リート,東ETF,"3,932",-5.0 (-0.13%) ,,,,,,,,,,,,,
2026-08-20,1660,ＭＸＳ高利回りＪリート,東ETF,"10,555",+25.0 (+0.24%) ,,,,,,,,,,,,,
2026-08-20,1662,石油資源開発,東P,"1,844",+10.0 (+0.55%) ,0.75,8.83,9.2,27.09,-4.15,72.76,(連),3.52,286.65,0.17,-8.03,104.91,-0.18
2026-08-20,1663,Ｋ＆Ｏエナジーグループ,東P,"1,928",+18.0 (+0.94%) ,0.98,12.28,8.3,0.00,19.01,82.43,(連),1.40,,,,,
2026-08-20,166A,タスキＨＬＤＧ,東P,"1,157",+16.0 (+1.40%) ,2.23,12.72,18.5,0.00,119.33,38.35,(連),3.11,,,,,
2026-08-20,1671,ＷＴＩ原油価格連動型上場投信,東ETF,"5,347",-10.0 (-0.19%) ,,,,,,,,,,,,,
2026-08-20,1672,ＷＴ　金,東ETF,"66,160","+2,090.0 (+3.26%) ",,,,,,,,,,,,,
2026-08-20,1673,ＷＴ　銀,東ETF,"9,640",+550.0 (+6.05%) ,,,,,,,,,,,,,
2026-08-20,1674,ＷＴ　白金,東ETF,"25,920","+1,240.0 (+5.02%) ",,,,,,,,,,,,,
2026-08-20,1675,ＷＴ　パラジウム,東ETF,"19,185",+665.0 (+3.59%) ,,,,,,,,,,,,,
2026-08-20,1676,ＷＴ　貴金属バスケット,東ETF,"44,110","+2,100.0 (+5.00%) ",,,,,,,,,,,,,
2026-08-20,1677,上場インデックスファンド外債,東ETF,"59,850",+10.0 (+0.02%) ,,,,,,,,,,,,,
2026-08-20,1678,ＮＦインドＮＩＦＴＹ５０,東ETF,309.9,+2.6 (+0.85%) ,,,,,,,,,,,,,
2026-08-20,1679,ＮＹダウ・インデックス上場投信,東ETF,--,-- (--%) ,,,,,,,,,,,,,
2026-08-20,167A,リョーサン菱洋ＨＬＤＧ,東P,"3,090",+25.0 (+0.82%) ,0.91,16.65,5.5,44.92,25.19,54.57,(連),4.53,,,,,
2026-08-20,1680,上場ＭＳＣＩ―ＫＯＫＵＳＡＩ,東ETF,"8,405",-14.0 (-0.17%) ,,,,,,,,,,,,,
2026-08-20,1681,上場ＭＳＣＩ　エマージング,東ETF,"3,370",+41.0 (+1.23%) ,,,,,,,,,,,,,
2026-08-20,1684,ＷＴ　ブロード,東ETF,"2,639",+59.0 (+2.29%) ,,,,,,,,,,,,,
2026-08-20,1685,ＷＴ　エネルギー,東ETF,840,-9.5 (-1.12%) ,,,,,,,,,,,,,
2026-08-20,1686,ＷＴ　産業用金属,東ETF,"3,068",+5.0 (+0.16%) ,,,,,,,,,,,,,
2026-08-20,1687,ＷＴ　農産物,東ETF,"1,079",-11.0 (-1.01%) ,,,,,,,,,,,,,
2026-08-20,1688,ＷＴ　穀物,東ETF,599.3,+7.0 (+1.18%) ,,,,,,,,,,,,,
2026-08-20,1689,ＷＴ　天然ガス,東ETF,721,-7.0 (-0.96%) ,,,,,,,,,,,,,
2026-08-20,168A,イタミアート,東G,"1,070",0.0 (0.00%) ,,,,,,,,,,,,,
2026-08-20,1690,ＷＴ　ＷＴＩ　原油,東ETF,"2,445",+11.5 (+0.47%) ,,,,,,,,,,,,,
2026-08-20,1691,ＷＴ　ガソリン,東ETF,"14,845",-355.0 (-2.34%) ,,,,,,,,,,,,,
2026-08-20,1692,ＷＴ　アルミニウム,東ETF,692,+10.0 (+1.47%) ,,,,,,,,,,,,,
2026-08-20,1693,ＷＴ　銅,東ETF,"8,859",-23.0 (-0.26%) ,,,,,,,,,,,,,
2026-08-20,1694,ＷＴ　ニッケル,東ETF,"2,384",0.0 (0.00%) ,,,,,,,,,,,,,
2026-08-20,1695,ＷＴ　小麦,東ETF,"3,487",+64.0 (+1.87%) ,,,,,,,,,,,,,
2026-08-20,1696,ＷＴ　とうもろこし,東ETF,"3,077",+57.0 (+1.89%) ,,,,,,,,,,,,,
2026-08-20,1697,ＷＴ　大豆,東ETF,"4,740",+69.0 (+1.48%) ,,,,,,,,,,,,,
2026-08-20,1698,上場東証配当フォーカス１００,東ETF,"4,339",+24.0 (+0.56%) ,,,,,,,,,,,,,
2026-08-20,1699,ＮＦ原油インデックス連動型上場,東ETF,642.2,-7.8 (-1.20%) ,,,,,,,,,,,,,
2026-08-20,170A,ＳＭＴ日本好配当株アクティブ,東ETF,"3,030",+12.0 (+0.40%) ,,,,,,,,,,,,,
2026-08-20,1711,ＳＤＳＨＬＤＧ,東S,243,+3.0 (+1.25%) ,,,,,,,,,,,,,
2026-08-20,1716,第一カッター興業,東S,"1,444",+6.0 (+0.42%) ,,,,,,,,,,,,,
2026-08-20,1717,明豊ファシリティワークス,東S,956,0.0 (0.00%) ,,,,,,,,,85.00,1.77,-6.67,-6.67,6.63
2026-08-20,1718,美樹工業,東S,"6,790",+60.0 (+0.89%) ,0.43,4.72,9.5,0.00,121.65,44.3,(連),5.15,,,,,
2026-08-20,1719,安藤・間,東P,"1,886",+25.0 (+1.34%) ,1.42,9.94,15.7,6.48,-2.34,50.6,(連),4.24,161.95,-0.80,3.07,17.89,5.59
2026-08-20,171A,ゼロジャパン,東PRO,--,-- (--%) ,2.61,18.03,14.4,0.00,-33.09,17.19,(連),0.00,,,,,
2026-08-20,1720,東急建設,東P,"1,148",+30.0 (+2.68%) ,1.09,9.10,12.6,0.00,80.93,35.85,(連),3.48,125.60,-19.88,1.31,44.40,10.05
2026-08-20,1721,コムシスＨＬＤＧ,東P,"5,257",+65.0 (+1.25%) ,1.52,16.87,9.4,0.00,11.82,70.69,(連),2.47,333.85,2.21,1.42,15.79,4.65
2026-08-20,1723,日本電技,東S,"2,060",+57.0 (+2.85%) ,2.8,15.55,19.6,0.00,30.29,76.69,(連),1.94,,,,,
2026-08-20,1724,シンクレイヤ,東S,706,-3.0 (-0.42%) ,0.52,13.56,3.9,0.00,-49.12,63.22,(連),3.97,,,,,
2026-08-20,172A,ネオホーム,東PRO,--,-- (--%) ,1.64,43.93,3.8,0.00,-38.46,18.39,(単),0.00,,,,,
2026-08-20,1736,オーテック,東S,"2,358",+1.0 (+0.04%) ,1.38,10.07,14.8,0.00,26.91,67.48,(連),3.48,,,,,
2026-08-20,1738,ＮＩＴＴＯＨ,名M,577,0.0 (0.00%) ,,,,,,,,,,,,,
2026-08-20,173A,ハンモック,東G,"1,541",-9.0 (-0.58%) ,2.02,9.46,23.1,0.00,4.71,45.14,(単),2.60,,,,,
2026-08-20,1758,太洋基礎工業,東S,"2,430",+30.0 (+1.25%) ,0.51,10.47,5.0,0.00,152.46,76.31,(単),2.47,,,,,
2026-08-20,175A,Ｗｉｌｌ　Ｓｍａｒｔ,東G,621,+8.0 (+1.31%) ,,,,,,,,,,,,,
2026-08-20,1762,高松コンストラクショングループ,東P,"3,950",+40.0 (+1.02%) ,0.94,12.04,8.0,0.00,64.91,46.66,(連),3.29,366.20,0.93,6.22,30.57,6.61
2026-08-20,1764,工藤建設,東S,"2,706",-34.0 (-1.24%) ,,,,,,,,,,,,,
2026-08-20,1766,東建コーポレーション,東P,"13,430",+170.0 (+1.28%) ,1.28,10.85,12.9,0.00,2.99,53.95,(連),2.68,"1,531.40",0.37,2.04,2.04,5.75
2026-08-20,1768,ソネック,東S,"1,020",+4.0 (+0.39%) ,,,,,,,,,,,,,
2026-08-20,1770,藤田エンジニアリング,東S,"2,095",-30.0 (-1.41%) ,,,,,,,,,,,,,
2026-08-20,1773,ワイ・ティー・エル,東P,94,+7.0 (+8.05%) ,,,,,,,,,,,,,
2026-08-20,1777,川崎設備工業,名M,"2,344",+15.0 (+0.64%) ,1.71,7.61,24.8,0.00,82.44,62.08,(単),4.05,,,,,
2026-08-20,177A,コージンバイオ,東G,856,+6.0 (+0.71%) ,0.74,17.43,4.3,19.75,-68.08,66.76,(連),1.17,,,,,
2026-08-20,1780,ヤマウラ,東P,"1,473",+6.0 (+0.41%) ,1.06,8.81,12.8,0.00,15.07,72.71,(連),2.04,,,,,
2026-08-20,1783,ｆａｎｔａｓｉｓｔａ,東S,49,+1.0 (+2.08%) ,,,,,,,,,,,,,
2026-08-20,1786,オリエンタル白石,東P,358,+3.0 (+0.85%) ,0.87,13.67,6.5,0.00,-0.31,64.19,(連),4.05,26.10,-44.89,-8.62,-13.11,7.79
2026-08-20,1787,ナカボーテック,東S,--,-- (--%) ,,,,,,,,,,,,,
2026-08-20,1788,三東工業社,東S,"4,310",+15.0 (+0.35%) ,,,,,,,,,,,,,
2026-08-20,178A,ＧＸ　革新的優良企業,東ETF,"1,675",+10.0 (+0.60%) ,,,,,,,,,,,,,
2026-08-20,1793,大本組,東S,"2,021",+4.0 (+0.20%) ,,,,,,,,,,,,,
2026-08-20,1795,マサル,東S,"5,580",-100.0 (-1.76%) ,0.94,12.24,7.9,0.00,56.29,59.92,(連),2.87,,,,,
2026-08-20,1798,守谷商会,東S,"1,009",+2.0 (+0.20%) ,,,,,,,,,,,,,
2026-08-20,1799,第一建設工業,東S,"3,275",+70.0 (+2.18%) ,,,,,,,,,,,,,
2026-08-20,179A,ＧＸ　超長期米国債　有,東ETF,244.8,+3.1 (+1.28%) ,,,,,,,,,,,,,
2026-08-20,1801,大成建設,東P,"12,555",+360.0 (+2.95%) ,2.16,12.24,18.7,0.00,45.55,34.93,(連),2.47,992.30,-3.90,-3.09,38.57,6.00
2026-08-20,1802,大林組,東P,"2,977",+75.0 (+2.58%) ,1.63,11.94,14.4,32.86,33.13,40.03,(連),2.96,230.80,-1.73,-0.65,27.91,5.30
2026-08-20,1803,清水建設,東P,"2,342",+52.0 (+2.27%) ,1.63,12.55,13.8,0.00,70.69,36.84,(連),3.07,218.43,0.63,3.13,63.53,8.58
2026-08-20,1807,佐藤渡辺,東S,--,-- (--%) ,,,,,,,,,,,,,
2026-08-20,1808,長谷工コーポレーション,東P,"2,798",+31.5 (+1.14%) ,1.32,13.68,10.0,0.00,12.76,39.69,(連),3.40,256.26,0.43,0.21,12.86,8.21
2026-08-20,180A,ＧＸ　 超長期米国債,東ETF,285.5,+2.3 (+0.81%) ,,,,,,,,,,,,,
2026-08-20,1810,松井建設,東S,"1,486",+40.0 (+2.77%) ,0.74,9.78,8.1,0.00,62.14,65.07,(連),5.25,,,,,
2026-08-20,1811,錢高組,東S,"7,940",-60.0 (-0.75%) ,0.49,13.37,4.0,0.00,25.79,53.0,(連),1.51,,,,,
2026-08-20,1812,鹿島建設,東P,"4,841",+139.0 (+2.96%) ,1.59,12.75,13.3,35.70,49.64,39.04,(連),3.02,397.14,2.67,-1.10,17.55,0.74
2026-08-20,1813,不動テトラ,東P,"2,833",+76.0 (+2.76%) ,,,,,,,,,,,,,
2026-08-20,1814,大末建設,東P,"3,595",+65.0 (+1.84%) ,,,,,,,,,,,,,
2026-08-20,1815,鉄建建設,東P,"4,340",+100.0 (+2.36%) ,0.77,12.02,6.8,2.43,94.08,30.64,(連),3.92,,,,,
2026-08-20,181A,ＭＸＳ米国国債１−３ヘッジなし,東ETF,530.1,-3.1 (-0.58%) ,,,,,,,,,,,,,
2026-08-20,1820,西松建設,東P,"5,482",+83.0 (+1.54%) ,1.11,8.99,13.1,8.09,35.40,28.41,(連),4.20,516.48,-0.70,0.86,-2.27,8.53
2026-08-20,1822,大豊建設,東S,810,+9.0 (+1.12%) ,0.95,15.69,6.2,0.00,40.89,48.4,(連),4.20,,,,,
2026-08-20,1826,佐田建設,東S,"1,081",-3.0 (-0.28%) ,1.15,15.10,7.2,0.00,77.38,44.77,(連),5.55,,,,,
2026-08-20,1827,ナカノフドー建設,東S,"1,292",-34.0 (-2.56%) ,0.89,10.13,9.5,44.22,61.01,49.36,(連),2.94,,,,,
2026-08-20,1828,田辺工業,東S,"2,306",+21.0 (+0.92%) ,0.87,7.01,13.0,0.00,23.12,59.29,(連),4.34,,,,,
2026-08-20,182A,ＭＸＳ米国国債２０年超ヘッジ無,東ETF,489.3,+4.9 (+1.01%) ,,,,,,,,,,,,,
2026-08-20,1833,奥村組,東P,"5,670",+60.0 (+1.07%) ,1.03,11.08,9.8,0.00,183.59,44.66,(連),5.24,,,,,
2026-08-20,1835,東鉄工業,東P,"3,970",+60.0 (+1.53%) ,,,,,,,,,394.90,1.71,1.31,6.91,2.42
2026-08-20,183A,ＭＸＳ米国国債２０年超ヘッジ有,東ETF,431.4,+6.8 (+1.60%) ,,,,,,,,,,,,,
2026-08-20,1840,土屋ＨＬＤＧ,東S,249,-1.0 (-0.40%) ,,,,,,,,,,,,,
2026-08-20,1844,大盛工業,東S,480,+7.0 (+1.48%) ,1.51,17.27,9.1,0.00,27.56,48.77,(連),2.40,,,,,
2026-08-20,1847,イチケン,東S,"3,335",+5.0 (+0.15%) ,,,,,,,,,,,,,
2026-08-20,1848,富士ピー・エス,東S,698,-2.0 (-0.29%) ,,,,,,,,,,,,,
2026-08-20,184A,学びエイド,東G,319,+6.0 (+1.92%) ,,,,,,,,,,,,,
2026-08-20,1850,南海辰村建設,東S,417,+14.0 (+3.47%) ,0.61,5.74,11.3,0.00,19.60,56.17,(連),1.92,,,,,
2026-08-20,1852,淺沼組,東P,940,+27.0 (+2.96%) ,1.53,14.63,10.9,0.00,7.69,42.11,(連),4.79,,,,,
2026-08-20,1853,森組,東S,331,0.0 (0.00%) ,0.7,11.70,6.1,0.00,25.62,61.49,(単),4.23,,,,,
2026-08-20,185A,リサイクルテック・ジャパン,東PRO,--,-- (--%) ,,,,,,,,,,,,,
2026-08-20,1860,戸田建設,東P,"1,489.5",+23.0 (+1.57%) ,1.13,12.08,10.1,0.00,51.21,39.14,(連),3.89,123.51,89.07,4.27,31.04,12.04
2026-08-20,1861,熊谷組,東P,"1,286",+30.0 (+2.39%) ,1.16,11.00,10.9,0.00,87.70,41.85,(連),3.65,131.47,0.79,0.84,9.27,0.90
2026-08-20,1866,北野建設,東S,"1,169",+18.0 (+1.56%) ,0.55,8.14,7.1,0.00,23.00,64.2,(連),2.57,,,,,
2026-08-20,1867,植木組,東S,"2,741",+70.0 (+2.62%) ,0.57,7.48,7.9,0.00,29.29,56.33,(連),4.38,,,,,
2026-08-20,1869,名工建設,名M,"1,903",+1.0 (+0.05%) ,0.56,8.05,7.5,0.00,17.49,65.41,(連),3.05,,,,,
2026-08-20,186A,アストロスケールＨＬＤＧ,東G,"1,243",+17.0 (+1.39%) ,,,,,,,,,,,,,
2026-08-20,1870,矢作建設工業,東P,"2,107",+23.0 (+1.10%) ,,,,,,,,,201.50,4.30,-18.66,-18.66,4.96
2026-08-20,1871,ピーエス・コンストラクション,東P,"2,339",+52.0 (+2.27%) ,1.67,11.73,15.1,0.00,3.80,45.97,(連),5.13,,,,,
2026-08-20,1873,日本ハウスＨＬＤＧ,東P,323,+3.0 (+0.94%) ,0.57,9.64,6.0,0.00,4.62,51.37,(連),3.72,,,,,
2026-08-20,1878,大東建託,東P,"3,278",+47.0 (+1.45%) ,2.15,10.96,20.5,0.00,7.50,36.53,(連),4.59,332.04,0.89,-0.76,5.35,5.72
2026-08-20,1879,新日本建設,東P,"2,292",+27.0 (+1.19%) ,1.0,8.81,11.9,0.00,13.08,72.61,(連),2.92,,,,,
2026-08-20,1882,東亜道路工業,東P,"1,620",+24.0 (+1.50%) ,1.4,21.82,6.3,0.00,15.19,60.61,(連),5.56,,,,,
2026-08-20,1885,東亜建設工業,東P,"2,054",+65.0 (+3.27%) ,1.36,8.27,17.4,25.74,22.55,38.15,(連),4.87,217.75,-0.76,2.09,9.42,2.79
2026-08-20,1887,日本国土開発,東P,545,+9.0 (+1.68%) ,,,,,,,,,,,,,
2026-08-20,1888,若築建設,東P,"3,785",+75.0 (+2.02%) ,,,,,,,,,,,,,
2026-08-20,188A,ＧＸ　インド・トップ１０＋,東ETF,875,-2.0 (-0.23%) ,,,,,,,,,,,,,
2026-08-20,1892,徳倉建設,名M,--,-- (--%) ,0.72,7.18,10.7,6.28,88.34,42.7,(連),2.56,,,,,
2026-08-20,1893,五洋建設,東P,"1,428",+61.0 (+4.46%) ,1.97,11.37,18.7,23.02,182.37,25.08,(連),3.36,133.78,1.63,0.31,47.70,5.56
2026-08-20,1897,金下建設,東S,"3,255",0.0 (0.00%) ,,,,,,,,,,,,,
2026-08-20,1898,世紀東急工業,東P,"1,502",+17.0 (+1.14%) ,,,,,,,,,,,,,
2026-08-20,1899,福田組,東P,"4,770",+90.0 (+1.92%) ,0.88,14.24,6.4,0.00,2.14,60.89,(連),2.73,,,,,
2026-08-20,189A,Ｄ＆Ｍカンパニー,東G,983,+3.0 (+0.31%) ,,,,,,,,,,,,,
2026-08-20,1904,大成温調,東S,"5,110",+30.0 (+0.59%) ,1.03,8.91,12.2,22.99,31.98,59.22,(連),3.50,,,,,
2026-08-20,1905,テノックス,東S,"1,460",-1.0 (-0.07%) ,0.71,10.34,7.1,0.00,14.35,63.74,(連),4.14,,,,,
2026-08-20,1909,日本ドライケミカル,東S,"3,700",0.0 (0.00%) ,,,,,,,,,221.90,0.98,0.00,26.13,8.38
2026-08-20,190A,Ｃｈｏｒｄｉａ　Ｔｈｅｒａｐｅ,東G,82,+2.0 (+2.50%) ,,,,,,,,,,,,,
2026-08-20,1911,住友林業,東P,"1,342",+39.5 (+3.03%) ,0.82,7.71,11.1,63.36,-11.65,39.03,(連),3.95,127.40,-0.39,-0.92,-33.43,17.98
2026-08-20,1914,日本基礎技術,東S,749,+24.0 (+3.31%) ,0.55,8.35,7.0,23.83,8.84,64.12,(連),4.01,,,,,
2026-08-20,1921,巴コーポレーション,東S,"1,874",+26.0 (+1.41%) ,0.87,11.02,9.2,0.00,16.22,59.75,(連),1.92,,,,,
2026-08-20,1925,大和ハウス工業,東P,"4,651",+79.0 (+1.73%) ,0.99,8.21,12.7,18.35,10.85,34.43,(連),3.76,398.83,-0.39,0.60,-13.75,4.54
2026-08-20,1926,ライト工業,東P,"3,755",+15.0 (+0.40%) ,1.75,13.02,14.0,11.52,34.50,71.47,(連),3.86,293.26,7.77,0.56,18.81,7.00
2026-08-20,1928,積水ハウス,東P,"3,437",+63.0 (+1.87%) ,1.04,9.60,11.3,30.75,8.68,42.73,(連),4.19,338.36,-1.85,-0.02,-13.57,3.01
2026-08-20,1929,日特建設,東P,"1,172",+16.0 (+1.38%) ,1.3,11.75,11.6,0.00,60.33,60.41,(連),4.18,88.60,-1.18,-9.84,1.85,10.11
2026-08-20,192A,インテグループ,東G,"1,232",+11.0 (+0.90%) ,,,,,,,,,,,,,
2026-08-20,1930,北陸電気工事,東P,"1,530",+34.0 (+2.27%) ,0.91,10.95,8.6,0.00,18.22,74.34,(連),3.14,,,,,
2026-08-20,1934,ユアテック,東P,"2,466",+47.0 (+1.94%) ,,,,,,,,,214.00,0.27,-6.61,-4.24,3.02
2026-08-20,1938,日本リーテック,東P,"2,460",+54.0 (+2.24%) ,0.88,10.98,8.3,0.00,31.27,68.36,(連),3.33,,,,,
2026-08-20,1939,四電工,東P,"2,113",+61.0 (+2.97%) ,1.41,13.33,11.0,0.00,9.27,68.44,(連),3.64,,,,,
2026-08-20,1941,中電工,東P,"5,140",+120.0 (+2.39%) ,1.11,15.03,7.9,0.00,17.24,76.85,(連),2.63,,,,,
2026-08-20,1942,関電工,東P,"5,407",+119.0 (+2.25%) ,2.76,17.34,16.8,0.00,42.83,61.4,(連),2.29,356.50,1.06,-0.51,34.84,8.45
2026-08-20,1944,きんでん,東P,"6,700",+130.0 (+1.98%) ,2.01,19.11,11.0,0.00,46.40,72.38,(連),1.94,426.05,0.73,0.27,30.82,7.75
2026-08-20,1945,東京エネシス,東P,"2,039",+34.0 (+1.70%) ,,,,,,,,,,,,,
2026-08-20,1946,トーエネック,東P,"2,120",+72.0 (+3.52%) ,1.29,11.05,12.3,0.00,47.39,49.07,(連),3.58,,,,,
2026-08-20,1948,弘電社,東S,"11,410",0.0 (0.00%) ,,,,,,,,,,,,,
2026-08-20,194A,ＷＯＬＶＥＳ　ＨＡＮＤ,東G,"1,968",-1.0 (-0.05%) ,,,,,,,,,,,,,
2026-08-20,1950,日本電設工業,東P,"3,870",+110.0 (+2.93%) ,,,,,,,,,326.36,2.15,0.94,37.50,6.13
2026-08-20,1951,エクシオグループ,東P,"2,548",+6.5 (+0.26%) ,1.52,16.86,9.4,0.00,21.18,49.49,(連),2.67,177.33,0.83,-1.16,8.85,5.38
2026-08-20,1952,新日本空調,東P,"3,065",+85.0 (+2.85%) ,1.69,11.45,16.0,0.00,32.61,61.01,(連),3.59,,,,,
2026-08-20,1959,クラフティア,東P,"8,233",+209.0 (+2.60%) ,1.67,14.54,12.2,0.00,30.88,66.45,(連),2.67,620.01,1.40,0.67,17.99,3.15
2026-08-20,195A,ＭＵＳＣＡＴ　ＧＲＯＵＰ,東G,622,+10.0 (+1.63%) ,,,,,,,,,,,,,
2026-08-20,1960,サンテック,東S,"1,681",+28.0 (+1.69%) ,0.77,9.33,8.7,0.00,43.54,55.29,(連),3.87,,,,,
2026-08-20,1961,三機工業,東P,"2,400",+42.0 (+1.78%) ,3.02,15.63,20.8,0.00,26.94,55.27,(連),2.71,168.50,1.46,-8.24,16.61,1.93
2026-08-20,1963,日揮ＨＬＤＧ,東P,"2,271.5",+42.0 (+1.88%) ,1.28,13.13,10.2,74.38,414.03,51.19,(連),2.29,178.78,3.84,-8.23,17.34,-8.27
2026-08-20,1964,中外炉工業,東P,"4,050",+55.0 (+1.38%) ,0.94,6.29,15.7,23.44,3.56,60.84,(連),4.10,,,,,
2026-08-20,1965,テクノ菱和,東S,"6,060",+280.0 (+4.84%) ,1.87,10.62,19.8,0.00,66.01,65.74,(連),2.81,,,,,
2026-08-20,1966,高田工業所,東S,"1,741",+9.0 (+0.52%) ,0.59,10.16,6.0,9.18,-41.19,45.52,(連),4.02,,,,,
2026-08-20,1967,ヤマト,東S,"2,099",+35.0 (+1.70%) ,1.1,10.63,10.9,0.00,15.84,69.18,(連),2.86,,,,,
2026-08-20,1968,太平電業,東P,"2,444",+73.0 (+3.08%) ,,,,,,,,,,,,,
2026-08-20,1969,高砂熱学工業,東P,"4,261",+112.0 (+2.70%) ,2.66,14.91,19.2,21.41,44.82,54.97,(連),2.70,316.25,1.26,-1.06,30.91,8.34
2026-08-20,196A,ＭＦＳ,東G,318,+5.0 (+1.60%) ,,,,,,,,,,,,,
2026-08-20,1972,三晃金属工業,東S,"1,312",+7.0 (+0.54%) ,0.92,9.56,9.7,0.00,-7.15,68.14,(単),5.26,,,,,
2026-08-20,1975,朝日工業社,東P,"3,820",+90.0 (+2.41%) ,1.94,10.67,19.9,0.00,58.68,50.51,(連),3.77,,,,,
2026-08-20,1976,明星工業,東P,"1,786",+21.0 (+1.19%) ,1.19,15.28,8.0,6.21,-26.07,80.61,(連),3.64,,,,,
2026-08-20,1979,大氣社,東P,"3,960",+30.0 (+0.76%) ,1.55,16.15,10.1,50.34,24.34,56.12,(連),2.78,302.70,0.56,-1.29,30.34,5.68
2026-08-20,197A,タウンズ,東S,505,+11.0 (+2.23%) ,,,,,,,,,42.12,-0.62,0.00,-26.74,-2.84
2026-08-20,1980,ダイダン,東P,"2,747",+83.0 (+3.12%) ,2.72,13.25,22.5,0.00,52.35,56.22,(連),3.03,197.30,-2.88,-5.61,37.55,0.90
2026-08-20,1981,協和日成,東S,"1,315",+3.0 (+0.23%) ,0.67,11.19,6.2,0.00,-2.81,66.61,(単),3.80,,,,,
2026-08-20,1982,日比谷総合設備,東P,"2,954",+82.0 (+2.86%) ,1.6,14.75,11.6,0.00,40.89,71.59,(連),2.54,242.30,0.58,8.47,30.61,8.14
2026-08-20,198A,ＰｏｓｔＰｒｉｍｅ,東G,158,+3.0 (+1.94%) ,,,,,,,,,,,,,
2026-08-20,1992,神田通信機,東S,"2,950",0.0 (0.00%) ,1.06,18.09,6.0,0.00,-26.97,64.88,(連),2.78,,,,,
2026-08-20,1994,高橋カーテンウォール工業,東S,581,+18.0 (+3.20%) ,0.43,24.36,1.8,0.00,-72.28,85.49,(連),3.44,,,,,
2026-08-20,1997,暁飯島工業,東S,"4,110",+10.0 (+0.24%) ,1.1,10.43,11.1,0.00,48.15,68.85,(単),2.68,,,,,
2026-08-20,199A,メディエア,東PRO,--,-- (--%) ,4.44,531.50,0.8,0.00,-55.00,34.81,(単),0.53,,,,,
2026-08-20,2001,ニップン,東P,"2,900",+46.0 (+1.61%) ,0.85,11.05,8.3,0.00,1.97,59.21,(連),2.34,252.94,-3.14,-9.33,-18.36,2.36
2026-08-20,2002,日清製粉グループ本社,東P,"2,043.5",+14.0 (+0.69%) ,1.11,18.03,6.5,29.18,4.44,61.06,(連),2.94,143.25,0.54,-10.92,-10.84,1.82
2026-08-20,2003,日東富士製粉,東S,"1,807",+19.0 (+1.06%) ,,,,,,,,,,,,,
2026-08-20,2004,昭和産業,東P,"3,730",+60.0 (+1.63%) ,0.81,11.42,7.5,0.00,6.38,54.29,(連),3.08,,,,,
2026-08-20,2009,鳥越製粉,東S,"1,088",+4.0 (+0.37%) ,0.69,22.38,3.1,0.00,17.99,79.1,(連),4.50,,,,,
2026-08-20,200A,ＮＦ　日経半導体株指数連動型,東ETF,"4,379",+77.0 (+1.79%) ,,,,,,,,,,,,,
2026-08-20,2011,ＳＭＤＡＭ　Ａｃｔｉｖｅ,東ETF,853,+16.7 (+2.00%) ,,,,,,,,,,,,,
2026-08-20,2012,ｉＳ　米国債０−３ヶ月,東ETF,241,-1.0 (-0.41%) ,,,,,,,,,,,,,
2026-08-20,2013,ｉＳ　米国高配当株,東ETF,318.3,+2.9 (+0.92%) ,,,,,,,,,,,,,
2026-08-20,2014,ｉＳ　米国連続増配株,東ETF,323.7,-0.5 (-0.15%) ,,,,,,,,,,,,,
2026-08-20,2015,ｉＦ米国国債７−１０年　無,東ETF,"2,151",-4.0 (-0.19%) ,,,,,,,,,,,,,
2026-08-20,2016,ｉＦ米国国債７−１０年　有,東ETF,"1,774",+3.0 (+0.17%) ,,,,,,,,,,,,,
2026-08-20,2017,ｉＦ　ＪＰＸプライム１５０,東ETF,"1,505",+19.0 (+1.28%) ,,,,,,,,,,,,,
2026-08-20,2018,グローバルＸ　ＵＳ　ＲＥＩＴ,東ETF,"1,301",-1.0 (-0.08%) ,,,,,,,,,,,,,
2026-08-20,2019,グローバルＸ　米国優先証券,東ETF,"1,025",0.0 (0.00%) ,,,,,,,,,,,,,
2026-08-20,201A,ｉＳ　Ｎｉｆｔｙ５０インド株,東ETF,179.8,+2.8 (+1.58%) ,,,,,,,,,,,,,
2026-08-20,2031,ＮＮ香港ハンセン・ブルＥＴＮ,東ETF,"8,133",+123.0 (+1.54%) ,,,,,,,,,,,,,
2026-08-20,2032,ＮＮ香港ハンセン・ベアＥＴＮ,東ETF,"5,903",-155.0 (-2.56%) ,,,,,,,,,,,,,
2026-08-20,2033,ＮＮ韓国ＫＯＳＰＩ・ブルＥＴＮ,東ETF,"76,250","+7,020.0 (+10.14%) ",,,,,,,,,,,,,
2026-08-20,2034,ＮＮ韓国ＫＯＳＰＩ・ベアＥＴＮ,東ETF,"1,914",-102.0 (-5.06%) ,,,,,,,,,,,,,
2026-08-20,2036,ＮＮ金先物ダブルブルＥＴＮ,東ETF,"173,500","+10,300.0 (+6.31%) ",,,,,,,,,,,,,
2026-08-20,2037,ＮＮ金先物ベアＥＴＮ,東ETF,"1,209",-6.0 (-0.49%) ,,,,,,,,,,,,,
2026-08-20,2038,ＮＮドバイ原油先物ブル,東ETF,"2,195",-87.0 (-3.81%) ,,,,,,,,,,,,,
2026-08-20,2039,ＮＮドバイ原油先物ベア,東ETF,526,+10.0 (+1.94%) ,,,,,,,,,,,,,
2026-08-20,203A,シュンビン,東PRO,--,-- (--%) ,1.38,55.36,2.5,0.00,-15.38,33.26,(連),0.31,,,,,
2026-08-20,2040,ＮＮ　ＮＹダウ・ダブル・ブル,東ETF,"39,710",+230.0 (+0.58%) ,,,,,,,,,,,,,
2026-08-20,2041,ＮＮ　ＮＹダウ・ベアＥＴＮ,東ETF,"1,932",-11.0 (-0.57%) ,,,,,,,,,,,,,
2026-08-20,2042,ＮＮ東証グロース２５０ＥＴＮ,東ETF,"8,037",+334.0 (+4.34%) ,,,,,,,,,,,,,
2026-08-20,2043,ＮＮ　ＳＴＯＸＸアセアン５０,東ETF,--,-- (--%) ,,,,,,,,,,,,,
2026-08-20,2044,ＮＮ　Ｓ＆Ｐ５００配当貴族,東ETF,"35,620",-280.0 (-0.78%) ,,,,,,,,,,,,,
2026-08-20,2045,ＮＮ　Ｓ＆Ｐシンガポールリート,東ETF,--,-- (--%) ,,,,,,,,,,,,,
2026-08-20,2046,ＮＮインド・ダブル・ブル,東ETF,"24,660",+45.0 (+0.18%) ,,,,,,,,,,,,,
2026-08-20,2047,ＮＮインドＮｉｆｔｙ・ベア,東ETF,"3,350",-116.0 (-3.35%) ,,,,,,,,,,,,,
2026-08-20,2048,ＮＮ野村日本株高配当７０ＥＴＮ,東ETF,"54,410",-580.0 (-1.05%) ,,,,,,,,,,,,,
2026-08-20,204A,タイヨーパッケージ,東PRO,--,-- (--%) ,0.28,1.50,19.8,0.00,62.38,30.87,(単),20.00,,,,,
2026-08-20,2050,ＮＮニッチトップ中小型ＥＴＮ,東ETF,--,-- (--%) ,,,,,,,,,,,,,
2026-08-20,2053,中部飼料,東P,"2,034",+29.0 (+1.45%) ,,,,,,,,,,,,,
2026-08-20,2055,日和産業,東S,350,-5.0 (-1.41%) ,0.33,16.73,2.0,0.00,25.98,61.78,(連),1.71,,,,,
2026-08-20,205A,ロゴスＨＬＤＧ,東G,"1,681",+6.0 (+0.36%) ,,,,,,,,,,,,,
2026-08-20,2060,フィード・ワン,東P,"1,432",+14.0 (+0.99%) ,0.89,8.59,11.0,0.00,26.85,46.37,(連),3.18,,,,,
2026-08-20,2065,ＮＮ　日本株配当貴族,東ETF,"58,990",0.0 (0.00%) ,,,,,,,,,,,,,
2026-08-20,2066,ＮＮ　東証ＲＥＩＴドルヘッジ,東ETF,--,-- (--%) ,,,,,,,,,,,,,
2026-08-20,2067,ＮＮ野村ＡＩビジネス７０ＥＴＮ,東ETF,--,-- (--%) ,,,,,,,,,,,,,
2026-08-20,2068,ＮＮ高ベータ３０ＥＴＮ,東ETF,--,-- (--%) ,,,,,,,,,,,,,
2026-08-20,2069,ＮＮ低ベータ５０ＥＴＮ,東ETF,--,-- (--%) ,,,,,,,,,,,,,
2026-08-20,206A,ＰＲＩＳＭ　ＢｉｏＬａｂ,東G,169,+6.0 (+3.68%) ,,,,,,,,,,,,,
2026-08-20,2070,ＥＳＧ３０ 女性活躍ＥＴＮ,東ETF,"16,655",+255.0 (+1.55%) ,,,,,,,,,,,,,
2026-08-20,2071,スマート ＥＳＧ３０総合ＥＴＮ,東ETF,"20,395",+285.0 (+1.42%) ,,,,,,,,,,,,,
2026-08-20,2072,トップシェアインデックスＥＴＮ,東ETF,"22,160",+390.0 (+1.79%) ,,,,,,,,,,,,,
2026-08-20,2073,ＥＳＧ３０低カーボンＥＴＮ,東ETF,--,-- (--%) ,,,,,,,,,,,,,
2026-08-20,207A,ライジング,東PRO,--,-- (--%) ,,,,,,,,,,,,,
2026-08-20,2080,ＰＢＲ１倍割れ解消推進ＥＴＦ,東ETF,"2,043",+19.0 (+0.94%) ,,,,,,,,,,,,,
2026-08-20,2081,政策保有解消推進ＥＴＦ,東ETF,"2,137",-26.0 (-1.20%) ,,,,,,,,,,,,,
2026-08-20,2082,投資家経営者一心同体ＥＴＦ,東ETF,"1,265",+15.0 (+1.20%) ,,,,,,,,,,,,,
2026-08-20,2083,ＮＦ　日本成長株アクティブ,東ETF,"3,971",+54.0 (+1.38%) ,,,,,,,,,,,,,
2026-08-20,2084,ＮＦ　日本高配当株アクティブ,東ETF,"3,812",+42.0 (+1.11%) ,,,,,,,,,,,,,
2026-08-20,2085,ＭＸＳ高配当日本株アクティブ,東ETF,787.3,+6.6 (+0.85%) ,,,,,,,,,,,,,
2026-08-20,2086,ＮＺＡＭ　Ｓ＆Ｐ５００有,東ETF,"3,075",+6.0 (+0.20%) ,,,,,,,,,,,,,
2026-08-20,2087,ＮＺＡＭ　ＮＡＳＤＡＱ１００有,東ETF,--,-- (--%) ,,,,,,,,,,,,,
2026-08-20,2088,ＮＺＡＭ　ＮＹダウ３０有,東ETF,--,-- (--%) ,,,,,,,,,,,,,
2026-08-20,2089,ＮＺＡＭ　ＤＡＸ有,東ETF,"2,886",-1.0 (-0.03%) ,,,,,,,,,,,,,
2026-08-20,208A,構造計画研究所ＨＬＤＧ,東S,"3,035",+30.0 (+1.00%) ,,,,,,,,,,,,,
2026-08-20,2090,ＮＺＡＭ　米国国債７−１０年有,東ETF,"4,326",+15.0 (+0.35%) ,,,,,,,,,,,,,
2026-08-20,2091,ＮＺＡＭ　ドイツ国債７−１０年,東ETF,"4,491",0.0 (0.00%) ,,,,,,,,,,,,,
2026-08-20,2092,ＮＺＡＭ　フランス国債７−１０,東ETF,--,-- (--%) ,,,,,,,,,,,,,
2026-08-20,2093,上場　Ｔｒａｃｅｒｓ　米国債無,東ETF,"5,269",-19.0 (-0.36%) ,,,,,,,,,,,,,
2026-08-20,2094,東証ＲＥＩＴインバース,東ETF,778,-3.0 (-0.38%) ,,,,,,,,,,,,,
2026-08-20,2095,グローバルＸ　Ｓ＆Ｐ５００有,東ETF,"1,201",+10.0 (+0.84%) ,,,,,,,,,,,,,
2026-08-20,2096,グローバルＸ　オフィス・Ｊ−Ｒ,東ETF,"1,033",+11.0 (+1.08%) ,,,,,,,,,,,,,
2026-08-20,2097,グローバルＸ　レジデンシャル,東ETF,948,+4.0 (+0.42%) ,,,,,,,,,,,,,
2026-08-20,2098,グローバルＸ　ホテル＆リテール,東ETF,"1,003",+22.0 (+2.24%) ,,,,,,,,,,,,,
2026-08-20,209A,小野谷機工,東PRO,--,-- (--%) ,0.57,7.36,8.0,0.00,7.20,50.24,(連),1.28,,,,,
2026-08-20,2108,日本甜菜製糖,東P,"5,580",+90.0 (+1.64%) ,0.87,13.58,6.7,0.00,-32.56,79.35,(連),2.87,,,,,
2026-08-20,2109,ＤＭ三井製糖,東P,"3,665",+75.0 (+2.09%) ,1.02,28.92,3.5,0.00,-12.73,61.56,(連),3.55,,,,,
2026-08-20,210A,ｉＦ　日経高利回りＲＥＩＴ指数,東ETF,"1,592",+5.0 (+0.32%) ,,,,,,,,,,,,,
2026-08-20,2112,塩水港精糖,東S,463,+5.0 (+1.09%) ,0.62,4.60,14.9,0.00,9.40,64.76,(連),4.32,,,,,
2026-08-20,2114,フジ日本,東S,646,0.0 (0.00%) ,,,,,,,,,,,,,
2026-08-20,2117,ウェルネオシュガー,東P,"2,856",+31.0 (+1.10%) ,1.21,14.43,8.6,0.00,16.56,72.95,(連),4.17,,,,,
2026-08-20,211A,カドス,東S,"3,340",-5.0 (-0.15%) ,0.77,4.98,15.6,0.00,55.91,55.76,(単),4.49,,,,,
2026-08-20,2120,ＬＩＦＵＬＬ,東P,244,+3.0 (+1.24%) ,1.2,5.88,21.2,0.12,153.77,63.6,(連),4.27,,,,,
2026-08-20,2121,ＭＩＸＩ,東P,"3,510",+70.0 (+2.03%) ,1.25,13.46,9.6,0.00,-6.83,64.72,(連),3.42,306.27,0.66,-14.95,-9.36,10.71
2026-08-20,2122,インタースペース,東S,"1,429",+2.0 (+0.14%) ,1.59,43.54,3.7,0.00,-18.57,50.41,(連),2.10,,,,,
2026-08-20,2124,ジェイエイシーリクルートメント,東P,992,+2.0 (+0.20%) ,7.03,18.72,41.5,8.74,28.36,72.33,(連),3.63,62.04,0.94,0.25,-2.33,16.26
2026-08-20,2127,日本Ｍ＆ＡセンターＨＬＤＧ,東P,678,+24.4 (+3.73%) ,4.29,17.23,25.7,0.00,13.22,75.78,(連),4.28,43.16,1.62,-0.12,6.89,10.79
2026-08-20,212A,フィットイージー,東P,"3,095",+125.0 (+4.21%) ,,,,,,,,,,,,,
2026-08-20,2130,メンバーズ,東P,948,+12.0 (+1.28%) ,1.83,9.99,19.5,0.00,247.01,51.99,(連),3.48,109.20,0.58,42.45,41.43,9.55
2026-08-20,2134,北浜キャピタルパートナーズ,東S,21,0.0 (0.00%) ,,,,,,,,,,,,,
2026-08-20,2136,ヒップ,東S,"1,411",+1.0 (+0.07%) ,1.32,12.59,10.7,0.00,2.84,71.49,(単),4.96,,,,,
2026-08-20,2138,クルーズ,東S,460,0.0 (0.00%) ,,,,,,,,,,,,,
2026-08-20,2139,中広,東S,523,0.0 (0.00%) ,1.64,18.89,9.0,0.00,24.53,39.33,(連),2.29,,,,,
2026-08-20,213A,上場インデックスファンド日経,東ETF,405.5,+7.1 (+1.78%) ,,,,,,,,,,,,,
2026-08-20,2146,ＵＴグループ,東P,229,+4.0 (+1.78%) ,4.24,18.51,26.1,0.00,31.00,39.75,(連),5.35,11.98,-6.09,1.41,-6.30,-6.54
2026-08-20,2148,アイティメディア,東P,"1,265",+13.0 (+1.04%) ,2.84,20.62,13.2,0.00,-13.71,82.15,(連),7.91,79.00,0.56,10.95,-6.80,7.72
2026-08-20,2152,幼児活動研究会,東S,"1,540",0.0 (0.00%) ,1.51,14.55,10.8,0.00,14.44,75.95,(単),1.69,,,,,
2026-08-20,2153,Ｅ・Ｊ　ＨＬＤＧ,東P,"1,777",+19.0 (+1.08%) ,,,,,,,,,,,,,
2026-08-20,2154,オープンアップグループ,東P,"2,040",+27.0 (+1.34%) ,,,,,,,,,158.17,0.93,0.13,-0.07,-0.61
2026-08-20,2156,セーラー広告,東S,276,+4.0 (+1.47%) ,,,,,,,,,,,,,
2026-08-20,2157,コシダカＨＬＤＧ,東P,"1,056",+10.0 (+0.96%) ,2.48,16.50,16.1,0.00,6.07,51.17,(連),2.27,78.00,0.62,-14.73,-16.67,13.47
2026-08-20,2158,ＦＲＯＮＴＥＯ,東G,650,+28.0 (+4.50%) ,6.63,46.90,16.4,0.00,24.31,39.73,(連),0.00,21.40,0.56,0.00,6.67,21.47
2026-08-20,215A,タイミー,東G,"1,648",+99.0 (+6.39%) ,10.3,67.96,16.0,0.00,-43.63,42.4,(連),0.00,67.78,0.14,0.81,-38.20,19.21
2026-08-20,2160,ジーエヌアイグループ,東G,"2,949",+146.0 (+5.21%) ,,,,,,,,,15.29,-1.63,-83.11,-81.48,31.10
2026-08-20,2162,ｎｍｓ　ＨＬＤＧ,東S,537,+1.0 (+0.19%) ,2.05,33.42,6.4,65.46,-25.45,13.13,(連),0.56,,,,,
2026-08-20,2163,アルトナー,東P,970,+3.0 (+0.31%) ,3.95,16.38,24.1,0.00,0.11,57.66,(連),4.33,,,,,
2026-08-20,2164,地域新聞社,東S,151,0.0 (0.00%) ,3.19,50.42,8.7,0.00,225.00,28.35,(単),0.00,,,,,
2026-08-20,2168,パソナグループ,東P,"1,658",+31.0 (+1.91%) ,,,,,,,,,,,,,
2026-08-20,2169,ＣＤＳ,東S,"1,720",+6.0 (+0.35%) ,1.32,25.70,5.1,0.00,-53.75,83.88,(連),4.30,,,,,
2026-08-20,2170,リンクアンドモチベーション,東P,691,+4.0 (+0.58%) ,5.64,46.16,13.0,0.00,-22.08,33.15,(連),2.32,32.45,0.18,-6.06,-18.33,11.68
2026-08-20,2173,博展,東G,714,+23.0 (+3.33%) ,2.24,5.82,45.8,0.00,86.89,49.05,(連),4.20,,,,,
2026-08-20,2175,エス・エム・エス,東P,"2,279",+35.0 (+1.56%) ,,,,,,,,,78.90,-0.20,0.89,-16.18,8.07
2026-08-20,2179,成学社,東S,888,+43.0 (+5.09%) ,1.14,8.44,14.3,0.00,27.31,43.68,(連),2.48,,,,,
2026-08-20,217A,サポート,東PRO,--,-- (--%) ,,,,,,,,,,,,,
2026-08-20,2180,サニーサイドアップグループ,東S,"1,307",0.0 (0.00%) ,,,,,,,,,,,,,
2026-08-20,2181,パーソルＨＬＤＧ,東P,290.3,+2.9 (+1.01%) ,,,,,,,,,20.54,2.46,1.65,-0.88,7.62
2026-08-20,2183,リニカル,東S,205,0.0 (0.00%) ,,,,,,,,,,,,,
2026-08-20,2185,シイエム・シイ,東S,"1,904",-6.0 (-0.31%) ,1.14,11.60,10.2,14.19,0.72,79.54,(連),2.73,,,,,
2026-08-20,2186,ソーバル,東S,922,+3.0 (+0.33%) ,1.6,15.76,10.4,0.00,5.43,76.78,(連),3.58,,,,,
2026-08-20,218A,Ｌｉｂｅｒａｗａｒｅ,東G,"1,125",+54.0 (+5.04%) ,,,,,,,,,,,,,
2026-08-20,2193,クックパッド,東S,138,+4.0 (+2.99%) ,0.78,14.45,5.6,0.00,-0.99,91.45,(連),0.00,,,,,
2026-08-20,2195,アミタＨＬＤＧ,東G,348,+6.0 (+1.75%) ,,,,,,,,,,,,,
2026-08-20,2198,アイ・ケイ・ケイＨＬＤＧ,東P,792,+11.0 (+1.41%) ,1.9,11.65,17.3,0.00,-25.15,58.39,(連),3.03,24.30,-0.51,-20.00,-20.00,-0.89
2026-08-20,219A,Ｈｅａｒｔｓｅｅｄ,東G,"2,274",+264.0 (+13.13%) ,7.23,269.43,2.7,99.95,135.21,93.67,(単),0.00,,,,,
2026-08-20,2201,森永製菓,東P,"2,573.5",+22.5 (+0.88%) ,,,,,,,,,195.54,-1.79,-1.07,-7.53,4.95
2026-08-20,2204,中村屋,東S,"3,205",0.0 (0.00%) ,0.64,20.14,3.3,0.00,25.22,57.4,(単),2.34,,,,,
2026-08-20,2206,江崎グリコ,東P,"5,187",+52.0 (+1.01%) ,1.19,65.56,1.8,25.10,-12.76,70.51,(連),1.83,146.28,0.42,-5.63,-16.19,8.08
2026-08-20,2207,ｍｅｉｔｏ,東P,"3,675",+50.0 (+1.38%) ,,,,,,,,,,,,,
2026-08-20,2208,ブルボン,東S,"3,095",+5.0 (+0.16%) ,1.11,12.65,9.2,0.00,5.52,66.27,(連),1.36,,,,,
2026-08-20,2209,井村屋グループ,東P,"2,402",+22.0 (+0.92%) ,1.23,12.86,10.1,0.00,11.49,57.77,(連),1.58,,,,,
2026-08-20,220A,Ｆａｂｅｒ　Ｃｏｍｐａｎｙ,東S,938,+1.0 (+0.11%) ,1.08,9.71,11.8,0.00,22.26,82.68,(連),3.20,,,,,
2026-08-20,2211,不二家,東P,"2,488",+12.0 (+0.48%) ,1.06,31.57,3.4,0.00,15.30,57.01,(連),1.21,,,,,
2026-08-20,2212,山崎製パン,東P,"3,572",+6.0 (+0.17%) ,1.53,17.27,9.4,0.00,14.22,49.35,(連),1.68,218.80,2.81,0.63,5.64,4.40
2026-08-20,2215,第一屋製パン,東S,606,0.0 (0.00%) ,,,,,,,,,,,,,
2026-08-20,2216,カンロ,東S,"1,091",+12.0 (+1.11%) ,,,,,,,,,84.16,2.61,-9.90,14.77,8.19
2026-08-20,2217,モロゾフ,東P,"1,509",+8.0 (+0.53%) ,1.52,47.38,3.3,0.00,-38.70,70.56,(連),1.06,,,,,
2026-08-20,221A,ＭＸＳ日経半導体株上場投信,東ETF,"1,136.5",+13.0 (+1.16%) ,,,,,,,,,,,,,
2026-08-20,2220,亀田製菓,東P,"1,338",+6.0 (+0.45%) ,0.82,3.43,27.6,35.31,8.46,54.68,(連),1.64,71.10,-0.23,23.59,23.44,17.72
2026-08-20,2221,岩塚製菓,東S,"3,045",-25.0 (-0.81%) ,0.45,15.41,2.9,0.00,-27.35,75.06,(連),1.05,,,,,
2026-08-20,2222,寿スピリッツ,東P,"2,702.5",+1.0 (+0.04%) ,8.71,33.23,28.5,0.00,5.92,79.7,(連),1.30,95.79,1.59,1.27,-2.62,9.28
2026-08-20,2224,コモ,東S,"3,725",+5.0 (+0.13%) ,6.05,168.25,3.7,0.00,64.79,45.18,(連),0.19,,,,,
2026-08-20,2226,湖池屋,東S,"4,835",-15.0 (-0.31%) ,2.42,19.88,12.9,"93,300.00",-6.07,44.95,(連),1.14,,,,,
2026-08-20,2229,カルビー,東P,"3,064",+27.0 (+0.89%) ,1.77,21.89,8.3,26.05,-9.22,64.28,(連),2.15,145.97,4.90,0.74,-13.99,6.35
2026-08-20,2235,上場インデックスファンド米国無,東ETF,"3,675",+10.0 (+0.27%) ,,,,,,,,,,,,,
2026-08-20,2236,ＧＸ　Ｓ＆Ｐ５００　配当貴族,東ETF,"1,517",+7.0 (+0.46%) ,,,,,,,,,,,,,
2026-08-20,2237,ダイワ　Ｓ＆Ｐ５００　２ＬＥＶ,東ETF,"2,486",+23.0 (+0.93%) ,,,,,,,,,,,,,
2026-08-20,2238,ダイワ　Ｓ＆Ｐ５００　インバ,東ETF,"5,216",-21.0 (-0.40%) ,,,,,,,,,,,,,
2026-08-20,2239,上場　Ｓ＆Ｐ５００　先物レバ２,東ETF,"27,035",+215.0 (+0.80%) ,,,,,,,,,,,,,
2026-08-20,223A,ＧＸ　ＡＩ＆ビッグデータ,東ETF,"1,797",+24.0 (+1.35%) ,,,,,,,,,,,,,
2026-08-20,2240,上場　Ｓ＆Ｐ５００　先物インバ,東ETF,"5,266",-20.0 (-0.38%) ,,,,,,,,,,,,,
2026-08-20,2241,ＭＡＸＩＳ　ＮＹダウ上場投信,東ETF,942,-0.4 (-0.04%) ,,,,,,,,,,,,,
2026-08-20,2242,ＭＸＳ　ＮＹダウ為替ヘッジあり,東ETF,686.8,+2.8 (+0.41%) ,,,,,,,,,,,,,
2026-08-20,2243,グローバルＸ　半導体,東ETF,"4,470",+10.0 (+0.22%) ,,,,,,,,,,,,,
2026-08-20,2244,ＧＸ　ＵＳテック・トップ２０,東ETF,"3,580",+31.0 (+0.87%) ,,,,,,,,,,,,,
2026-08-20,2245,ＮＦ　ドイツ国債７−１０年あり,東ETF,--,-- (--%) ,,,,,,,,,,,,,
2026-08-20,2247,ダイワ　Ｓ＆Ｐ５００無,東ETF,"2,307",+3.0 (+0.13%) ,,,,,,,,,,,,,
2026-08-20,2248,ダイワ　Ｓ＆Ｐ５００有,東ETF,"2,777",+13.0 (+0.47%) ,,,,,,,,,,,,,
2026-08-20,2249,ダイワ　Ｓ＆Ｐ５００　ダブル,東ETF,"9,298",-72.0 (-0.77%) ,,,,,,,,,,,,,
2026-08-20,224A,ＧＸ　ウラニウムビジネス,東ETF,"1,637",+34.0 (+2.12%) ,,,,,,,,,,,,,
2026-08-20,2250,ｉＳ　ＭＳＣＩ　ジャパン気候,東ETF,365.7,+2.7 (+0.74%) ,,,,,,,,,,,,,
2026-08-20,2251,ＮＯＭ　ＪＰＸ国債先物　ダブル,東ETF,897.9,-5.4 (-0.60%) ,,,,,,,,,,,,,
2026-08-20,2252,グローバルＸ　米国中小型,東ETF,"1,488",+12.0 (+0.81%) ,,,,,,,,,,,,,
2026-08-20,2253,グローバルＸ　ＳＵＰＥＲＤＩＶ,東ETF,"1,350",+5.0 (+0.37%) ,,,,,,,,,,,,,
2026-08-20,2254,グローバルＸ　ＣＮ　ＥＶ＆ＢＡ,東ETF,"1,090",-4.0 (-0.37%) ,,,,,,,,,,,,,
2026-08-20,2255,ｉＳ　米国債２０年超　ＥＴＦ,東ETF,201.3,+1.6 (+0.80%) ,,,,,,,,,,,,,
2026-08-20,2256,ｉＳ　米国総合債券　ＥＴＦ,東ETF,221.5,+0.2 (+0.09%) ,,,,,,,,,,,,,
2026-08-20,2257,ｉＳ　米ドル建て投資適格社債,東ETF,222.4,+0.4 (+0.18%) ,,,,,,,,,,,,,
2026-08-20,2258,ｉＳ　米ドル建てハイイールド,東ETF,226.3,-0.2 (-0.09%) ,,,,,,,,,,,,,
2026-08-20,2259,ｉＳ　フランス国債　７−１０有,東ETF,179.6,+0.3 (+0.17%) ,,,,,,,,,,,,,
2026-08-20,2264,森永乳業,東P,"1,184",-7.5 (-0.63%) ,1.39,17.16,8.4,15.30,24.30,50.2,(連),2.11,71.45,4.68,-1.98,10.90,2.64
2026-08-20,2266,六甲バター,東P,"1,074",+4.0 (+0.37%) ,0.63,14.08,4.5,0.00,-32.19,54.68,(連),1.86,,,,,
2026-08-20,2267,ヤクルト本社,東P,"2,931",+61.0 (+2.13%) ,1.41,19.45,7.5,49.50,-19.48,66.43,(連),2.39,161.56,2.52,0.86,-12.63,0.86
2026-08-20,2268,Ｂ―Ｒ　サーティワン　アイス,東S,"4,045",+5.0 (+0.12%) ,,,,,,,,,,,,,
2026-08-20,2269,明治ＨＬＤＧ,東P,"4,342",+72.0 (+1.69%) ,1.52,33.55,4.6,13.65,17.75,61.23,(連),2.42,234.26,0.23,1.25,7.91,2.64
2026-08-20,226A,勝美ジャパン,東PRO,--,-- (--%) ,2.12,7.54,32.0,0.00,27.72,38.65,(単),2.63,,,,,
2026-08-20,2270,雪印メグミルク,東P,"3,650",-25.0 (-0.68%) ,0.93,6.95,13.6,0.00,1.11,55.68,(連),2.74,430.80,-0.47,25.91,23.47,1.71
2026-08-20,227A,ＩＮＳＩＧＨＴ　ＬＡＢ,東PRO,--,-- (--%) ,,,,,,,,,,,,,
2026-08-20,2281,プリマハム,東P,"2,415",+13.0 (+0.54%) ,1.0,26.46,3.8,0.00,6.50,50.54,(連),3.31,,,,,
2026-08-20,2282,日本ハム,東P,"6,414",+89.0 (+1.41%) ,1.12,17.76,6.6,17.04,46.63,53.83,(連),2.49,416.13,1.01,-0.65,4.29,4.28
2026-08-20,2286,林兼産業,東S,924,+32.0 (+3.59%) ,,,,,,,,,,,,,
2026-08-20,2288,丸大食品,東P,"2,236",-8.0 (-0.36%) ,0.71,5.59,13.8,0.00,30.98,61.07,(連),3.13,,,,,
2026-08-20,228A,オプロ,東G,"1,667",+66.0 (+4.12%) ,2.93,15.90,20.1,0.00,60.48,47.61,(単),0.00,,,,,
2026-08-20,2291,福留ハム,東S,515,+5.0 (+0.98%) ,0.69,5.42,14.6,0.00,-28.99,19.62,(連),0.00,,,,,
2026-08-20,2292,Ｓ　ＦＯＯＤＳ,東P,"2,849",+26.0 (+0.92%) ,0.68,9.77,7.3,13.31,83.56,52.53,(連),3.65,239.95,-0.67,13.68,-35.12,7.00
2026-08-20,2293,滝沢ハム,東S,"2,707",+1.0 (+0.04%) ,,,,,,,,,,,,,
2026-08-20,2294,柿安本店,東P,"2,619",+24.0 (+0.92%) ,1.62,30.92,5.3,0.00,-4.23,79.59,(連),3.25,,,,,
2026-08-20,2296,伊藤ハム米久ＨＬＤＧ,東P,"5,090",0.0 (0.00%) ,0.98,14.28,7.0,19.85,46.48,56.17,(連),6.29,332.22,-2.26,0.80,9.26,3.92
2026-08-20,229A,アスミＨＬＤＧ,東PRO,--,-- (--%) ,,,,,,,,,,,,,
2026-08-20,2300,きょくとう,東S,495,+5.0 (+1.02%) ,1.13,48.34,2.4,0.00,-47.80,52.22,(単),2.22,,,,,
2026-08-20,2301,学情,東P,"1,690",+15.0 (+0.90%) ,1.52,12.07,12.9,0.00,-13.07,86.87,(単),3.96,166.90,0.53,-9.42,-17.76,8.58
2026-08-20,2303,ドーン,東S,"1,357",+36.0 (+2.73%) ,,,,,,,,,,,,,
2026-08-20,2304,ＣＳＳ　ＨＬＤＧ,東S,910,-6.0 (-0.66%) ,,,,,,,,,,,,,
2026-08-20,2305,スタジオアリス,東S,"1,927",+11.0 (+0.57%) ,1.08,28.16,3.9,0.00,-29.20,78.74,(連),2.59,,,,,
2026-08-20,2307,クロスキャット,東P,"1,093",+3.0 (+0.28%) ,,,,,,,,,,,,,
2026-08-20,2311,エプコ,東S,782,-4.0 (-0.51%) ,1.5,16.47,9.1,0.00,9.07,80.0,(連),4.48,,,,,
2026-08-20,2315,ＣＡＩＣＡ　ＤＩＧＩＴＡＬ,東S,65,+4.0 (+6.56%) ,2.72,53.28,11.6,0.00,-44.93,84.2,(連),0.00,,,,,
2026-08-20,2317,システナ,東P,442,+11.0 (+2.55%) ,3.99,13.97,31.4,0.00,36.19,64.85,(連),3.17,32.14,8.83,-0.59,21.43,8.29
2026-08-20,2321,ソフトフロントＨＬＤＧ,東G,134,+7.0 (+5.51%) ,,,,,,,,,,,,,
2026-08-20,2323,ｆｏｎｆｕｎ,東S,322,-1.0 (-0.31%) ,4.79,15.92,31.8,0.00,66.26,40.66,(連),0.00,,,,,
2026-08-20,2325,ＮＪＳ,東P,"4,795",+165.0 (+3.56%) ,1.6,20.92,8.0,7.74,7.83,81.22,(連),2.19,257.30,1.52,-6.33,2.78,11.32
2026-08-20,2326,デジタルアーツ,東P,"4,425",-15.0 (-0.34%) ,,,,,,,,,297.85,0.85,0.51,-29.23,10.90
2026-08-20,2327,日鉄ソリューションズ,東P,"3,896",+106.0 (+2.80%) ,2.55,23.12,11.4,0.00,15.89,66.86,(連),2.18,177.66,4.03,0.12,2.42,10.95
2026-08-20,2329,東北新社,東S,485,+9.0 (+1.89%) ,,,,,,,,,,,,,
2026-08-20,2330,フォーサイド,東S,76,0.0 (0.00%) ,1.08,7.47,15.8,0.00,919.15,65.3,(連),0.00,,,,,
2026-08-20,2331,ＡＬＳＯＫ,東P,"1,175.5",0.0 (0.00%) ,1.49,17.16,9.2,0.00,15.79,56.83,(連),2.48,84.48,0.60,-0.02,24.49,7.13
2026-08-20,2332,クエスト,東S,"1,670",+39.0 (+2.39%) ,1.15,10.96,10.9,0.00,3.60,72.01,(連),3.47,,,,,
2026-08-20,2334,イオレ,東G,549,+19.0 (+3.58%) ,,,,,,,,,,,,,
2026-08-20,2335,キューブシステム,東P,"1,087",+10.0 (+0.93%) ,1.45,10.52,14.0,0.00,13.50,76.53,(連),4.23,,,,,
2026-08-20,2337,いちご,東P,407,+4.0 (+0.99%) ,,,,,,,,,47.77,0.45,0.17,4.97,12.01
2026-08-20,2338,クオンタムソリューションズ,東S,134,+2.0 (+1.52%) ,,,,,,,,,,,,,
2026-08-20,233A,ｉＦ　インド　Ｎｉｆｔｙ５０,東ETF,"1,880",+8.0 (+0.43%) ,,,,,,,,,,,,,
2026-08-20,2340,極楽湯ＨＬＤＧ,東S,513,+2.0 (+0.39%) ,3.32,17.40,22.7,0.00,3.67,35.28,(連),1.17,,,,,
2026-08-20,2341,アルバイトタイムス,東S,171,+2.0 (+1.18%) ,1.1,16.55,6.7,0.00,92.05,79.01,(連),2.92,,,,,
2026-08-20,2342,トランスジェニックグループ,東S,258,+11.0 (+4.45%) ,,,,,,,,,,,,,
2026-08-20,2345,ＨＯＤＬ１,東S,103,+3.0 (+3.00%) ,,,,,,,,,,,,,
2026-08-20,2349,エヌアイデイ,東S,"2,550",+10.0 (+0.39%) ,1.15,11.13,10.9,0.00,6.02,79.02,(連),1.14,,,,,
2026-08-20,234A,ＧＸ　ＭＳＣＩキャッシュフロ,東ETF,"1,492",+24.0 (+1.63%) ,,,,,,,,,,,,,
2026-08-20,2351,ＡＳＪ,東S,318,-3.0 (-0.93%) ,0.85,28.22,3.1,0.00,-22.96,60.47,(連),0.94,,,,,
2026-08-20,2353,日本駐車場開発,東P,270,+5.0 (+1.89%) ,4.44,17.94,27.7,0.00,20.29,38.27,(連),2.96,19.20,0.51,0.16,9.18,11.71
2026-08-20,2354,ＹＥ　ＤＩＧＩＴＡＬ,東S,"1,370",+160.0 (+13.22%) ,3.01,19.18,17.9,0.00,18.51,52.83,(連),1.46,,,,,
2026-08-20,2359,コア,東P,"2,114",+12.0 (+0.57%) ,,,,,,,,,,,,,
2026-08-20,235A,ＧＸ　高配当　３０−日本株式,東ETF,"1,450",+31.0 (+2.18%) ,,,,,,,,,,,,,
2026-08-20,236A,ｉＳ　日本国債７−１０年,東ETF,439.8,+1.4 (+0.32%) ,,,,,,,,,,,,,
2026-08-20,2370,メディネット,東G,25,0.0 (0.00%) ,,,,,,,,,,,,,
2026-08-20,2371,カカクコム,東P,"3,709",+9.0 (+0.24%) ,11.29,39.02,29.7,0.00,-4.76,70.28,(連),1.35,112.47,1.80,-1.32,-5.71,19.48
2026-08-20,2373,ケア２１,東S,408,+1.0 (+0.25%) ,1.25,14.34,8.4,0.00,327.20,14.25,(連),4.17,,,,,
2026-08-20,2375,ギグワークス,東S,203,+3.0 (+1.50%) ,1.44,14.80,10.6,0.00,101.17,34.64,(連),0.99,,,,,
2026-08-20,2376,サイネックス,東S,790,+25.0 (+3.27%) ,0.55,87.78,0.6,0.00,-54.47,55.78,(連),1.90,,,,,
2026-08-20,2378,ルネサンス,東P,"1,068",+9.0 (+0.85%) ,,,,,,,,,,,,,
2026-08-20,2379,ディップ,東P,"1,888",+51.0 (+2.78%) ,2.66,16.59,16.4,0.00,-32.19,73.72,(連),5.03,77.86,-0.77,-15.25,-59.73,-3.01
2026-08-20,237A,ｉＳ　米国債２５年超,東ETF,147,+2.1 (+1.45%) ,,,,,,,,,,,,,
2026-08-20,2384,ＳＢＳ　ＨＬＤＧ,東P,"5,000",+80.0 (+1.63%) ,2.05,16.85,12.7,0.00,14.52,27.89,(連),1.80,356.02,0.70,1.69,13.25,12.44
2026-08-20,2385,総医研ＨＬＤＧ,東G,221,+3.0 (+1.38%) ,,,,,,,,,,,,,
2026-08-20,2388,ウェッジＨＬＤＧ,東G,35,+1.0 (+2.94%) ,,,,,,,,,,,,,
2026-08-20,238A,ｉＳ　米国債２５年超　ベッジ有,東ETF,121.9,+2.9 (+2.44%) ,,,,,,,,,,,,,
2026-08-20,2391,プラネット,東S,"1,172",-5.0 (-0.42%) ,1.38,19.39,7.2,0.00,-14.33,84.7,(単),3.71,,,,,
2026-08-20,2393,日本ケアサプライ,東S,"4,365",+50.0 (+1.16%) ,3.65,30.04,12.5,0.00,25.59,67.07,(連),1.65,,,,,
2026-08-20,2395,新日本科学,東P,"1,467",-4.0 (-0.27%) ,1.42,13.37,11.0,35.20,-9.57,41.04,(連),3.41,94.90,-1.15,4.30,-19.59,8.80
2026-08-20,239A,バレッグス,東PRO,--,-- (--%) ,0.68,3.99,18.7,0.00,48.68,27.55,(連),7.33,,,,,
2026-08-20,2404,鉄人化ＨＬＤＧ,東S,566,-3.0 (-0.53%) ,11.53,22.28,78.7,0.00,633.33,14.25,(連),0.00,,,,,
2026-08-20,2408,ＫＧ情報,東S,859,0.0 (0.00%) ,1.04,18.73,5.6,0.00,44.20,87.38,(連),4.19,,,,,
2026-08-20,2410,キャリアデザインセンター,東P,"2,934",+20.0 (+0.69%) ,3.34,13.99,25.7,0.00,11.54,59.84,(単),3.41,,,,,
2026-08-20,2411,ゲンダイエージェンシー,東S,464,+2.0 (+0.43%) ,,,,,,,,,,,,,
2026-08-20,2413,エムスリー,東P,"1,750.5",+18.0 (+1.04%) ,2.86,24.13,12.5,27.66,17.74,64.04,(連),1.26,81.12,1.82,-0.69,0.01,17.61
2026-08-20,2415,ヒューマンＨＬＤＧ,東S,"1,590",-10.0 (-0.63%) ,0.84,7.44,11.8,0.00,8.70,37.46,(連),4.34,226.40,1.17,-6.58,-13.41,2.20
2026-08-20,2418,ツカダ・グローバルＨＬＤＧ,東S,601,+14.0 (+2.39%) ,0.76,5.97,13.7,0.00,-3.00,26.55,(連),2.00,,,,,
2026-08-20,241A,ＲＯＸＸ,東G,405,+2.0 (+0.50%) ,,,,,,,,,,,,,
2026-08-20,2424,ブラス,東S,601,+2.0 (+0.33%) ,0.77,7.75,10.4,0.00,56.76,36.41,(連),1.33,,,,,
2026-08-20,2425,ケアサービス,東S,667,0.0 (0.00%) ,0.86,21.98,3.9,0.00,-72.12,76.38,(単),3.30,,,,,
2026-08-20,2428,ウェルネット,東S,633,+1.0 (+0.16%) ,,,,,,,,,,,,,
2026-08-20,2429,ワールドＨＬＤＧ,東P,"2,867",+90.0 (+3.24%) ,1.03,7.75,14.1,0.00,27.08,26.65,(連),4.52,430.60,0.41,5.69,15.04,16.54
2026-08-20,2432,ディー・エヌ・エー,東P,"2,503",+65.5 (+2.69%) ,1.16,14.61,8.0,0.91,-19.02,69.81,(連),2.64,331.14,0.08,26.97,10.98,-6.24
2026-08-20,2433,博報堂ＤＹ　ＨＬＤＧ,東P,"1,338",+49.0 (+3.80%) ,1.23,29.03,4.3,27.67,7.97,35.99,(連),2.39,68.34,0.41,1.20,6.31,-2.04
2026-08-20,2435,シダー,東S,214,+1.0 (+0.47%) ,,,,,,,,,,,,,
2026-08-20,2436,共同ピーアール,東S,647,+11.0 (+1.73%) ,2.61,13.08,22.7,0.00,20.79,62.77,(連),1.08,,,,,
2026-08-20,2437,Ｓｈｉｎｗａ　Ｗｉｓｅ　ＨＬＤ,東S,619,+18.0 (+3.00%) ,,,,,,,,,,,,,
2026-08-20,2438,アスカネット,東G,351,+9.0 (+2.63%) ,0.99,18.52,5.5,0.00,140.45,85.76,(連),1.99,,,,,
2026-08-20,243A,トップス,東PRO,--,-- (--%) ,1.23,20.56,6.2,0.00,-18.40,65.52,(単),0.36,,,,,
2026-08-20,2440,ぐるなび,東S,130,+1.0 (+0.78%) ,,,,,,,,,,,,,
2026-08-20,2445,タカミヤ,東S,424,+11.0 (+2.66%) ,0.83,11.20,7.7,3.62,63.69,30.86,(連),3.77,,,,,
2026-08-20,2449,プラップジャパン,東S,"1,095",+4.0 (+0.37%) ,0.91,10.19,9.0,22.72,26.86,76.52,(連),3.74,,,,,
2026-08-20,244A,グロースエクスパートナーズ,東G,"1,160",+16.0 (+1.40%) ,1.14,6.31,22.7,0.00,42.39,71.37,(連),0.00,,,,,
2026-08-20,2452,コンピュータマインド,東PRO,--,-- (--%) ,1.08,9.37,12.0,0.00,-18.75,61.86,(連),2.06,,,,,
2026-08-20,2454,オールアバウト,東S,341,-2.0 (-0.58%) ,,,,,,,,,,,,,
2026-08-20,2459,アウンコンサルティング,東S,175,0.0 (0.00%) ,,,,,,,,,,,,,
2026-08-20,245A,ＩＮＧＳ,東G,"2,470",+1.0 (+0.04%) ,3.17,22.40,20.0,0.00,5.65,42.95,(単),0.00,,,,,
2026-08-20,2461,ファンコミュニケーションズ,東P,397,+2.0 (+0.51%) ,1.5,20.11,7.4,15.68,20.60,76.54,(連),6.80,,,,,
2026-08-20,2462,ライク,東P,"1,532",+7.0 (+0.46%) ,,,,,,,,,109.90,-1.48,-27.05,-28.48,6.35
2026-08-20,2464,Ａｏｂａ−ＢＢＴ,東S,361,+1.0 (+0.28%) ,,,,,,,,,,,,,
2026-08-20,2467,ＶＬＣセキュリティ,名N,179,+3.0 (+1.70%) ,,,,,,,,,,,,,
2026-08-20,2469,ヒビノ,東S,"2,777",+52.0 (+1.91%) ,1.96,9.02,24.0,17.80,29.00,31.58,(連),3.06,292.50,-1.89,-1.00,5.64,12.30
2026-08-20,246A,アスア,東G,911,-2.0 (-0.22%) ,,,,,,,,,,,,,
2026-08-20,2471,エスプール,東P,304,+13.0 (+4.47%) ,2.32,16.49,14.4,0.00,-17.36,24.51,(連),3.29,21.80,0.77,4.40,-25.43,2.57
2026-08-20,2475,ＷＤＢ　ＨＬＤＧ,東P,"1,843",+11.0 (+0.60%) ,1.08,13.01,8.5,0.00,-9.77,77.3,(連),3.39,146.00,4.11,-7.92,-15.45,-0.13
2026-08-20,2477,手間いらず,東S,"3,105",+45.0 (+1.47%) ,2.88,18.74,16.0,0.00,9.53,93.76,(単),1.22,195.20,0.89,0.00,9.38,9.12
2026-08-20,2479,ジェイテック,東S,245,+2.0 (+0.82%) ,1.33,13.34,10.2,0.00,-35.76,69.01,(連),5.31,,,,,
2026-08-20,247A,Ａｉロボティクス,東G,973,+63.0 (+6.92%) ,10.44,22.40,56.7,0.00,56.07,32.82,(単),0.00,85.60,0.12,1.91,59.35,103.42
2026-08-20,2480,システム・ロケーション,東S,"1,728",+12.0 (+0.70%) ,1.51,20.53,7.7,0.00,8.49,82.53,(連),2.20,,,,,
2026-08-20,2481,タウンニュース社,東S,664,+4.0 (+0.61%) ,,,,,,,,,,,,,
2026-08-20,2483,翻訳センター,東S,"2,195",+24.0 (+1.11%) ,1.05,15.93,6.7,0.00,-17.35,80.04,(連),6.38,,,,,
2026-08-20,2484,出前館,東S,155,+4.0 (+2.65%) ,,,,,,,,,,,,,
2026-08-20,2485,ティア,東S,446,+3.0 (+0.68%) ,1.17,11.26,10.6,0.00,26.79,30.87,(連),4.48,,,,,
2026-08-20,2488,ＪＴＰ,東S,"1,458",-1.0 (-0.07%) ,2.02,12.08,17.8,0.00,18.36,61.66,(単),3.36,,,,,
2026-08-20,2489,アドウェイズ,東S,382,+14.0 (+3.80%) ,1.09,59.04,1.9,16.66,20.68,60.51,(連),1.68,,,,,
2026-08-20,248A,キッズスター,東G,818,-3.0 (-0.37%) ,0.9,13.26,6.7,0.00,48.21,84.03,(連),0.00,,,,,
2026-08-20,2491,バリューコマース,東P,483,+2.0 (+0.42%) ,,,,,,,,,,,,,
2026-08-20,2492,インフォマート,東P,605,+32.0 (+5.58%) ,11.28,71.26,16.7,0.00,138.92,66.82,(連),0.90,12.62,0.99,-0.49,4.96,16.91
2026-08-20,2493,イーサポートリンク,東S,946,+2.0 (+0.21%) ,1.13,28.52,4.1,0.00,-13.74,60.71,(連),0.53,,,,,
2026-08-20,2497,ユナイテッド,東G,526,+5.0 (+0.96%) ,,,,,,,,,,,,,
2026-08-20,2498,オリエンタルコンサルタンツＨＤ,東S,"3,255",+85.0 (+2.68%) ,1.38,10.22,14.5,38.90,43.64,36.39,(連),3.69,,,,,
2026-08-20,2499,日本和装ＨＬＤＧ,東S,292,0.0 (0.00%) ,,,,,,,,,,,,,
2026-08-20,2501,サッポロビール,東P,"1,912",-12.0 (-0.62%) ,3.41,38.22,9.4,24.24,96.13,33.48,(連),0.94,530.49,0.00,"1,116.03",636.31,-1.42
2026-08-20,2502,アサヒグループＨＬＤＧ,東P,"1,671.5",+16.5 (+1.00%) ,0.81,20.56,4.3,55.97,-32.85,49.81,(連),3.11,128.80,0.22,-0.77,-8.39,3.51
2026-08-20,2503,キリンＨＬＤＧ,東P,"3,032",+33.5 (+1.12%) ,1.91,16.65,12.0,47.12,70.24,36.83,(連),2.44,217.50,0.72,1.31,12.65,3.66
2026-08-20,250A,シマダヤ,東S,"1,620",+21.0 (+1.31%) ,1.26,9.47,14.2,0.00,12.32,70.99,(連),3.21,,,,,
2026-08-20,2510,ＮＦ国内債券ＢＰＩ総合連動,東ETF,803.7,+4.4 (+0.55%) ,,,,,,,,,,,,,
2026-08-20,2511,ＮＦ外国債券ヘッジなし,東ETF,"1,183",0.0 (0.00%) ,,,,,,,,,,,,,
2026-08-20,2512,ＮＦ外国債券ヘッジあり,東ETF,729.7,+1.7 (+0.23%) ,,,,,,,,,,,,,
2026-08-20,2513,ＮＦ外国株式ヘッジなし,東ETF,"3,634",+4.0 (+0.11%) ,,,,,,,,,,,,,
2026-08-20,2514,ＮＦ外国株式ヘッジあり,東ETF,"2,055",+3.0 (+0.15%) ,,,,,,,,,,,,,
2026-08-20,2515,ＮＦ外国ＲＥＩＴヘッジなし,東ETF,"1,702",+1.0 (+0.06%) ,,,,,,,,,,,,,
2026-08-20,2516,東証グロース２５０ＥＴＦ,東ETF,615.4,+27.5 (+4.68%) ,,,,,,,,,,,,,
2026-08-20,2517,ＭＸＳ　Ｊリート・コア,東ETF,"1,096.5",+6.5 (+0.60%) ,,,,,,,,,,,,,
2026-08-20,2518,ＮＦ日本株女性活躍連動型,東ETF,"2,435",-8.0 (-0.33%) ,,,,,,,,,,,,,
2026-08-20,2519,ＮＦ新興国債券ヘッジなし,東ETF,"1,202.5",-1.0 (-0.08%) ,,,,,,,,,,,,,
2026-08-20,2520,ＮＦ新興国株式ヘッジなし,東ETF,"2,352",+33.0 (+1.42%) ,,,,,,,,,,,,,
2026-08-20,2521,上場米国株式為替ヘッジあり,東ETF,"2,181",+12.0 (+0.55%) ,,,,,,,,,,,,,
2026-08-20,2522,ｉＳロボット,東ETF,"8,975",+95.0 (+1.07%) ,,,,,,,,,,,,,
2026-08-20,2523,ＭＸＳトピックス除く金融,東ETF,--,-- (--%) ,,,,,,,,,,,,,
2026-08-20,2524,ＮＺＡＭ　ＴＯＰＩＸ,東ETF,"4,153",+52.0 (+1.27%) ,,,,,,,,,,,,,
2026-08-20,2525,ＮＺＡＭ日経２２５,東ETF,"66,700",+900.0 (+1.37%) ,,,,,,,,,,,,,
2026-08-20,2526,ＮＺＡＭ　ＪＰＸ日経４００,東ETF,--,-- (--%) ,,,,,,,,,,,,,
2026-08-20,2527,ＮＺＡＭ東証ＲＥＩＴ　Ｃｏｒｅ,東ETF,"1,111",+9.0 (+0.82%) ,,,,,,,,,,,,,
2026-08-20,2528,ｉＦ東証ＲＥＩＴ　Ｃｏｒｅ,東ETF,"1,106",+8.0 (+0.73%) ,,,,,,,,,,,,,
2026-08-20,2529,ＮＦ野村株主還元７０連動型,東ETF,"2,358",+30.0 (+1.29%) ,,,,,,,,,,,,,
2026-08-20,252A,ウェッジ,東PRO,--,-- (--%) ,1.82,20.41,9.4,0.00,11.11,29.11,(連),0.49,,,,,
2026-08-20,2530,ＭＸＳ中国上海１８０Ａ株,東ETF,"17,595",+240.0 (+1.38%) ,,,,,,,,,,,,,
2026-08-20,2531,宝ＨＬＤＧ,東P,"2,195",+83.0 (+3.93%) ,1.63,36.27,4.6,62.72,-23.98,50.47,(連),1.41,,,,,
2026-08-20,2533,オエノンＨＬＤＧ,東P,473,+10.0 (+2.16%) ,,,,,,,,,,,,,
2026-08-20,253A,ＥＴＳグループ,東S,"1,031",+22.0 (+2.18%) ,1.91,14.08,14.5,0.00,121.15,37.15,(連),1.65,,,,,
2026-08-20,254A,ＡＩ　フュージョンキャピタルグ,東S,"1,190",-20.0 (-1.65%) ,,,,,,,,,,,,,
2026-08-20,2551,マルサンアイ,名M,"3,575",+5.0 (+0.14%) ,1.14,11.32,10.6,12.26,-22.84,25.97,(連),1.40,,,,,
2026-08-20,2552,上場Ｊリート隔月分配型ミニ,東ETF,"1,947",+19.0 (+0.99%) ,,,,,,,,,,,,,
2026-08-20,2553,Ｏｎｅ南方中国Ａ株ＣＳＩ５００,東ETF,"2,439",+14.0 (+0.58%) ,,,,,,,,,,,,,
2026-08-20,2554,ＮＦ米国社債１０年ヘッジ,東ETF,750,-5.9 (-0.78%) ,,,,,,,,,,,,,
2026-08-20,2555,東証ＲＥＩＴ　ＥＴＦ,東ETF,"1,861",+11.5 (+0.62%) ,,,,,,,,,,,,,
2026-08-20,2556,Ｏｎｅ東証ＲＥＩＴ,東ETF,"1,863",+16.5 (+0.89%) ,,,,,,,,,,,,,
2026-08-20,2557,ＳＭＤＡＭトピックス上場投信,東ETF,"4,100",+39.0 (+0.96%) ,,,,,,,,,,,,,
2026-08-20,2558,ＭＡＸＩＳ米株ＳＰ５００,東ETF,"3,520",+6.0 (+0.17%) ,,,,,,,,,,,,,
2026-08-20,2559,ＭＡＸＩＳ全世界株式,東ETF,"3,000",+3.0 (+0.10%) ,,,,,,,,,,,,,
2026-08-20,255A,ジーエルテクノＨＬＤＧ,東S,"5,200",+30.0 (+0.58%) ,1.37,12.67,11.4,42.39,16.53,75.39,(連),2.37,,,,,
2026-08-20,2560,ＭＡＸＩＳカーボン日本株,東ETF,--,-- (--%) ,,,,,,,,,,,,,
2026-08-20,2561,ｉＳコア日本国債ＥＴＦ,東ETF,"1,985",-4.0 (-0.20%) ,,,,,,,,,,,,,
2026-08-20,2562,上場米株ダウ平均為替ヘッジあり,東ETF,"3,718",+12.0 (+0.32%) ,,,,,,,,,,,,,
2026-08-20,2563,ｉＳＳＰ５百米株ヘジ,東ETF,407.8,+1.9 (+0.47%) ,,,,,,,,,,,,,
2026-08-20,2564,ＧＸスーパーディビ,東ETF,"3,571",-29.0 (-0.81%) ,,,,,,,,,,,,,
2026-08-20,2565,ＧＸロジＪリート,東ETF,898,+2.0 (+0.22%) ,,,,,,,,,,,,,
2026-08-20,2566,上場日経 ＥＳＧリート,東ETF,"1,028",+6.0 (+0.59%) ,,,,,,,,,,,,,
2026-08-20,2567,ＮＺＡＭ　カーボン,東ETF,526,-2.5 (-0.47%) ,,,,,,,,,,,,,
2026-08-20,2568,上場ＮＳＱ１００ヘ無,東ETF,"8,090",+56.0 (+0.70%) ,,,,,,,,,,,,,
2026-08-20,2569,上場ＮＳＱ１００ヘ有,東ETF,"4,319",+34.0 (+0.79%) ,,,,,,,,,,,,,
2026-08-20,256A,飛島ＨＬＤＧ,東P,"2,135",+35.0 (+1.67%) ,,,,,,,,,,,,,
2026-08-20,2573,北海道コカ・コーラボトリング,東S,"3,990",+5.0 (+0.13%) ,1.25,32.50,3.9,0.00,16.79,79.94,(連),0.75,,,,,
2026-08-20,2579,コカ・コーラボトラーズＪＰＨＤ,東P,"3,869",+128.0 (+3.42%) ,,,,,,,,,145.99,-0.18,-0.55,17.91,1.13
2026-08-20,257A,ＳＭＴ日本株厳選投資アクティブ,東ETF,"3,390",+32.0 (+0.95%) ,,,,,,,,,,,,,
2026-08-20,2585,ライフドリンク　カンパニー,東P,"1,628",+27.0 (+1.69%) ,5.14,24.50,22.6,0.00,10.27,34.95,(連),0.86,82.97,0.79,-5.28,-14.68,29.39
2026-08-20,2586,フルッタフルッタ,東G,80,+2.0 (+2.56%) ,,,,,,,,,,,,,
2026-08-20,2587,サントリービバレッジ＆フード,東P,"4,571",+24.0 (+0.53%) ,1.07,15.92,7.0,57.14,-8.73,59.33,(連),2.63,290.51,13.38,-0.13,-12.35,4.47
2026-08-20,2588,プレミアムウォーターＨＬＤＧ,東S,"3,625",+20.0 (+0.55%) ,3.45,12.82,29.6,0.00,32.48,23.7,(連),3.17,,,,,
2026-08-20,258A,ＳＭＴ国内リート厳選アクティブ,東ETF,"2,086",+14.0 (+0.68%) ,,,,,,,,,,,,,
2026-08-20,2590,ダイドーグループＨＬＤＧ,東P,"2,993",+34.0 (+1.15%) ,,,,,,,,,167.20,-0.15,8.54,147.22,3.83
2026-08-20,2593,伊藤園,東P,"2,976",+3.0 (+0.10%) ,1.95,110.76,2.0,14.45,1.28,51.41,(連),1.61,97.67,0.12,-9.75,-26.21,1.89
2026-08-20,2594,キーコーヒー,東P,"2,023",+1.0 (+0.05%) ,1.36,43.84,3.2,0.00,107.23,40.45,(連),0.59,,,,,
2026-08-20,2597,ユニカフェ,東S,"1,182",+3.0 (+0.25%) ,2.23,23.46,9.9,0.00,32.84,45.78,(連),0.85,,,,,
2026-08-20,259A,ケイ・ウノ,名N,"1,720",+20.0 (+1.18%) ,1.43,78.65,2.0,0.00,-67.95,27.94,(連),0.00,,,,,
2026-08-20,2602,日清オイリオグループ,東P,"2,037",+25.0 (+1.24%) ,0.89,8.01,12.1,29.74,-11.38,46.59,(連),2.95,113.70,-0.32,-18.23,-37.20,6.27
2026-08-20,2607,不二製油,東P,"4,488",+31.0 (+0.70%) ,1.61,34.63,5.0,67.77,239.57,37.71,(連),1.16,276.21,0.14,0.28,0.78,6.98
2026-08-20,2612,かどや製油,東S,"1,750",+19.0 (+1.10%) ,1.29,17.74,7.5,18.53,19.62,79.08,(連),2.61,,,,,
2026-08-20,2613,Ｊ―オイルミルズ,東P,"2,212",+22.0 (+1.00%) ,0.66,15.40,4.4,0.00,-42.37,66.48,(連),3.16,,,,,
2026-08-20,261A,日水コン,東S,"1,951",+11.0 (+0.57%) ,1.54,13.26,11.9,0.00,15.22,59.77,(連),3.79,,,,,
2026-08-20,2620,ｉＳ米国債 １−３ 年,東ETF,368.2,-2.1 (-0.57%) ,,,,,,,,,,,,,
2026-08-20,2621,ｉＳ米国債 ２０年超ヘッジ,東ETF,"1,004",+12.0 (+1.21%) ,,,,,,,,,,,,,
2026-08-20,2622,ｉＳ米ドル建て新興国債ヘッジ,東ETF,"1,710",+6.0 (+0.35%) ,,,,,,,,,,,,,
2026-08-20,2623,ｉＳユーロ建て投資社債 ヘッジ,東ETF,"1,935",+1.0 (+0.05%) ,,,,,,,,,,,,,
2026-08-20,2624,ｉＦ日経２２５（年４回決算型）,東ETF,"6,644",+57.0 (+0.87%) ,,,,,,,,,,,,,
2026-08-20,2625,ｉＦＴＯＰＩＸ（年４回決算型）,東ETF,"4,066",+41.0 (+1.02%) ,,,,,,,,,,,,,
2026-08-20,2626,ＧＸデジタルイノベーション,東ETF,"3,295",+62.0 (+1.92%) ,,,,,,,,,,,,,
2026-08-20,2627,ＧＸｅコマース,東ETF,"1,597",+45.0 (+2.90%) ,,,,,,,,,,,,,
2026-08-20,2628,ｉＦ中国科創板５０,東ETF,"3,900",-135.0 (-3.35%) ,,,,,,,,,,,,,
2026-08-20,2629,ｉＦ中国ＧＢＡ１００,東ETF,"3,631",-32.0 (-0.87%) ,,,,,,,,,,,,,
2026-08-20,262A,インターメスティック,東P,"1,875",+73.0 (+4.05%) ,2.21,13.93,16.8,0.00,22.57,41.25,(連),2.35,174.15,0.37,-3.53,18.84,39.39
2026-08-20,2630,ＭＡＸＩＳ米株Ｓ＆Ｐ５００,東ETF,"16,185",+85.0 (+0.53%) ,,,,,,,,,,,,,
2026-08-20,2631,ＭＡＸＩＳナスダック１００,東ETF,"33,530",+100.0 (+0.30%) ,,,,,,,,,,,,,
2026-08-20,2632,ＭＡＸＩＳナスダック１００ヘ,東ETF,"18,005",+145.0 (+0.81%) ,,,,,,,,,,,,,
2026-08-20,2633,ＮＦ　Ｓ＆Ｐ５００ ヘッジなし,東ETF,565.3,+0.3 (+0.05%) ,,,,,,,,,,,,,
2026-08-20,2634,ＮＦ　Ｓ＆Ｐ５００ ヘッジあり,東ETF,"3,191",0.0 (0.00%) ,,,,,,,,,,,,,
2026-08-20,2636,ＧＸ ガバナンス・クオリティ,東ETF,"4,936",+56.0 (+1.15%) ,,,,,,,,,,,,,
2026-08-20,2637,ＧＸ　クリーンテック,東ETF,"2,686",+53.0 (+2.01%) ,,,,,,,,,,,,,
2026-08-20,2638,ＧＸ ロボティクス＆ＡＩ,東ETF,"2,684",+54.0 (+2.05%) ,,,,,,,,,,,,,
2026-08-20,2639,ＧＸ バイオ＆メドテック,東ETF,"1,800",+42.0 (+2.39%) ,,,,,,,,,,,,,
2026-08-20,263A,デジタルキューブ,東PRO,--,-- (--%) ,,,,,,,,,,,,,
2026-08-20,2640,ＧＸ ゲーム＆アニメ,東ETF,"4,232",+111.0 (+2.69%) ,,,,,,,,,,,,,
2026-08-20,2641,ＧＸグローバルリーダーズ,東ETF,"4,511",+70.0 (+1.58%) ,,,,,,,,,,,,,
2026-08-20,2642,ＳＭＴカーボンエフィシェント,東ETF,"53,240",+410.0 (+0.78%) ,,,,,,,,,,,,,
2026-08-20,2643,ＮＦＭＳＣＩジャパンセレクト,東ETF,"4,273",+38.0 (+0.90%) ,,,,,,,,,,,,,
2026-08-20,2644,ＧＸ　半導体関連,東ETF,"3,942",+29.0 (+0.74%) ,,,,,,,,,,,,,
2026-08-20,2645,ＧＸ　レジャー＆エンターテイン,東ETF,"3,083",+73.0 (+2.43%) ,,,,,,,,,,,,,
2026-08-20,2646,ＧＸ　メタルビジネス,東ETF,"3,840",+62.0 (+1.64%) ,,,,,,,,,,,,,
2026-08-20,2647,ＮＦ米国債７―１０年ヘッジなし,東ETF,"5,891",-6.0 (-0.10%) ,,,,,,,,,,,,,
2026-08-20,2648,ＮＦ米国債７―１０年ヘッジあり,東ETF,"3,362",+7.0 (+0.21%) ,,,,,,,,,,,,,
2026-08-20,2649,ｉＳ米国政府系機関ジニ　ヘッジ,東ETF,580,+0.5 (+0.09%) ,,,,,,,,,,,,,
2026-08-20,264A,Ｓｃｈｏｏ,東G,349,+44.0 (+14.43%) ,2.32,24.39,14.0,0.00,196.55,53.89,(単),0.00,,,,,
2026-08-20,2652,まんだらけ,東S,429,0.0 (0.00%) ,1.18,12.49,9.8,16.07,-14.84,62.53,(単),0.23,,,,,
2026-08-20,2653,イオン九州,東S,"2,821",+4.0 (+0.14%) ,1.6,16.12,10.4,0.00,4.39,29.22,(連),1.77,,,,,
2026-08-20,2654,アスモ,東S,425,+2.0 (+0.47%) ,0.82,12.29,6.9,12.30,120.13,70.01,(連),2.35,,,,,
2026-08-20,2656,ベクターＨＬＤＧ,東S,200,-1.0 (-0.50%) ,,,,,,,,,,,,,
2026-08-20,2659,サンエー,東P,"3,365",+35.0 (+1.05%) ,1.33,19.49,7.0,0.00,1.72,71.99,(連),3.71,188.30,1.97,1.35,0.11,4.69
2026-08-20,265A,Ｈｍｃｏｍｍ,東G,703,+25.0 (+3.69%) ,1.69,155.19,1.1,0.00,-45.83,80.66,(単),0.00,,,,,
2026-08-20,2664,カワチ薬品,東P,"3,800",0.0 (0.00%) ,0.73,26.52,2.8,0.00,-5.31,58.05,(連),2.63,,,,,
2026-08-20,2666,オートウェーブ,東S,180,+3.0 (+1.69%) ,,,,,,,,,,,,,
2026-08-20,2667,イメージワン,東S,105,+1.0 (+0.96%) ,,,,,,,,,,,,,
2026-08-20,2668,タビオ,東S,"1,272",+2.0 (+0.16%) ,1.61,15.17,11.2,0.00,21.49,60.25,(連),2.36,,,,,
2026-08-20,2669,カネ美食品,東S,"4,000",+5.0 (+0.13%) ,1.27,21.17,6.1,0.00,-7.40,77.92,(単),0.95,,,,,
2026-08-20,266A,グローカルマーケティング,東PRO,--,-- (--%) ,,,,,,,,,,,,,
2026-08-20,2670,エービーシー・マート,東P,"2,807.5",+33.5 (+1.21%) ,1.75,15.00,12.1,28.14,3.93,87.45,(連),2.67,191.46,6.39,-0.10,-0.89,3.83
2026-08-20,2673,夢みつけ隊,東S,116,+3.0 (+2.65%) ,0.41,7.58,5.8,0.00,71.43,79.26,(連),0.00,,,,,
2026-08-20,2674,ハードオフコーポレーション,東P,"2,793",+88.0 (+3.25%) ,1.92,15.41,13.1,0.00,2.53,63.9,(連),3.04,,,,,
2026-08-20,2676,高千穂交易,東P,"2,079",+22.0 (+1.07%) ,2.21,27.40,8.2,28.39,20.16,68.46,(連),3.66,,,,,
2026-08-20,2678,アスクル,東P,"1,278",+23.0 (+1.83%) ,,,,,,,,,52.21,-0.20,-1.73,-45.79,-0.07
2026-08-20,267A,トワライズ,東PRO,--,-- (--%) ,,,,,,,,,,,,,
2026-08-20,2681,ゲオＨＬＤＧ,東P,"2,323",+84.0 (+3.75%) ,0.94,10.57,9.3,10.02,25.56,33.2,(連),1.46,,,,,
2026-08-20,2683,魚喜,東S,"1,012",+2.0 (+0.20%) ,2.82,83.22,3.5,0.00,-14.29,29.69,(連),0.99,,,,,
2026-08-20,2685,アンドエスティＨＤ,東P,"3,490",+45.0 (+1.31%) ,,,,,,,,,248.26,0.68,0.47,-3.81,3.79
2026-08-20,2687,シー・ヴイ・エス・ベイエリア,東S,507,0.0 (0.00%) ,,,,,,,,,,,,,
2026-08-20,2689,オルバヘルスケアＨＬＤＧ,東S,"1,876",+1.0 (+0.05%) ,,,,,,,,,,,,,
2026-08-20,268A,リガク・ＨＬＤＧ,東P,"1,769",+6.0 (+0.34%) ,4.52,35.25,13.4,36.59,-11.16,47.73,(連),1.06,60.05,1.50,-0.06,-6.46,6.15
2026-08-20,2693,ＹＫＴ,東S,300,+4.0 (+1.35%) ,0.44,62.50,0.7,72.18,-131.47,46.5,(連),1.67,,,,,
2026-08-20,2694,焼肉坂井ＨＬＤＧ,東S,72,0.0 (0.00%) ,,,,,,,,,,,,,
2026-08-20,2695,くら寿司,東P,"1,719",+25.0 (+1.48%) ,,,,,,,,,41.51,-4.86,-4.44,-22.10,5.22
2026-08-20,2698,キャンドゥ,東S,"3,630",+15.0 (+0.41%) ,5.51,130.15,4.3,0.00,67.80,31.92,(連),0.47,,,,,
2026-08-20,269A,Ｓａｐｅｅｔ,東G,"2,744",+186.0 (+7.27%) ,8.69,60.64,21.2,0.00,260.71,83.32,(単),0.00,,,,,
2026-08-20,2700,木徳神糧,東S,"1,795",+33.0 (+1.87%) ,,,,,,,,,134.40,-0.17,-39.39,-63.64,24.35
2026-08-20,2702,日本マクドナルドＨＬＤＧ,東S,"8,000",+90.0 (+1.14%) ,3.79,31.37,12.7,0.00,9.84,76.95,(連),0.70,271.87,4.46,-0.59,4.73,1.06
2026-08-20,2705,大戸屋ＨＬＤＧ,東S,"9,160",+260.0 (+2.92%) ,16.18,53.88,28.7,10.71,28.03,34.52,(連),0.22,,,,,
2026-08-20,2708,久世,東S,"1,876",-4.0 (-0.21%) ,,,,,,,,,,,,,
2026-08-20,271A,アクセリア,東PRO,--,-- (--%) ,,,,,,,,,,,,,
2026-08-20,2721,ジェイＨＬＤＧ,東S,109,+1.0 (+0.93%) ,,,,,,,,,,,,,
2026-08-20,2722,ＩＫＨＬＤＧ,東S,359,0.0 (0.00%) ,,,,,,,,,,,,,
2026-08-20,2726,パルグループＨＬＤＧ,東P,"1,532",+13.0 (+0.86%) ,3.18,15.02,22.9,0.00,13.37,50.79,(連),2.61,109.22,1.98,-0.90,-3.62,9.42
2026-08-20,2730,エディオン,東P,"2,562",+55.0 (+2.19%) ,1.16,17.50,6.8,0.00,9.40,54.07,(連),1.87,148.50,11.80,0.00,11.81,2.88
2026-08-20,2733,あらた,東P,"2,659",+31.0 (+1.18%) ,0.72,8.78,8.4,0.00,-13.34,35.68,(連),4.21,218.10,-0.44,-13.39,-44.16,2.20
2026-08-20,2734,サーラコーポレーション,東P,"1,228",-2.0 (-0.16%) ,,,,,,,,,,,,,
2026-08-20,2735,ワッツ,東S,714,+14.0 (+2.00%) ,0.73,10.82,6.8,0.00,16.37,47.3,(連),3.22,67.80,3.86,9.68,21.43,1.85
2026-08-20,2736,フェスタリアＨＬＤＧ,東S,667,-2.0 (-0.30%) ,1.43,13.48,11.3,0.00,25.66,22.62,(連),1.05,,,,,
2026-08-20,2737,トーメンデバイス,東P,"28,970",+410.0 (+1.44%) ,3.33,19.67,18.4,80.18,80.59,17.17,(連),1.86,,,,,
2026-08-20,273A,ＳＢＩサウジアラビア株式上場投,東ETF,"9,930",-70.0 (-0.70%) ,,,,,,,,,,,,,
2026-08-20,2742,ハローズ,東P,"3,970",+15.0 (+0.38%) ,1.09,9.43,12.2,0.00,2.15,56.97,(単),1.76,,,,,
2026-08-20,2747,北雄ラッキー,東S,--,-- (--%) ,0.67,36.74,1.9,0.00,8.29,34.03,(単),1.59,,,,,
2026-08-20,2749,ＪＰ　ＨＬＤＧ,東P,660,+15.0 (+2.33%) ,,,,,,,,,48.10,-3.49,0.00,2.33,2.94
2026-08-20,274A,ガーデン,東S,"2,357",+8.0 (+0.34%) ,2.19,26.15,8.0,0.00,-29.67,44.5,(単),4.24,,,,,
2026-08-20,2750,石光商事,東S,"1,334",+11.0 (+0.83%) ,0.77,8.18,9.9,19.67,61.75,33.79,(連),3.37,,,,,
2026-08-20,2751,テンポスＨＬＤＧ,東S,"3,760",+60.0 (+1.62%) ,2.54,23.92,11.3,0.00,8.26,60.35,(連),0.24,,,,,
2026-08-20,2752,フジオフードグループ本社,東P,"1,119",-12.0 (-1.06%) ,6.61,635.80,1.0,0.00,-42.14,35.53,(連),0.27,3.10,4.74,35.94,-74.41,2.02
2026-08-20,2753,あみやき亭,東P,"1,397",+3.0 (+0.22%) ,1.27,22.59,5.7,0.00,-14.01,75.92,(連),2.43,70.60,1.40,5.83,-18.06,7.72
2026-08-20,275A,ハンワホームズ,名N,386,+16.0 (+4.32%) ,4.09,11.86,48.4,0.00,505.88,16.99,(単),0.00,,,,,
2026-08-20,2760,東京エレクトロン　デバイス,東P,"4,015",+90.0 (+2.29%) ,2.24,15.10,15.6,20.42,-14.59,32.57,(連),2.67,332.40,0.48,14.52,14.52,6.84
2026-08-20,2762,ＳＡＮＫＯ　ＭＡＲＫＥＴＩＮＧ,東S,71,-2.0 (-2.74%) ,,,,,,,,,,,,,
2026-08-20,2764,ひらまつ,東S,149,-1.0 (-0.67%) ,1.72,47.91,3.7,0.00,17.92,51.15,(連),0.00,,,,,
2026-08-20,2767,円谷フィールズＨＬＤＧ,東P,"2,466",+65.0 (+2.71%) ,2.51,11.76,23.3,0.00,7.83,58.88,(連),2.84,224.10,1.60,7.59,4.81,20.96
2026-08-20,2768,双日,東P,"5,524",+97.0 (+1.79%) ,1.05,11.16,10.1,55.40,-14.54,29.89,(連),2.99,614.72,0.37,0.11,6.10,9.16
2026-08-20,2769,ヴィレッジヴァンガードコーポレ,東S,904,+4.0 (+0.44%) ,,,,,,,,,,,,,
2026-08-20,276A,ククレブ・アドバイザーズ,東G,"3,555",+165.0 (+4.87%) ,,,,,,,,,,,,,
2026-08-20,2776,新都ＨＬＤＧ,東S,95,0.0 (0.00%) ,1.54,42.99,4.1,27.06,"1,008.16",24.25,(連),0.00,,,,,
2026-08-20,2778,パレモＨＬＤＧ,東S,111,0.0 (0.00%) ,1.01,62.36,1.4,0.00,9.26,25.16,(連),0.00,,,,,
2026-08-20,277A,グロービング,東P,"1,858",+133.0 (+7.71%) ,,,,,,,,,120.10,1.28,-3.89,9.78,39.79
2026-08-20,2780,コメ兵ＨＬＤＧ,東S,"5,310",+50.0 (+0.95%) ,1.56,10.62,15.7,12.14,40.82,34.21,(連),2.00,652.00,0.27,2.40,14.78,30.06
2026-08-20,2782,セリア,東S,"4,305",+250.0 (+6.17%) ,2.91,19.65,14.6,0.00,25.27,72.15,(単),1.74,247.95,1.32,0.55,29.54,8.39
2026-08-20,2784,アルフレッサＨＬＤＧ,東P,"2,320",+9.0 (+0.39%) ,0.83,10.10,8.4,0.00,-4.57,33.67,(連),2.93,135.63,-0.42,-4.13,-15.42,3.44
2026-08-20,2788,アップルインターナショナル,東S,413,+1.0 (+0.24%) ,0.52,6.73,7.9,65.18,-63.65,49.99,(連),2.42,,,,,
2026-08-20,2789,カルラ,東S,475,+1.0 (+0.21%) ,1.25,11.41,11.5,0.00,-16.71,40.28,(連),1.05,,,,,
2026-08-20,278A,Ｔｅｒｒａ　Ｄｒｏｎｅ,東G,"14,060",+880.0 (+6.68%) ,,,,,,,,,,,,,
2026-08-20,2790,ナフコ,東S,"2,147",+22.0 (+1.04%) ,0.35,236.19,0.1,0.00,11.96,70.77,(単),2.70,,,,,
2026-08-20,2791,大黒天物産,東P,"4,620",-10.0 (-0.22%) ,,,,,,,,,320.60,0.69,1.54,-62.92,7.26
2026-08-20,2792,ハニーズＨＬＤＧ,東P,"1,450",+14.0 (+0.97%) ,,,,,,,,,,,,,
2026-08-20,2795,日本プリメックス,東S,973,+8.0 (+0.83%) ,0.6,11.30,5.5,7.09,15.07,77.14,(連),2.57,,,,,
2026-08-20,2796,ファーマライズホールディングス,東S,499,+2.0 (+0.40%) ,,,,,,,,,,,,,
2026-08-20,2798,ワイズテーブルコーポレーション,東S,"3,050",-10.0 (-0.33%) ,11.39,49.01,26.3,0.00,39.11,17.37,(連),0.00,,,,,
2026-08-20,279A,インターグ,東PRO,--,-- (--%) ,,,,,,,,,,,,,
2026-08-20,2801,キッコーマン,東P,"1,838",+44.0 (+2.45%) ,3.04,27.85,11.5,77.82,0.38,74.62,(連),1.36,70.85,3.52,0.37,5.86,7.31
2026-08-20,2802,味の素,東P,"5,349",+69.0 (+1.31%) ,6.65,38.66,17.7,68.84,81.03,42.53,(連),0.90,142.06,14.08,0.31,-1.94,6.18
2026-08-20,2804,ブルドックソース,東P,"1,844",+13.0 (+0.71%) ,0.92,9.69,10.5,4.75,52.55,67.71,(連),2.44,,,,,
2026-08-20,2805,エスビー食品,東S,"6,780",+10.0 (+0.15%) ,,,,,,,,,339.18,-7.98,0.92,10.00,4.54
2026-08-20,2806,ユタカフーズ,東S,"1,889",+9.0 (+0.48%) ,0.57,64.23,0.9,0.00,-63.62,86.29,(単),2.12,,,,,
2026-08-20,2809,キユーピー,東P,"4,797",+61.0 (+1.29%) ,2.06,21.74,9.7,19.54,1.40,67.44,(連),1.33,187.25,-1.69,0.18,1.60,4.21
2026-08-20,280A,ＴＭＨ,東G,"1,172",+5.0 (+0.43%) ,3.04,17.30,17.5,85.85,10.46,51.41,(連),0.00,,,,,
2026-08-20,2810,ハウス食品グループ本社,東P,"3,762",-3.0 (-0.08%) ,1.17,47.19,2.5,25.71,-8.71,66.96,(連),1.86,195.85,0.13,11.69,-3.70,0.96
2026-08-20,2811,カゴメ,東P,"2,698.5",+38.0 (+1.43%) ,1.29,16.72,7.9,45.22,-37.27,50.7,(連),1.78,145.42,-1.87,-3.12,-17.42,-0.38
2026-08-20,2813,和弘食品,東S,"3,940",+5.0 (+0.13%) ,0.95,8.52,12.2,23.82,-0.68,62.5,(連),2.54,,,,,
2026-08-20,2814,佐藤食品工業,東S,"3,430",+50.0 (+1.48%) ,0.61,17.62,3.7,0.00,11.56,88.2,(単),1.46,,,,,
2026-08-20,2815,アリアケジャパン,東P,"5,360",+40.0 (+0.75%) ,1.28,18.05,7.3,27.63,14.63,88.26,(連),3.36,299.35,22.26,1.01,-13.64,2.84
2026-08-20,2816,ダイショー,東S,"1,410",+2.0 (+0.14%) ,1.35,29.90,4.6,0.00,-1.04,49.36,(単),1.49,,,,,
2026-08-20,2818,ピエトロ,東S,"1,764",+1.0 (+0.06%) ,,,,,,,,,,,,,
2026-08-20,2819,エバラ食品工業,東S,"2,621",+49.0 (+1.91%) ,0.71,14.35,5.1,0.00,26.64,70.99,(連),1.79,,,,,
2026-08-20,281A,インフォメティス,東G,449,+10.0 (+2.28%) ,,,,,,,,,,,,,
2026-08-20,2820,やまみ,東S,"6,210",+230.0 (+3.85%) ,,,,,,,,,252.61,-2.92,0.00,12.08,9.59
2026-08-20,282A,ＧＸ　半導体・トップ１０−日本,東ETF,"2,351",+13.0 (+0.56%) ,,,,,,,,,,,,,
2026-08-20,2831,はごろもフーズ,東S,"3,680",-20.0 (-0.54%) ,0.7,13.13,5.8,0.00,9.21,61.78,(連),1.90,,,,,
2026-08-20,2836,ＧＸ　フィンテック日本株,東ETF,"3,306",+141.0 (+4.45%) ,,,,,,,,,,,,,
2026-08-20,2837,ＧＸ中小型リーダーズ日本,東ETF,"4,818",+123.0 (+2.62%) ,,,,,,,,,,,,,
2026-08-20,2838,ＭＸＳ米国債７―１０ヘッジなし,東ETF,"8,703",-5.0 (-0.06%) ,,,,,,,,,,,,,
2026-08-20,2839,ＭＸＳ米国債７―１０ヘッジあり,東ETF,"4,990",+16.0 (+0.32%) ,,,,,,,,,,,,,
2026-08-20,283A,ＧＸ　ＵＳテック・配当貴族,東ETF,"1,354",+1.0 (+0.07%) ,,,,,,,,,,,,,
2026-08-20,2840,ｉＦｒＥＴＦ　ＮＡＳＤ１００無,東ETF,"2,703",+5.0 (+0.19%) ,,,,,,,,,,,,,
2026-08-20,2841,ｉＦｒＥＴＦ　ＮＡＳＤ１００有,東ETF,"1,698",+9.0 (+0.53%) ,,,,,,,,,,,,,
2026-08-20,2842,ｉＦｒＥＴＦ　ＮＡＳＤ１００イ,東ETF,"12,145",-70.0 (-0.57%) ,,,,,,,,,,,,,
2026-08-20,2843,上場インファンド豪州国債有,東ETF,"3,685",+9.0 (+0.24%) ,,,,,,,,,,,,,
2026-08-20,2844,上場インファンド豪州国債無,東ETF,"5,562",+29.0 (+0.52%) ,,,,,,,,,,,,,
2026-08-20,2845,ＮＦ　ＮＳＱ１００有上場投信,東ETF,"3,552",+20.0 (+0.57%) ,,,,,,,,,,,,,
2026-08-20,2846,ＮＦ　ダウ工業株３０有上場投信,東ETF,"2,578",+13.0 (+0.51%) ,,,,,,,,,,,,,
2026-08-20,2847,ＧＸ　新成長インフラ日本株式,東ETF,"2,999",-51.0 (-1.67%) ,,,,,,,,,,,,,
2026-08-20,2848,ＧＸ　ＭＳＣＩ　気候変動日本株,東ETF,"3,023",+1.0 (+0.03%) ,,,,,,,,,,,,,
2026-08-20,2849,ＧＸ　ＭＯＲ高配当ＥＳＧ日本株,東ETF,"5,555",+48.0 (+0.87%) ,,,,,,,,,,,,,
2026-08-20,284A,フクヤ建設,東PRO,--,-- (--%) ,0.75,6.26,12.5,0.00,126.32,19.93,(連),7.92,,,,,
2026-08-20,2851,ｉＳ　ＭＳＣＩ　ジャパンＳＲＩ,東ETF,393.9,+0.6 (+0.15%) ,,,,,,,,,,,,,
2026-08-20,2852,ｉＳ　グリーンＪリート　ＥＴＦ,東ETF,176.4,+1.3 (+0.74%) ,,,,,,,,,,,,,
2026-08-20,2853,ｉＳ　気候リスク調整世界国債,東ETF,--,-- (--%) ,,,,,,,,,,,,,
2026-08-20,2854,ＧＸ　テック・トップ　２０,東ETF,"2,776",+48.0 (+1.76%) ,,,,,,,,,,,,,
2026-08-20,2855,ＧＸ　グリーン・ＪＲＥＩＴ,東ETF,974,+16.0 (+1.67%) ,,,,,,,,,,,,,
2026-08-20,2856,ｉＳ　米国債３―７年ヘッジあり,東ETF,649.6,+0.2 (+0.03%) ,,,,,,,,,,,,,
2026-08-20,2857,ｉＳ　ドイツ国債ヘッジあり,東ETF,622.3,-1.2 (-0.19%) ,,,,,,,,,,,,,
2026-08-20,2858,ＧＸ　日経２２５　カバード・コ,東ETF,"1,518",-16.0 (-1.04%) ,,,,,,,,,,,,,
2026-08-20,2859,ＮＦ　ユーロ５０有　連動型投信,東ETF,"3,242",-9.0 (-0.28%) ,,,,,,,,,,,,,
2026-08-20,285A,キオクシアＨＬＤＧ,東P,"52,950","+3,000.0 (+6.01%) ",20.67,51.71,51.9,88.74,111.54,37.91,(連),0.00,"10,072.16",0.01,0.07,"2,554.51",140.83
2026-08-20,2860,ＮＦ　ドイツＤＡＸ有　連動投信,東ETF,"3,273",-7.0 (-0.21%) ,,,,,,,,,,,,,
2026-08-20,2861,上場インファンドフランス国債無,東ETF,"5,683",+61.0 (+1.09%) ,,,,,,,,,,,,,
2026-08-20,2862,上場インファンドフランス国債有,東ETF,"3,859",0.0 (0.00%) ,,,,,,,,,,,,,
2026-08-20,2864,ＧＸ　ロジスティクス・ＲＥＩＴ,東ETF,"1,383",+7.0 (+0.51%) ,,,,,,,,,,,,,
2026-08-20,2865,ＧＸ　ＮＡＳ１００・カバード,東ETF,"1,269",+2.0 (+0.16%) ,,,,,,,,,,,,,
2026-08-20,2866,ＧＸ　米国優先証券　ＥＴＦ,東ETF,990,+2.0 (+0.20%) ,,,,,,,,,,,,,
2026-08-20,2867,ＧＸ　自動運転＆ＥＶ,東ETF,"1,749",+17.0 (+0.98%) ,,,,,,,,,,,,,
2026-08-20,2868,ＧＸ　Ｓ＆Ｐ５００・カバード,東ETF,"1,141",-4.0 (-0.35%) ,,,,,,,,,,,,,
2026-08-20,2869,ダイワＮＡＳＤＡＱ１００　レバ,東ETF,"2,980",+40.0 (+1.36%) ,,,,,,,,,,,,,
2026-08-20,286A,ユカリア,東G,811,-8.0 (-0.98%) ,1.41,10.39,14.4,0.00,-23.67,31.5,(連),0.00,46.92,-0.43,2.70,-22.76,27.88
2026-08-20,2870,ダイワＮＡＳＤＡＱ１００　ダブ,東ETF,"7,564",-91.0 (-1.19%) ,,,,,,,,,,,,,
2026-08-20,2871,ニチレイ,東P,"2,182.5",+30.5 (+1.42%) ,1.91,20.01,10.0,24.26,0.68,51.39,(連),2.15,,,,,
2026-08-20,2872,セイヒョー,東S,"1,999",0.0 (0.00%) ,1.87,244.08,0.7,0.00,-56.10,37.6,(単),0.90,,,,,
2026-08-20,2874,横浜冷凍,東P,"2,174",+1.0 (+0.05%) ,1.66,64.78,2.5,5.65,-8.49,37.81,(連),1.10,82.85,0.18,1.56,22.64,1.71
2026-08-20,2875,東洋水産,東P,"10,640",+140.0 (+1.33%) ,1.95,14.92,13.9,46.38,12.07,82.58,(連),2.07,696.96,-6.67,-0.25,4.72,6.07
2026-08-20,2876,デルソーレ,東S,463,+3.0 (+0.65%) ,,,,,,,,,,,,,
2026-08-20,2877,日東ベスト,東S,745,+4.0 (+0.54%) ,0.54,17.52,3.1,0.00,34.51,40.63,(連),1.61,,,,,
2026-08-20,287A,黒田グループ,東S,"1,184",+12.0 (+1.02%) ,1.22,14.27,8.9,41.13,7.97,41.99,(連),5.15,,,,,
2026-08-20,2882,イートアンドＨＬＤＧ,東P,"2,058",-4.0 (-0.19%) ,2.09,62.59,3.4,0.00,11.55,34.44,(連),0.73,51.10,0.73,17.24,-2.86,7.44
2026-08-20,2883,大冷,東S,"2,019",+12.0 (+0.60%) ,1.34,24.59,5.5,0.00,-17.89,77.98,(単),2.97,,,,,
2026-08-20,2884,ヨシムラ・フード・ＨＬＤＧ,東P,664,+5.0 (+0.76%) ,1.28,17.25,7.8,21.06,-60.20,20.35,(連),0.00,,,,,
2026-08-20,288A,ラクサス・テクノロジーズ,東G,94,-1.0 (-1.05%) ,0.79,24.61,3.2,0.00,-66.61,70.69,(単),0.00,,,,,
2026-08-20,2892,日本食品化工,東S,"4,510",+50.0 (+1.12%) ,0.72,18.91,4.0,0.17,-18.08,59.59,(連),3.22,,,,,
2026-08-20,2894,石井食品,東S,351,0.0 (0.00%) ,,,,,,,,,,,,,
2026-08-20,2897,日清食品ＨＬＤＧ,東P,"2,997",+52.0 (+1.77%) ,1.66,19.05,9.1,38.15,-15.26,52.71,(連),2.34,168.14,2.59,-0.12,-15.35,4.63
2026-08-20,2901,ウェルディッシュ,東S,158,+2.0 (+1.28%) ,1.05,72.15,1.6,0.00,-20.83,85.39,(連),0.95,,,,,
2026-08-20,2902,太陽化学,名M,"2,673",+26.0 (+0.98%) ,0.81,8.64,9.9,30.52,19.02,79.37,(連),4.08,,,,,
2026-08-20,2903,シノブフーズ,東S,"1,584",-15.0 (-0.94%) ,,,,,,,,,,,,,
2026-08-20,2904,一正蒲鉾,東S,753,+1.0 (+0.13%) ,,,,,,,,,,,,,
2026-08-20,2907,あじかん,東S,"1,509",-1.0 (-0.07%) ,0.62,10.32,6.2,0.00,-26.07,67.39,(連),3.45,,,,,
2026-08-20,2908,フジッコ,東P,"1,613",+6.0 (+0.37%) ,0.66,32.14,2.1,0.00,22.27,86.93,(連),2.85,42.14,-2.39,2.61,4.12,-0.95
2026-08-20,290A,Ｓｙｎｓｐｅｃｔｉｖｅ,東G,"1,384",+3.0 (+0.22%) ,,,,,,,,,23.98,-0.07,1.97,-43.64,68.15
2026-08-20,2910,ロック・フィールド,東P,"1,405",-7.0 (-0.50%) ,1.28,370.71,0.3,0.00,-38.51,82.06,(連),1.71,11.46,0.61,-18.67,-57.81,-0.08
2026-08-20,2911,旭松食品,東S,"2,264",-1.0 (-0.04%) ,0.5,18.20,2.8,0.00,-33.22,81.38,(連),1.99,,,,,
2026-08-20,2914,日本たばこ産業,東P,"6,870",-44.0 (-0.64%) ,2.98,23.91,13.0,81.92,216.46,48.54,(連),3.41,356.14,0.81,0.57,19.61,10.62
2026-08-20,2915,ケンコーマヨネーズ,東P,"2,025",+4.0 (+0.20%) ,0.7,10.18,7.2,0.00,-13.40,65.02,(連),3.31,206.28,2.68,8.21,-1.14,1.03
2026-08-20,2916,仙波糖化工業,東S,745,+6.0 (+0.81%) ,,,,,,,,,,,,,
2026-08-20,2917,大森屋,東S,931,+1.0 (+0.11%) ,,,,,,,,,,,,,
2026-08-20,2918,わらべや日洋ＨＬＤＧ,東P,"2,840",+39.0 (+1.39%) ,0.83,9.24,9.2,11.50,51.37,45.1,(連),4.23,313.30,4.67,2.50,24.24,3.98
2026-08-20,291A,リスキル,東G,"2,006",+31.0 (+1.57%) ,2.17,6.86,36.5,0.00,34.58,82.02,(単),0.00,,,,,
2026-08-20,2922,なとり,東P,"1,999",+6.0 (+0.30%) ,0.91,18.73,5.0,0.00,-4.79,64.99,(連),1.30,116.03,1.97,198.63,-9.17,0.01
2026-08-20,2923,サトウ食品,東S,"8,300",-80.0 (-0.95%) ,1.68,14.95,11.8,0.00,21.91,42.9,(連),0.90,,,,,
2026-08-20,2924,イフジ産業,東S,"1,935",+24.0 (+1.26%) ,1.25,7.87,16.8,0.00,-6.30,66.68,(連),3.46,,,,,
2026-08-20,2926,篠崎屋,東S,125,-2.0 (-1.57%) ,1.69,46.47,3.7,0.00,"1,166.67",77.38,(単),0.00,,,,,
2026-08-20,2927,ＡＦＣ―ＨＤアムスライフ,東S,896,+3.0 (+0.34%) ,0.84,8.70,10.0,14.17,27.17,30.94,(連),3.79,,,,,
2026-08-20,2929,ファーマフーズ,東P,614,+13.0 (+2.16%) ,1.54,47.86,3.1,0.00,-51.36,35.37,(連),4.07,,,,,
2026-08-20,292A,エスアイイー,東PRO,--,-- (--%) ,,,,,,,,,,,,,
2026-08-20,2930,北の達人,東P,127,+2.0 (+1.60%) ,2.2,25.45,8.7,0.00,-39.14,84.79,(連),2.76,,,,,
2026-08-20,2931,ユーグレナ,東P,358,+7.0 (+1.99%) ,,,,,,,,,2.80,-0.87,107.14,107.14,4.40
2026-08-20,2932,ＳＴＩフードＨＬＤＧ,東S,"1,099",+9.0 (+0.83%) ,1.94,7.85,27.0,0.00,-10.83,45.98,(連),3.64,,,,,
2026-08-20,2933,紀文食品,東P,"1,124",+5.0 (+0.45%) ,1.0,23.34,4.7,10.49,-35.60,32.03,(連),1.78,,,,,
2026-08-20,2934,ジェイフロンティア,東G,"2,032",+48.0 (+2.42%) ,,,,,,,,,,,,,
2026-08-20,2935,ピックルスＨＬＤＧ,東P,"1,183",+12.0 (+1.02%) ,0.74,10.69,7.3,0.00,59.70,65.06,(連),2.45,119.09,1.31,28.00,12.00,-1.36
2026-08-20,2936,ベースフード,東G,268,0.0 (0.00%) ,10.56,54.47,21.9,0.00,117.07,33.76,(単),0.00,,,,,
2026-08-20,2937,サンクゼール,東G,"1,747",-4.0 (-0.23%) ,3.13,26.22,12.2,12.96,1.89,50.8,(連),2.00,,,,,
2026-08-20,2938,オカムラ食品工業,東S,"1,298",-6.0 (-0.46%) ,,,,,,,,,57.20,8.15,0.00,4.61,10.81
2026-08-20,293A,ＢＡＢＹ　ＪＯＢ,東PRO,--,-- (--%) ,,,,,,,,,,,,,
2026-08-20,294A,ＮＦＭＳＣＩ気候変動指数連動型,東ETF,--,-- (--%) ,,,,,,,,,,,,,
2026-08-20,295A,ＯｎｅＦＴＳＥサウジアラビアイ,東ETF,"9,930",-165.0 (-1.63%) ,,,,,,,,,,,,,
2026-08-20,2961,日本調理機,東S,"1,480",+37.0 (+2.56%) ,0.88,10.95,8.3,0.00,-15.06,56.32,(単),2.53,,,,,
2026-08-20,2962,テクニスコ,東S,"1,605",-135.0 (-7.76%) ,,,,,,,,,,,,,
2026-08-20,296A,令和アカウンティング・ＨＬＤＧ,東G,937,+19.0 (+2.07%) ,13.28,24.78,49.6,0.00,34.91,65.42,(連),3.47,,,,,
2026-08-20,2970,ＧＬＣ　ＧＲＯＵＰ,東S,"1,093",+39.0 (+3.70%) ,3.12,10.92,33.0,0.00,67.37,30.18,(連),0.00,,,,,
2026-08-20,2971,エスコンジャパンリート投資法人,東REIT,"111,100",+800.0 (+0.73%) ,,,,,,,,,,,,,
2026-08-20,2972,サンケイリアルエステート投資,東REIT,"112,300",+700.0 (+0.63%) ,,,,,,,,,,,,,
2026-08-20,2975,スター・マイカ・ＨＬＤＧ,東P,"1,577",+20.0 (+1.28%) ,1.8,12.68,15.2,0.00,33.62,25.64,(連),2.35,,,,,
2026-08-20,2978,ツクルバ,東G,339,+7.0 (+2.11%) ,3.13,36.14,6.2,0.00,74.56,29.08,(連),0.00,,,,,
2026-08-20,2979,ＳＯＳｉＬＡ 物流リート投資,東REIT,"103,000",+400.0 (+0.39%) ,,,,,,,,,,,,,
2026-08-20,297A,アルピコＨＬＤＧ,東S,215,-1.0 (-0.46%) ,0.95,7.85,13.3,0.00,16.27,25.97,(連),2.33,,,,,
2026-08-20,2980,ＳＲＥ　ＨＬＤＧ,東P,"2,420",+41.0 (+1.72%) ,2.5,21.18,12.7,0.00,32.31,31.11,(連),0.74,194.55,0.18,-0.14,-2.02,23.22
2026-08-20,2981,ランディックス,東G,"2,159",-1.0 (-0.05%) ,1.25,6.62,20.3,0.00,31.58,39.09,(連),2.18,,,,,
2026-08-20,2982,ＡＤワークスグループ,東P,423,+11.0 (+2.67%) ,,,,,,,,,,,,,
2026-08-20,2983,アールプランナー,東G,"1,613",+51.0 (+3.27%) ,2.2,6.99,36.5,0.00,75.97,22.27,(連),2.48,,,,,
2026-08-20,2984,ヤマイチエステート,東S,759,-4.0 (-0.52%) ,0.47,10.23,4.6,0.00,7.07,22.62,(連),3.95,,,,,
2026-08-20,2985,ファーストステージ,東PRO,--,-- (--%) ,0.51,3.78,14.0,0.00,-11.43,18.24,(連),7.69,,,,,
2026-08-20,2986,ＬＡ　ＨＬＤＧ,東G,"2,823",+60.0 (+2.17%) ,2.16,9.68,25.7,0.00,30.78,29.25,(連),3.99,,,,,
2026-08-20,2989,東海道リート投資法人,東REIT,"98,300",+700.0 (+0.72%) ,,,,,,,,,,,,,
2026-08-20,298A,ＧＶＡ　ＴＥＣＨ,東G,322,-7.0 (-2.13%) ,,,,,,,,,,,,,
2026-08-20,2990,アイダ設計,東PRO,--,-- (--%) ,,,,,,,,,,,,,
2026-08-20,2991,ランドネット,東S,542,+1.0 (+0.18%) ,1.17,5.44,23.9,0.00,31.49,31.28,(連),1.85,,,,,
2026-08-20,2992,アーバンライク,東PRO,--,-- (--%) ,2.98,19.25,16.8,0.00,20.00,24.01,(単),0.00,,,,,
2026-08-20,2993,長栄,東S,"2,246",-8.0 (-0.35%) ,0.8,9.90,8.2,0.00,-2.75,16.85,(単),5.57,,,,,
2026-08-20,2994,アンサーＨＬＤＧ,東PRO,--,-- (--%) ,1.83,34.11,5.4,0.00,-85.07,6.71,(連),0.00,,,,,
2026-08-20,2995,ジェイレックス,東PRO,--,-- (--%) ,0.38,3.66,10.9,0.00,6.06,37.66,(単),2.57,,,,,
2026-08-20,2997,ストレージ王,東G,"1,324",0.0 (0.00%) ,1.98,20.91,9.9,0.00,1.18,26.32,(単),0.00,,,,,
2026-08-20,2998,クリアル,東G,543,+38.0 (+7.52%) ,1.71,8.97,23.5,0.00,52.13,25.51,(連),1.47,,,,,
2026-08-20,2999,ホームポジション,東S,611,-6.0 (-0.97%) ,0.99,14.23,8.4,0.00,153.71,39.86,(単),1.64,,,,,
2026-08-20,299A,クラシル,東G,"1,255",+97.0 (+8.38%) ,,,,,,,,,,,,,
2026-08-20,3001,片倉工業,東S,"2,888",+25.0 (+0.87%) ,0.94,15.98,6.3,0.00,31.63,63.8,(連),2.08,,,,,
2026-08-20,3002,グンゼ,東P,"4,185",+10.0 (+0.24%) ,1.17,264.37,0.4,21.02,-39.85,72.75,(連),5.16,150.50,0.03,8.16,-21.29,-2.03
2026-08-20,3003,ヒューリック,東P,"1,763.5",+38.0 (+2.20%) ,1.47,11.72,13.0,0.00,12.05,26.05,(連),3.52,164.11,1.19,-0.07,9.84,22.98
2026-08-20,3004,神栄,東S,"2,109",+17.0 (+0.81%) ,0.76,6.13,13.7,9.83,20.55,36.89,(連),5.22,,,,,
2026-08-20,300A,ＭＩＣ,東S,"3,350",-15.0 (-0.45%) ,2.55,19.33,14.0,0.00,70.95,74.83,(単),2.09,,,,,
2026-08-20,3010,ポラリス・ＨＬＤＧ,東S,192,+3.0 (+1.59%) ,1.4,9.77,15.2,0.00,52.98,46.46,(連),2.60,8.49,-0.40,-2.65,11.52,40.08
2026-08-20,3011,バナーズ,東S,145,+1.0 (+0.69%) ,0.8,10.68,7.7,0.00,-17.41,29.26,(連),3.45,,,,,
2026-08-20,301A,インデックス,東PRO,--,-- (--%) ,0.75,12.44,6.2,0.00,7.35,35.5,(単),0.00,,,,,
2026-08-20,3020,アプライド,東S,"4,365",+20.0 (+0.46%) ,0.86,5.20,17.7,12.79,29.04,62.74,(連),2.98,,,,,
2026-08-20,3021,パシフィックネット,東S,"1,633",+30.0 (+1.87%) ,,,,,,,,,,,,,
2026-08-20,3023,ラサ商事,東S,"2,087",+30.0 (+1.46%) ,0.94,9.36,10.5,9.54,13.51,71.11,(連),3.83,,,,,
2026-08-20,3024,クリエイト,東S,"1,155",-5.0 (-0.43%) ,,,,,,,,,,,,,
2026-08-20,3028,アルペン,東P,"2,378",+25.0 (+1.06%) ,,,,,,,,,,,,,
2026-08-20,302A,ビースタイルＨＬＤＧ,東G,630,-7.0 (-1.10%) ,1.39,35.53,4.0,0.00,-45.85,33.94,(連),0.00,,,,,
2026-08-20,3030,ハブ,東S,849,+13.0 (+1.56%) ,3.13,17.51,19.5,0.00,19.73,50.66,(単),1.30,35.00,-0.87,-13.24,-1.67,6.70
2026-08-20,3031,ラクーンＨＬＤＧ,東P,651,+4.0 (+0.62%) ,2.88,16.44,18.7,0.00,-11.24,21.59,(連),4.15,22.70,-0.67,-53.12,-55.88,10.90
2026-08-20,3032,ゴルフ・ドゥ,名N,247,+9.0 (+3.78%) ,1.37,18.15,8.4,0.00,143.24,21.25,(連),1.21,,,,,
2026-08-20,3034,クオールＨＬＤＧ,東P,"2,528",-23.0 (-0.90%) ,1.65,12.81,12.9,0.00,7.58,36.34,(連),1.98,194.30,-8.42,0.00,-13.11,8.54
2026-08-20,3035,ケイティケイ,東S,779,+22.0 (+2.91%) ,0.95,12.79,7.6,0.00,5.53,47.96,(連),2.18,,,,,
2026-08-20,3036,アルコニックス,東P,"3,320",-10.0 (-0.30%) ,1.26,17.79,7.5,39.40,18.85,35.62,(連),2.62,,,,,
2026-08-20,3038,神戸物産,東P,"2,802",+14.5 (+0.52%) ,3.85,19.46,22.2,0.00,52.27,60.48,(連),1.07,143.44,-52.28,-0.27,5.57,7.18
2026-08-20,303A,ｖｉｓｕｍｏ,東G,595,+7.0 (+1.19%) ,1.77,14.23,12.1,0.00,23.88,67.64,(単),0.00,,,,,
2026-08-20,3040,ソリトンシステムズ,東P,"2,399",+11.0 (+0.46%) ,3.36,19.35,18.0,0.00,38.08,50.51,(連),2.25,,,,,
2026-08-20,3041,ビューティカダンＨＬＤＧ,東S,401,-1.0 (-0.25%) ,2.69,38.08,7.4,0.00,-95.96,21.05,(連),1.31,,,,,
2026-08-20,3042,セキュアヴェイル,東S,299,+7.0 (+2.40%) ,,,,,,,,,,,,,
2026-08-20,3045,カワサキ,東S,"1,492",-7.0 (-0.47%) ,0.55,9.47,6.0,0.00,25.98,71.41,(単),3.35,,,,,
2026-08-20,3046,ジンズＨＬＤＧ,東P,"6,450",+80.0 (+1.26%) ,4.74,18.07,29.1,21.14,56.70,54.85,(連),1.69,368.35,5.45,-0.88,-6.23,15.85
2026-08-20,3048,ビックカメラ,東P,"1,799",+52.5 (+3.01%) ,1.83,17.62,10.9,0.00,19.70,34.17,(連),2.28,115.34,1.20,-0.44,9.05,4.84
2026-08-20,304A,フォルシア,東G,"1,897",+2.0 (+0.11%) ,1.18,47.96,2.5,0.00,-62.63,92.23,(単),0.00,,,,,
2026-08-20,3050,ＤＣＭ　ＨＬＤＧ,東P,"1,607",+28.0 (+1.77%) ,0.75,12.65,6.2,0.00,-5.93,44.45,(連),2.92,126.40,-26.05,3.48,-13.66,2.05
2026-08-20,3053,ペッパーフードサービス,東S,210,+2.0 (+0.96%) ,,,,,,,,,,,,,
2026-08-20,3054,ハイパー,東S,373,+13.0 (+3.61%) ,1.17,14.96,8.1,0.00,36.40,44.25,(連),1.88,,,,,
2026-08-20,3058,三洋堂ＨＬＤＧ,東S,699,-4.0 (-0.57%) ,1.67,14.96,11.6,0.00,66.07,24.19,(連),0.00,,,,,
2026-08-20,3059,ヒラキ,東S,708,0.0 (0.00%) ,,,,,,,,,,,,,
2026-08-20,305A,ダブルツリー,東PRO,--,-- (--%) ,,,,,,,,,,,,,
2026-08-20,3063,ジェイグループＨＬＤＧ,東G,"1,203",-9.0 (-0.74%) ,16.75,55.77,17.4,0.00,0.28,15.7,(連),0.33,23.20,6.86,-19.57,-38.33,11.27
2026-08-20,3064,ＭｏｎｏｔａＲＯ,東P,"1,860",+41.5 (+2.28%) ,7.54,28.50,28.7,0.00,23.41,63.39,(連),1.77,74.90,1.68,-0.54,1.69,14.97
2026-08-20,3065,ライフフーズ,東S,"1,618",-1.0 (-0.06%) ,2.93,139.72,2.1,0.00,-69.08,43.59,(単),0.31,,,,,
2026-08-20,3066,ＪＢイレブン,名M,632,-2.0 (-0.32%) ,,,,,,,,,,,,,
2026-08-20,3067,東京一番フーズ,東S,460,0.0 (0.00%) ,2.46,54.05,4.8,8.55,-24.80,28.9,(連),0.00,,,,,
2026-08-20,3068,ＷＤＩ,東S,"3,030",+10.0 (+0.33%) ,2.89,80.44,3.6,23.64,97.86,27.37,(連),0.56,,,,,
2026-08-20,3069,ＪＦＬＡ　ＨＬＤＧ,東S,167,+1.0 (+0.60%) ,,,,,,,,,,,,,
2026-08-20,3070,ジェリービーンズグループ,東G,72,+4.0 (+5.88%) ,,,,,,,,,,,,,
2026-08-20,3071,ストリーム,東S,104,0.0 (0.00%) ,,,,,,,,,,,,,
2026-08-20,3075,銚子丸,東S,"1,692",0.0 (0.00%) ,2.41,21.00,12.1,0.00,49.16,71.91,(単),0.83,85.40,3.30,37.50,-31.25,19.91
2026-08-20,3076,あいＨＬＤＧ,東P,"2,914",+33.0 (+1.15%) ,,,,,,,,,170.30,-0.71,0.00,8.93,15.30
2026-08-20,3077,ホリイフードサービス,東S,"1,002",+58.0 (+6.14%) ,6.74,34.46,24.4,0.00,-11.67,27.45,(連),0.00,,,,,
2026-08-20,3079,ディーブイエックス,東S,936,-1.0 (-0.11%) ,1.11,43.56,5.1,0.00,-44.46,35.37,(連),5.34,,,,,
2026-08-20,307A,ハウジング・スタッフ,東PRO,--,-- (--%) ,,,,,,,,,,,,,
2026-08-20,3080,ジェーソン,東S,810,+8.0 (+1.00%) ,,,,,,,,,,,,,
2026-08-20,3082,きちりＨＬＤＧ,東S,972,+5.0 (+0.52%) ,,,,,,,,,,,,,
2026-08-20,3083,スターシーズ,東S,957,+7.0 (+0.74%) ,,,,,,,,,,,,,
2026-08-20,3086,Ｊ．フロント　リテイリング,東P,"2,979.5",+94.5 (+3.28%) ,1.78,26.38,6.9,0.00,-20.20,36.4,(連),1.81,127.05,1.88,-0.71,-6.14,2.05
2026-08-20,3087,ドトール・日レスＨＬＤＧ,東P,"3,285",+55.0 (+1.70%) ,1.31,19.24,6.9,0.00,10.40,77.04,(連),1.74,214.17,0.60,14.66,14.66,7.60
2026-08-20,3088,マツキヨココカラ＆カンパニー,東P,"2,560",+39.0 (+1.55%) ,1.87,18.29,10.5,0.00,4.15,71.9,(連),1.95,153.21,1.76,0.13,-2.75,5.06
2026-08-20,3089,テクノアルファ,東S,"1,061",+27.0 (+2.61%) ,0.81,4.54,19.3,7.06,90.82,69.48,(連),3.30,,,,,
2026-08-20,308A,ぽすとめいとＨＬＤＧ,東PRO,--,-- (--%) ,,,,,,,,,,,,,
2026-08-20,3091,ブロンコビリー,東P,"2,724",-21.0 (-0.77%) ,3.73,41.17,9.5,0.00,16.35,81.04,(連),0.51,,,,,
2026-08-20,3092,ＺＯＺＯ,東P,"1,126",+13.0 (+1.17%) ,9.32,20.81,46.6,0.00,6.74,53.86,(連),3.46,58.50,2.37,0.02,-2.02,6.48
2026-08-20,3093,トレジャー・ファクトリー,東P,"2,174",+72.0 (+3.43%) ,4.0,16.07,27.4,0.00,18.99,49.97,(連),1.84,153.60,1.05,1.13,3.46,14.21
2026-08-20,3096,オーシャンシステム,東S,"1,626",+8.0 (+0.49%) ,1.26,13.35,9.8,0.00,2.92,48.3,(連),1.23,,,,,
2026-08-20,3097,物語コーポレーション,東P,"5,680",-70.0 (-1.22%) ,,,,,,,,,,,,,
2026-08-20,3099,三越伊勢丹ＨＬＤＧ,東P,"3,531",+88.0 (+2.56%) ,2.0,16.50,12.5,0.00,-1.74,50.82,(連),1.98,183.61,-1.36,0.97,8.24,0.84
2026-08-20,309A,コスモス調剤,東PRO,--,-- (--%) ,,,,,,,,,,,,,
2026-08-20,3101,東洋紡,東P,"1,606",+31.0 (+1.97%) ,0.66,12.68,5.5,39.11,116.01,33.99,(連),2.49,117.87,-1.97,0.77,19.27,3.17
2026-08-20,3103,ユニチカ,東S,"1,520",+1.0 (+0.07%) ,2.59,4.90,52.4,28.03,121.44,35.69,(連),0.00,,,,,
2026-08-20,3104,富士紡ＨＬＤＧ,東P,"3,505",+90.0 (+2.64%) ,2.29,21.12,11.3,12.36,25.18,71.98,(連),1.71,207.15,0.68,4.47,20.92,12.63
2026-08-20,3105,日清紡ＨＬＤＧ,東P,"2,146",+7.0 (+0.33%) ,1.17,24.09,5.0,37.17,20.18,43.02,(連),1.68,119.33,0.53,9.59,25.83,2.55
2026-08-20,3106,倉敷紡績,東P,"10,320",+180.0 (+1.78%) ,1.25,13.20,10.2,24.57,-6.05,65.49,(連),2.97,,,,,
2026-08-20,3107,ダイワボウＨＬＤＧ,東P,"3,538",+33.0 (+0.94%) ,1.81,9.77,19.9,0.00,26.76,36.75,(連),2.97,287.40,-0.60,-1.33,1.87,0.96
2026-08-20,3109,シキボウ,東P,"1,083",+8.0 (+0.74%) ,0.38,14.45,2.7,16.45,-37.15,38.52,(連),4.62,,,,,
2026-08-20,310A,サーティーフォー,東PRO,--,-- (--%) ,,,,,,,,,,,,,
2026-08-20,3110,日東紡績,東P,"3,170",+174.0 (+5.81%) ,3.32,13.81,27.5,72.50,22.63,61.33,(連),0.80,106.06,-0.56,0.61,37.94,14.42
2026-08-20,3111,オーミケンシ,東S,173,0.0 (0.00%) ,,,,,,,,,,,,,
2026-08-20,3113,ＵＮＩＶＡ・ＯａｋＨＬＤＧ,東S,78,0.0 (0.00%) ,,,,,,,,,,,,,
2026-08-20,3116,トヨタ紡織,東P,"2,265.5",+69.5 (+3.16%) ,0.83,17.39,5.0,57.32,31.47,41.04,(連),3.80,267.68,0.08,0.30,-1.05,3.79
2026-08-20,3121,マーチャント・バンカーズ,東S,249,+3.0 (+1.22%) ,,,,,,,,,,,,,
2026-08-20,3123,サイボー,東S,649,+4.0 (+0.62%) ,0.42,7.83,5.7,0.00,8.02,45.42,(連),2.62,,,,,
2026-08-20,312A,シンコーＨＬＤＧ,東PRO,--,-- (--%) ,0.98,10.36,9.9,0.00,-23.53,15.04,(連),0.00,,,,,
2026-08-20,3131,シンデン・ハイテックス,東S,"6,140",-90.0 (-1.44%) ,1.55,32.89,4.7,50.44,-43.70,33.73,(連),2.12,,,,,
2026-08-20,3132,マクニカＨＬＤＧ,東P,"3,349",+64.0 (+1.95%) ,2.14,21.53,10.5,54.81,0.20,39.8,(連),2.09,237.14,0.27,6.09,16.76,22.67
2026-08-20,3133,海帆,東G,77,+2.0 (+2.67%) ,,,,,,,,,,,,,
2026-08-20,3134,Ｈａｍｅｅ,東S,309,+10.0 (+3.34%) ,0.68,9.13,6.1,17.22,-67.64,53.45,(連),7.28,16.90,-0.37,-45.00,-86.67,-0.21
2026-08-20,3135,マーケットエンタープライズ,東S,"1,144",+37.0 (+3.34%) ,,,,,,,,,,,,,
2026-08-20,3137,ファンデリー,東S,206,-1.0 (-0.48%) ,,,,,,,,,,,,,
2026-08-20,3138,富士山マガジンサービス,東S,"1,144",-2.0 (-0.17%) ,1.57,47.69,3.3,0.00,-43.62,42.16,(連),2.62,,,,,
2026-08-20,3139,ラクト・ジャパン,東P,"3,425",+25.0 (+0.74%) ,1.05,7.91,14.4,15.78,34.17,35.93,(連),3.85,347.31,-0.50,-3.04,-7.88,7.31
2026-08-20,313A,ｉＳ　Ｓ＆Ｐ５００トップ２０,東ETF,262.5,-0.2 (-0.08%) ,,,,,,,,,,,,,
2026-08-20,3140,ＢＲＵＮＯ,東G,"1,020",+4.0 (+0.39%) ,,,,,,,,,,,,,
2026-08-20,3143,オーウイル,東S,698,+7.0 (+1.01%) ,,,,,,,,,,,,,
2026-08-20,3148,クリエイトＳＤ　ＨＬＤＧ,東P,"3,425",+30.0 (+0.88%) ,,,,,,,,,,,,,
2026-08-20,314A,ｉＳ　ゴールド,東ETF,337.7,+10.7 (+3.27%) ,,,,,,,,,,,,,
2026-08-20,3150,グリムス,東P,"2,538",+56.0 (+2.26%) ,3.0,11.97,27.4,0.00,9.69,67.98,(連),3.35,235.65,0.96,-5.88,-5.88,6.20
2026-08-20,3151,バイタルケーエスケーＨＬＤＧ,東P,"1,646",+42.0 (+2.62%) ,0.68,10.81,6.6,0.00,12.22,36.57,(連),4.25,,,,,
2026-08-20,3153,八洲電機,東P,"2,833",+82.0 (+2.98%) ,1.68,11.73,15.4,0.00,38.41,49.53,(連),1.59,,,,,
2026-08-20,3154,メディアスＨＬＤＧ,東P,809,-6.0 (-0.74%) ,,,,,,,,,,,,,
2026-08-20,3156,レスター,東P,"4,730",+25.0 (+0.53%) ,1.43,17.29,8.6,39.60,43.97,26.62,(連),2.71,334.38,0.64,-5.04,2.52,12.23
2026-08-20,3157,ジオリーブグループ,東S,"1,435",+24.0 (+1.70%) ,0.76,8.91,8.9,0.00,8.85,25.97,(連),3.48,,,,,
2026-08-20,3159,丸善ＣＨＩ　ＨＬＤＧ,東S,399,-1.0 (-0.25%) ,0.68,11.07,6.3,0.00,59.03,39.76,(連),1.50,,,,,
2026-08-20,315A,ＧＸ　銀行高配当日本株式ＥＴＦ,東ETF,"1,861",-10.0 (-0.53%) ,,,,,,,,,,,,,
2026-08-20,3160,大光,東S,578,-2.0 (-0.34%) ,,,,,,,,,,,,,
2026-08-20,3161,アゼアス,東S,675,+9.0 (+1.35%) ,0.56,27.86,2.0,2.76,-1.38,80.7,(連),3.41,,,,,
2026-08-20,3166,ＯＣＨＩ　ＨＬＤＧ,東S,"1,454",+7.0 (+0.48%) ,0.77,14.46,5.4,0.00,16.23,35.55,(連),3.71,,,,,
2026-08-20,3167,ＴＯＫＡＩ　ＨＬＤＧ,東P,"1,252",+11.0 (+0.89%) ,1.58,15.17,11.0,0.00,10.26,46.39,(連),2.88,86.60,2.93,9.04,7.82,2.94
2026-08-20,3168,ＭＥＲＦ,東S,"1,427",+14.0 (+0.99%) ,,,,,,,,,,,,,
2026-08-20,3169,ミサワ,東S,661,+1.0 (+0.15%) ,1.44,37.45,3.9,0.00,-21.67,58.73,(単),1.21,,,,,
2026-08-20,316A,ｉＦｒｅｅＥＴＦ　ＦＡＮＧ＋,東ETF,"2,688",+24.0 (+0.90%) ,,,,,,,,,,,,,
2026-08-20,3172,ティーライフ,東S,"1,125",-1.0 (-0.09%) ,0.75,13.38,5.6,0.00,-19.68,73.28,(連),3.56,,,,,
2026-08-20,3173,Ｃｏｍｉｎｉｘ,東S,"1,415",+37.0 (+2.69%) ,1.13,13.83,8.5,31.03,88.28,33.76,(連),2.47,,,,,
2026-08-20,3174,ハピネス・アンド・ディ,東S,405,+3.0 (+0.75%) ,,,,,,,,,,,,,
2026-08-20,3175,エー・ピーＨＬＤＧ,東S,944,-1.0 (-0.11%) ,-68.19,11.17,213.6,9.41,184.98,14.01,(連),0.00,,,,,
2026-08-20,3176,三洋貿易,東P,"1,115",+4.0 (+0.36%) ,1.25,13.92,9.3,32.40,-12.98,62.86,(連),2.56,107.08,0.31,29.18,-3.65,1.91
2026-08-20,3177,ありがとうサービス,東S,"4,360",+15.0 (+0.35%) ,1.18,8.17,15.3,14.20,8.39,51.83,(連),3.10,,,,,
2026-08-20,3178,チムニー,東S,"1,182",+12.0 (+1.03%) ,3.56,45.20,8.1,0.00,-49.15,40.34,(連),0.85,,,,,
2026-08-20,3179,シュッピン,東P,"1,284",+51.0 (+4.14%) ,,,,,,,,,87.20,1.34,-3.06,-25.28,2.46
2026-08-20,317A,エス・エム・エス・データテック,東PRO,--,-- (--%) ,,,,,,,,,,,,,
2026-08-20,3180,ビューティガレージ,東P,"1,557",-13.0 (-0.83%) ,2.33,20.93,11.6,0.00,-4.92,45.31,(連),1.03,110.03,0.30,0.46,-9.75,12.63
2026-08-20,3181,買取王国,東S,"1,083",+11.0 (+1.03%) ,1.17,11.07,11.1,0.00,17.42,57.07,(単),0.92,,,,,
2026-08-20,3182,オイシックス,東P,"1,781",+60.0 (+3.49%) ,,,,,,,,,138.50,2.05,3.98,-7.76,-1.15
2026-08-20,3183,ウイン・パートナーズ,東P,"1,283",+10.0 (+0.79%) ,1.51,16.89,8.9,0.00,7.86,46.0,(連),4.21,,,,,
2026-08-20,3184,ＩＣＤＡ　ＨＬＤＧ,東S,"4,265",-150.0 (-3.40%) ,0.76,7.06,11.5,0.00,8.45,52.68,(連),1.64,,,,,
2026-08-20,3185,夢展望,東G,142,-1.0 (-0.70%) ,,,,,,,,,,,,,
2026-08-20,3186,ネクステージ,東P,"3,585",+160.0 (+4.67%) ,3.54,22.18,16.9,0.00,52.22,34.92,(連),1.26,232.63,0.35,-0.13,41.70,18.45
2026-08-20,3187,ミラタップ,東G,358,-22.0 (-5.79%) ,,,,,,,,,,,,,
2026-08-20,3189,ＡＮＡＰ　ＨＬＤＧ,東S,113,+6.0 (+5.61%) ,,,,,,,,,,,,,
2026-08-20,318A,ＶＩＸ短期先物指数ＥＴＦ,東ETF,375.7,-17.3 (-4.40%) ,,,,,,,,,,,,,
2026-08-20,3190,ホットマン,東S,581,-1.0 (-0.17%) ,0.53,11.48,4.7,0.00,-3.83,46.57,(単),1.89,,,,,
2026-08-20,3191,ジョイフル本田,東P,"2,300",+25.0 (+1.10%) ,,,,,,,,,,,,,
2026-08-20,3192,白鳩,東S,298,-2.0 (-0.67%) ,0.79,6.30,13.3,0.00,"-7,550.00",43.55,(単),0.00,,,,,
2026-08-20,3193,エターナルホスピタリティグルー,東P,"1,479",+14.0 (+0.96%) ,3.49,19.82,18.6,0.00,-4.85,45.71,(連),1.56,,,,,
2026-08-20,3195,ジェネレーションパス,東S,642,+6.0 (+0.94%) ,2.76,32.29,8.9,0.00,709.09,40.59,(連),0.00,,,,,
2026-08-20,3196,ホットランドＨＬＤＧ,東P,"1,674",+15.0 (+0.90%) ,3.14,87.78,3.5,0.00,-40.30,33.89,(連),0.78,30.40,0.93,17.00,-41.50,11.06
2026-08-20,3197,すかいらーくＨＬＤＧ,東P,"3,308",+53.0 (+1.63%) ,4.01,44.93,9.3,0.00,22.40,36.17,(連),0.67,91.13,1.53,0.81,21.29,11.44
2026-08-20,3199,綿半ＨＬＤＧ,東P,"1,330",+4.0 (+0.30%) ,1.02,12.03,9.0,0.00,2.41,29.36,(連),2.26,,,,,
2026-08-20,319A,技術承継機構,東G,"20,200","+2,040.0 (+11.23%) ",19.4,57.09,47.1,10.63,-8.53,29.89,(連),0.00,,,,,
2026-08-20,3201,日本毛織,東P,"1,962",+29.0 (+1.50%) ,1.0,14.83,7.1,0.00,7.18,69.38,(連),2.40,,,,,
2026-08-20,3202,ダイトウボウ,東S,127,+1.0 (+0.79%) ,0.76,41.91,1.9,0.00,-4.13,24.9,(連),2.36,,,,,
2026-08-20,3204,トーア紡コーポレーション,東S,500,+5.0 (+1.01%) ,0.32,6.71,4.8,0.00,-14.70,40.73,(連),2.80,,,,,
2026-08-20,3205,ダイドーリミテッド,東S,740,+12.0 (+1.65%) ,1.99,10.66,17.6,20.60,175.97,27.26,(連),6.76,,,,,
2026-08-20,320A,Ｄ＆Ｉ,東PRO,--,-- (--%) ,,,,,,,,,,,,,
2026-08-20,321A,ヒューマンステージＨＬＤＧ,東PRO,--,-- (--%) ,,,,,,,,,,,,,
2026-08-20,3221,ヨシックスＨＬＤＧ,東P,"3,385",+35.0 (+1.04%) ,2.61,17.12,16.4,0.00,28.34,77.14,(連),0.89,238.90,0.68,0.00,24.81,11.15
2026-08-20,3222,ユナイテッド・スーパーマーケッ,東S,831,-2.0 (-0.24%) ,,,,,,,,,0.80,-9.90,0.00,-22.77,17.13
2026-08-20,3223,エスエルディー,東S,928,0.0 (0.00%) ,,,,,,,,,,,,,
2026-08-20,3224,ゼネラル・オイスター,東G,695,0.0 (0.00%) ,,,,,,,,,,,,,
2026-08-20,3226,三井不動産アコモデーションファ,東REIT,"120,400","+1,700.0 (+1.43%) ",,,,,,,,,"4,247.30",-3.47,1.71,0.29,-1.27
2026-08-20,322A,ヒメジ理化,東PRO,--,-- (--%) ,,,,,,,,,,,,,
2026-08-20,3231,野村不動産ＨＬＤＧ,東P,922.9,+17.1 (+1.89%) ,0.98,9.54,10.7,0.00,16.93,28.5,(連),4.33,102.27,1.56,-0.54,0.65,18.93
2026-08-20,3232,三重交通グループＨＬＤＧ,東P,565,+3.0 (+0.53%) ,0.81,9.08,9.4,0.00,13.62,36.62,(連),3.19,60.70,-3.76,2.30,2.30,3.59
2026-08-20,3234,森ヒルズリート投資法人,東REIT,"128,700","+2,200.0 (+1.74%) ",,,,,,,,,"6,188.51",-13.97,2.31,0.84,0.57
2026-08-20,3236,プロパスト,東S,288,+4.0 (+1.41%) ,,,,,,,,,,,,,
2026-08-20,3237,イントランス,東G,106,+2.0 (+1.92%) ,,,,,,,,,,,,,
2026-08-20,3238,セントラル総合開発,東S,388,+4.0 (+1.04%) ,0.36,25.26,1.4,0.00,-60.26,22.35,(連),1.29,,,,,
2026-08-20,323A,フライヤー,東G,370,+3.0 (+0.82%) ,4.13,94.87,4.4,0.00,"1,400.00",24.05,(連),0.00,,,,,
2026-08-20,3241,ウィル,東S,593,+1.0 (+0.17%) ,,,,,,,,,,,,,
2026-08-20,3242,アーバネットコーポレーション,東S,521,+5.0 (+0.97%) ,,,,,,,,,,,,,
2026-08-20,3245,ディア・ライフ,東P,"1,158",+4.0 (+0.35%) ,1.79,9.47,20.2,0.00,68.19,59.3,(連),5.44,,,,,
2026-08-20,3246,コーセーアールイー,東S,672,0.0 (0.00%) ,0.64,9.81,6.7,0.00,96.01,53.91,(連),3.57,,,,,
2026-08-20,3248,アールエイジ,東S,889,+4.0 (+0.45%) ,0.6,10.09,6.0,0.00,-50.37,31.13,(連),4.05,,,,,
2026-08-20,3249,産業ファンド投資法人,東REIT,"138,300","+1,300.0 (+0.95%) ",,,,,,,,,"7,486.77",3.78,-10.75,13.52,8.49
2026-08-20,324A,ブッキングリゾート,東G,746,+16.0 (+2.19%) ,2.27,11.77,20.1,0.00,3.63,75.32,(単),0.00,,,,,
2026-08-20,3252,地主,東P,"3,000",+58.0 (+1.97%) ,,,,,,,,,405.25,0.55,-0.24,3.50,29.66
2026-08-20,325A,ＴＥＮＴＩＡＬ,東G,"1,815",+29.0 (+1.62%) ,8.86,48.98,23.5,0.00,-19.54,61.74,(単),0.00,,,,,
2026-08-20,3260,エスポア,名N,668,-38.0 (-5.38%) ,,,,,,,,,,,,,
2026-08-20,3261,グランディーズ,東G,408,-1.0 (-0.24%) ,,,,,,,,,,,,,
2026-08-20,3266,ファンドクリエーショングループ,東S,79,-1.0 (-1.25%) ,0.9,9.08,10.3,11.39,46.92,45.17,(連),1.27,,,,,
2026-08-20,3267,フィル・カンパニー,東S,655,+5.0 (+0.77%) ,1.05,8.84,12.7,0.00,39.46,33.25,(連),3.05,,,,,
2026-08-20,3269,アドバンス・レジデンス投資法人,東REIT,"146,500","+1,500.0 (+1.03%) ",,,,,,,,,"6,235.52",2.78,0.05,11.36,-2.02
2026-08-20,326A,ａｅｒｏ　ｌａｂ　ｉｎｔｅｒｎ,東PRO,--,-- (--%) ,,,,,,,,,,,,,
2026-08-20,3276,ＪＰＭＣ,東P,"2,244",0.0 (0.00%) ,4.05,20.93,19.4,0.00,-3.01,53.08,(連),2.67,,,,,
2026-08-20,3277,サンセイランディック,東S,811,-1.0 (-0.12%) ,0.97,10.21,9.8,0.00,16.85,33.31,(連),2.84,,,,,
2026-08-20,3279,アクティビア・プロパテ投資法人,東REIT,"137,500","+1,000.0 (+0.73%) ",,,,,,,,,"6,960.17",1.26,-0.62,18.40,2.51
2026-08-20,3280,エストラスト,東S,938,+2.0 (+0.21%) ,0.53,3.99,14.0,0.00,1.61,28.73,(連),3.20,,,,,
2026-08-20,3281,ＧＬＰ投資法人,東REIT,"140,300","+2,200.0 (+1.59%) ",,,,,,,,,"6,205.94",-5.93,-1.29,8.17,1.76
2026-08-20,3282,コンフォリア・レジデン投資法人,東REIT,"99,400","+1,000.0 (+1.02%) ",,,,,,,,,,,,,
2026-08-20,3283,日本プロロジスリート投資法人,東REIT,"87,700",+700.0 (+0.80%) ,,,,,,,,,"3,465.54",-4.98,-0.25,-1.17,0.52
2026-08-20,3284,フージャースＨＬＤＧ,東P,"1,335",+28.0 (+2.14%) ,1.03,7.23,15.0,0.00,37.38,28.04,(連),5.54,,,,,
2026-08-20,3286,トラストＨＬＤＧ,東S,891,-1.0 (-0.11%) ,,,,,,,,,,,,,
2026-08-20,3287,星野リゾート・リート投資法人,東REIT,"241,100","+1,500.0 (+0.63%) ",,,,,,,,,"12,876.69",0.99,-3.95,-1.73,13.73
2026-08-20,3288,オープンハウスグループ,東P,"8,113",+163.0 (+2.05%) ,1.7,9.27,20.1,0.00,15.97,38.08,(連),2.19,"1,071.68",0.34,0.22,13.74,7.60
2026-08-20,3289,東急不動産ＨＬＤＧ,東P,"1,343.5",+35.0 (+2.67%) ,1.07,9.92,11.2,0.00,14.44,26.27,(連),3.57,144.48,1.39,1.45,14.43,10.55
2026-08-20,328A,ＧＸ　プライシングパワー・リー,東ETF,"1,365",+19.0 (+1.41%) ,,,,,,,,,,,,,
2026-08-20,3290,Ｏｎｅリート投資法人,東REIT,"77,400",+600.0 (+0.78%) ,,,,,,,,,,,,,
2026-08-20,3291,飯田グループＨＬＤＧ,東P,"2,330.5",+37.0 (+1.61%) ,0.63,10.17,6.3,0.00,21.03,50.83,(連),4.29,242.17,1.69,1.64,9.09,6.27
2026-08-20,3292,イオンリート投資法人,東REIT,"120,400","+1,300.0 (+1.09%) ",,,,,,,,,,,,,
2026-08-20,3293,アズマハウス,東S,773,+4.0 (+0.52%) ,0.36,12.33,2.9,0.00,-20.40,53.95,(連),4.53,,,,,
2026-08-20,3295,ヒューリックリート投資法人,東REIT,"154,800","+1,600.0 (+1.04%) ",,,,,,,,,,,,,
2026-08-20,3296,日本リート投資法人,東REIT,"82,400","+1,100.0 (+1.35%) ",,,,,,,,,"4,802.00",-0.78,1.28,8.53,1.69
2026-08-20,3297,東武住販,東S,"1,189",+5.0 (+0.42%) ,,,,,,,,,,,,,
2026-08-20,3299,ムゲンエステート,東S,"1,724",+19.0 (+1.11%) ,1.13,6.05,19.7,0.00,12.34,33.47,(連),6.61,319.40,0.45,-0.91,-0.91,12.50
2026-08-20,329A,ジールアソシエイツ,東PRO,--,-- (--%) ,,,,,,,,,,,,,
2026-08-20,3300,アンビション　ＤＸ　ＨＬＤＧ,東G,"1,944",+10.0 (+0.52%) ,,,,,,,,,,,,,
2026-08-20,3302,帝国繊維,東P,"3,345",+105.0 (+3.24%) ,,,,,,,,,167.80,1.29,5.01,-24.94,10.63
2026-08-20,3306,日本製麻,東S,592,-5.0 (-0.84%) ,1.23,4.47,32.4,51.21,-117.94,59.26,(単),1.69,,,,,
2026-08-20,3309,積水ハウス・リート投資法人,東REIT,"73,600",+100.0 (+0.14%) ,,,,,,,,,"4,491.31",-26.74,46.71,37.42,-3.87
2026-08-20,330A,ＴａｌｅｎｔＸ,東G,515,+20.0 (+4.04%) ,3.33,11.64,37.6,0.00,22.10,52.64,(連),0.00,,,,,
2026-08-20,3315,日本コークス工業,東P,105,+5.0 (+5.00%) ,,,,,,,,,,,,,
2026-08-20,3317,フライングガーデン,東S,"1,490",+11.0 (+0.74%) ,,,,,,,,,,,,,
2026-08-20,331A,メディックス,東S,490,-3.0 (-0.61%) ,1.09,8.73,12.7,0.00,-30.49,44.44,(連),3.67,,,,,
2026-08-20,3320,クロスプラス,東S,"1,309",+20.0 (+1.55%) ,0.5,5.52,9.7,0.00,28.31,65.5,(連),3.82,,,,,
2026-08-20,3321,ミタチ産業,東S,"1,670",+23.0 (+1.40%) ,0.74,6.25,12.7,14.23,28.48,43.67,(連),4.79,,,,,
2026-08-20,3323,レカム,東S,92,+2.0 (+2.22%) ,,,,,,,,,,,,,
2026-08-20,3326,ランシステム,東S,652,0.0 (0.00%) ,8.63,27.22,37.6,0.00,-4.50,7.68,(連),0.00,,,,,
2026-08-20,3329,東和フードサービス,東S,"2,121",+1.0 (+0.05%) ,2.2,22.79,9.7,0.00,3.09,79.16,(単),1.04,,,,,
2026-08-20,332A,ミーク,東G,"1,105",+17.0 (+1.56%) ,2.08,14.39,14.9,0.00,43.41,73.06,(連),0.00,,,,,
2026-08-20,3333,あさひ,東P,"1,360",+10.0 (+0.74%) ,0.88,15.61,5.7,0.00,-25.90,71.61,(単),3.68,104.80,0.64,4.96,-22.11,2.66
2026-08-20,333A,テクノスマイル,東PRO,--,-- (--%) ,,,,,,,,,,,,,
2026-08-20,3346,ヒロタグループＨＬＤＧ,名N,83,0.0 (0.00%) ,,,,,,,,,,,,,
2026-08-20,3349,コスモス薬品,東P,"6,444",+7.0 (+0.11%) ,,,,,,,,,401.11,-20.15,0.28,-5.00,8.24
2026-08-20,334A,ビジュアル・プロセッシング・ジ,東G,926,0.0 (0.00%) ,2.4,16.80,17.1,0.00,34.78,75.22,(単),1.73,,,,,
2026-08-20,3350,メタプラネット,東S,253,+35.0 (+16.06%) ,,,,,,,,,,,,,
2026-08-20,3352,バッファロー,東S,"1,733",+5.0 (+0.29%) ,0.63,9.25,6.9,0.00,18.75,66.07,(連),3.75,,,,,
2026-08-20,3353,メディカル一光グループ,東S,"2,877",+19.0 (+0.66%) ,0.69,8.49,8.6,0.00,2.37,41.6,(連),4.17,,,,,
2026-08-20,3355,クリヤマＨＬＤＧ,東S,"1,807",+33.0 (+1.86%) ,0.72,9.01,8.4,62.18,-8.06,54.81,(連),3.38,197.80,-6.64,-5.17,-5.17,11.71
2026-08-20,3358,Ｔｒａｉｌｈｅａｄ　Ｇｌｏｂａ,東S,99,+3.0 (+3.13%) ,,,,,,,,,,,,,
2026-08-20,3359,ｃｏｔｔａ,東G,520,+5.0 (+0.97%) ,1.23,12.64,10.2,0.00,44.38,43.11,(連),1.92,56.50,0.25,16.28,11.11,32.01
2026-08-20,335A,ミライロ,東G,368,-40.0 (-9.80%) ,,,,,,,,,,,,,
2026-08-20,3360,シップヘルスケアＨＬＤＧ,東P,"2,410.5",+30.5 (+1.28%) ,1.47,16.72,8.9,0.00,1.18,39.23,(連),2.49,174.68,0.65,-0.95,-7.40,4.49
2026-08-20,3361,トーエル,東S,877,+2.0 (+0.23%) ,0.75,10.20,7.6,0.00,8.39,76.76,(連),2.62,,,,,
2026-08-20,336A,ダイナミックマッププラットフォ,東G,848,+44.0 (+5.47%) ,,,,,,,,,,,,,
2026-08-20,3370,フジタコーポレーション,東S,467,0.0 (0.00%) ,,,,,,,,,,,,,
2026-08-20,3371,ソフトクリエイトＨＬＤＧ,東P,"2,138",+20.0 (+0.94%) ,2.11,12.79,18.2,0.00,13.53,59.73,(連),2.90,,,,,
2026-08-20,3372,関門海,東S,219,-1.0 (-0.45%) ,,,,,,,,,,,,,
2026-08-20,3374,内外テック,東S,"3,945",+40.0 (+1.02%) ,1.08,14.20,7.9,0.00,-8.92,50.88,(連),2.66,,,,,
2026-08-20,3375,ＺＯＡ,東S,"1,730",+2.0 (+0.12%) ,0.68,6.64,10.7,0.00,13.33,60.34,(単),4.34,,,,,
2026-08-20,3377,バイク王＆カンパニー,東S,394,0.0 (0.00%) ,0.8,17.06,4.8,0.00,41.95,53.79,(連),2.79,46.10,0.09,5.00,16.67,8.11
2026-08-20,3382,セブン＆アイＨＬＤＧ,東P,"2,032.5",+2.5 (+0.12%) ,1.3,17.11,7.6,82.32,0.75,39.6,(連),2.46,121.19,8.39,0.64,4.83,-7.30
2026-08-20,3384,アークコア,名N,762,+1.0 (+0.13%) ,0.88,4.78,20.4,0.00,-25.91,53.94,(単),0.00,,,,,
2026-08-20,3386,コスモ・バイオ,東S,"1,238",+5.0 (+0.41%) ,0.75,20.89,3.7,0.00,34.34,74.02,(連),4.04,,,,,
2026-08-20,3387,クリエイト・レストランツＨＬＤ,東P,774,+7.0 (+0.91%) ,7.45,69.67,11.1,0.00,2.64,31.34,(連),0.58,13.50,2.67,-20.00,-20.00,6.22
2026-08-20,3388,明治電機工業,東P,"2,087",+15.0 (+0.72%) ,0.7,9.35,7.9,14.95,13.74,66.34,(連),4.31,,,,,
2026-08-20,338A,ＺｅｎｍｕＴｅｃｈ,東G,"1,993",+64.0 (+3.32%) ,,,,,,,,,,,,,
2026-08-20,3391,ツルハＨＬＤＧ,東P,"2,384",-1.5 (-0.06%) ,1.23,16.49,7.4,0.00,66.72,53.11,(連),2.08,102.81,-0.80,0.64,64.98,73.73
2026-08-20,3392,デリカフーズＨＬＤＧ,東S,793,-4.0 (-0.50%) ,1.23,8.49,15.6,0.00,145.70,35.35,(連),3.15,107.70,0.48,4.08,82.14,6.46
2026-08-20,3393,スターティアＨＬＤＧ,東P,"3,020",+53.0 (+1.79%) ,,,,,,,,,,,,,
2026-08-20,3395,サンマルクＨＬＤＧ,東P,"2,478",+27.0 (+1.10%) ,1.69,19.79,8.7,0.00,31.75,44.69,(連),2.10,142.30,1.28,-4.39,-4.39,14.07
2026-08-20,3396,フェリシモ,東S,875,+1.0 (+0.11%) ,0.32,17.37,1.8,0.00,106.17,70.05,(連),2.29,,,,,
2026-08-20,3397,トリドールＨＬＤＧ,東P,"4,262",-27.0 (-0.63%) ,4.05,196.86,2.6,36.32,51.71,29.9,(連),0.26,80.39,0.20,0.95,-9.19,3.60
2026-08-20,3399,丸千代山岡家,東S,"3,920",+120.0 (+3.16%) ,7.62,20.89,43.9,0.00,26.38,55.4,(単),0.59,188.30,60.10,6.00,3.92,18.30
2026-08-20,339A,プログレス・テクノロジーズ,東G,933,+19.0 (+2.08%) ,1.2,6.10,24.4,0.00,100.82,52.28,(連),3.22,,,,,
2026-08-20,3401,帝人,東P,"1,735.5",+9.0 (+0.52%) ,,,,,,,,,281.04,-0.04,1.91,118.99,-6.75
2026-08-20,3402,東レ,東P,"1,301",+22.0 (+1.72%) ,1.05,24.57,4.5,59.58,-5.85,51.77,(連),1.54,64.57,0.92,0.82,-6.97,4.07
2026-08-20,3405,クラレ,東P,"1,831.5",+16.5 (+0.91%) ,0.76,77.54,1.0,79.99,-36.78,56.97,(連),2.95,110.96,0.04,-1.09,-43.27,2.00
2026-08-20,3407,旭化成,東P,"1,634",+17.5 (+1.08%) ,1.06,13.97,8.0,55.11,19.10,50.47,(連),2.57,125.14,1.87,0.35,5.16,3.98
2026-08-20,3409,北紡,東S,96,+1.0 (+1.05%) ,,,,,,,,,,,,,
2026-08-20,340A,ジグザグ,東G,322,+8.0 (+2.55%) ,,,,,,,,,,,,,
2026-08-20,3415,ＴＯＫＹＯ　ＢＡＳＥ,東P,375,+9.0 (+2.46%) ,2.63,13.48,21.3,7.75,28.07,42.04,(連),1.60,32.95,0.62,-2.17,12.50,16.55
2026-08-20,3416,ピクスタ,東S,888,+9.0 (+1.02%) ,,,,,,,,,,,,,
2026-08-20,3417,大木ヘルスケアＨＬＤＧ,東S,"1,060",0.0 (0.00%) ,,,,,,,,,,,,,
2026-08-20,3418,バルニバービ,東G,"1,053",+12.0 (+1.15%) ,1.91,25.41,9.3,0.00,-3.87,43.9,(連),0.71,29.60,-1.25,-4.92,-42.00,5.94
2026-08-20,3419,アートグリーン,名N,"1,978",+2.0 (+0.10%) ,4.41,682.07,0.6,0.00,-66.67,36.99,(連),0.00,,,,,
2026-08-20,341A,トヨコー,東G,"2,025",+41.0 (+2.07%) ,,,,,,,,,,,,,
2026-08-20,3420,ケー・エフ・シー,東S,"1,613",+3.0 (+0.19%) ,0.54,11.37,4.8,0.00,-19.53,73.95,(連),4.03,,,,,
2026-08-20,3421,稲葉製作所,東S,"1,722",+4.0 (+0.23%) ,0.62,17.94,3.5,0.00,-35.42,74.02,(連),2.44,,,,,
2026-08-20,3422,Ｊ−ＭＡＸ,東S,638,+3.0 (+0.47%) ,0.38,8.22,4.8,63.26,313.08,30.83,(連),0.78,,,,,
2026-08-20,3423,エスイー,東S,278,+3.0 (+1.09%) ,,,,,,,,,,,,,
2026-08-20,3426,アトムリビンテック,東S,"1,287",+2.0 (+0.16%) ,,,,,,,,,,,,,
2026-08-20,3431,宮地エンジニアリンググループ,東P,"1,623",+5.0 (+0.31%) ,1.0,13.19,7.8,0.00,-49.14,52.23,(連),6.01,,,,,
2026-08-20,3433,トーカロ,東P,"2,828",+43.0 (+1.54%) ,2.52,16.71,15.8,30.37,17.39,74.76,(連),3.01,185.45,1.59,5.50,8.67,13.41
2026-08-20,3434,アルファＣｏ,東S,"1,245",+3.0 (+0.24%) ,0.31,8.65,3.7,71.93,165.68,50.33,(連),4.02,,,,,
2026-08-20,3435,サンコーテクノ,東S,"1,460",0.0 (0.00%) ,0.58,7.26,8.3,0.00,42.22,69.39,(連),2.88,,,,,
2026-08-20,3436,ＳＵＭＣＯ,東P,"3,456",-61.0 (-1.73%) ,,,,,,,,,,,,,
2026-08-20,3437,特殊電極,東S,"2,750",0.0 (0.00%) ,0.55,9.52,5.9,0.00,-6.97,65.77,(連),3.67,,,,,
2026-08-20,3439,三ツ知,東S,685,0.0 (0.00%) ,,,,,,,,,,,,,
2026-08-20,343A,ＩＡＣＥトラベル,東S,"1,321",-3.0 (-0.23%) ,1.47,11.86,14.8,12.79,28.62,74.29,(連),2.27,,,,,
2026-08-20,3440,日創グループ,東S,946,-6.0 (-0.63%) ,,,,,,,,,,,,,
2026-08-20,3441,山王,東S,"2,683",+47.0 (+1.78%) ,1.72,15.54,11.6,28.79,122.04,52.56,(連),0.82,,,,,
2026-08-20,3442,ＭＩＥコーポレーション,名M,--,-- (--%) ,0.6,4.61,13.9,0.00,11.79,38.5,(連),2.48,,,,,
2026-08-20,3443,川田テクノロジーズ,東P,"1,414",+33.0 (+2.39%) ,,,,,,,,,171.60,3.88,-10.16,-10.16,-4.39
2026-08-20,3444,菊池製作所,東S,"1,037",+40.0 (+4.01%) ,2.09,121.43,1.9,14.83,74.89,65.36,(連),0.96,,,,,
2026-08-20,3445,ＲＳ　Ｔｅｃｈｎｏｌｏｇｉｅｓ,東P,"5,570",-60.0 (-1.07%) ,1.84,15.85,12.5,69.12,6.17,39.06,(連),0.81,402.75,0.95,-0.27,-4.92,20.00
2026-08-20,3446,ジェイテックコーポレーション,東S,"1,638",+54.0 (+3.41%) ,,,,,,,,,60.62,0.05,0.00,-41.11,22.08
2026-08-20,3447,信和,東S,"1,027",+17.0 (+1.68%) ,0.82,8.14,10.5,0.00,54.39,52.87,(連),3.31,,,,,
2026-08-20,3448,清鋼材,東PRO,--,-- (--%) ,,,,,,,,,,,,,
2026-08-20,3449,テクノフレックス,東S,"4,005",+215.0 (+5.67%) ,2.86,23.50,12.7,13.54,83.79,65.88,(連),1.72,196.30,1.34,-0.96,60.94,17.92
2026-08-20,3451,トーセイ・リート投資法人,東REIT,"131,500","+1,200.0 (+0.92%) ",,,,,,,,,,,,,
2026-08-20,3452,ビーロット,東S,"1,493",+18.0 (+1.22%) ,1.39,6.33,23.5,0.00,11.02,19.74,(連),4.89,,,,,
2026-08-20,3454,ファーストブラザーズ,東S,"1,263",-7.0 (-0.55%) ,0.68,10.12,6.9,0.00,102.14,29.1,(連),2.77,,,,,
2026-08-20,3455,ヘルスケア＆メディカル投資法人,東REIT,"99,000","-4,100.0 (-3.98%) ",,,,,,,,,,,,,
2026-08-20,3457,Ａｎｄ　ＤｏＨＬＤＧ,東P,921,+2.0 (+0.22%) ,1.0,7.75,13.1,0.00,-14.87,25.61,(連),4.89,,,,,
2026-08-20,3459,サムティ・レジデンシャル投資,東REIT,"89,200",+600.0 (+0.68%) ,,,,,,,,,,,,,
2026-08-20,345A,高配当成長日本株ＥＴＮ,東ETF,"15,445",+50.0 (+0.32%) ,,,,,,,,,,,,,
2026-08-20,3461,パルマ,東S,607,+6.0 (+1.00%) ,1.7,33.54,5.1,0.00,32.62,63.81,(単),1.98,,,,,
2026-08-20,3462,野村不動産マスターファンド,東REIT,"150,400","+1,300.0 (+0.87%) ",,,,,,,,,"6,435.09",-3.48,-1.31,-2.77,-5.06
2026-08-20,3463,いちごホテルリート投資法人,東REIT,"111,500","+1,300.0 (+1.18%) ",,,,,,,,,,,,,
2026-08-20,3465,ケイアイスター不動産,東P,"3,850",+90.0 (+2.39%) ,1.63,7.78,23.0,0.00,65.06,20.58,(連),3.05,589.40,0.34,0.58,22.94,15.55
2026-08-20,3466,ラサールロジポート投資法人,東REIT,"149,000","+1,100.0 (+0.74%) ",,,,,,,,,"7,156.59",10.86,0.62,5.95,-1.25
2026-08-20,3467,アグレ都市デザイン,東S,"2,834",+25.0 (+0.89%) ,1.89,8.44,24.4,0.00,23.85,22.31,(連),4.16,,,,,
2026-08-20,3468,スターアジア不動産投資法人,東REIT,"53,600",+400.0 (+0.75%) ,,,,,,,,,,,,,
2026-08-20,3469,デュアルタップ,東S,895,+5.0 (+0.56%) ,,,,,,,,,,,,,
2026-08-20,346A,ＮＦ　Ｓ＆Ｐ　５００半導体指数,東ETF,"4,955",+5.0 (+0.10%) ,,,,,,,,,,,,,
2026-08-20,3470,マリモ地方創生リート投資法人,東REIT,"102,600",+900.0 (+0.88%) ,,,,,,,,,,,,,
2026-08-20,3471,三井不動産ロジスティクスパーク,東REIT,"106,600","+1,200.0 (+1.14%) ",,,,,,,,,,,,,
2026-08-20,3472,日本ホテル＆レジデンシャル投資,東REIT,"67,100",+700.0 (+1.05%) ,,,,,,,,,,,,,
2026-08-20,3474,Ｇ―ＦＡＣＴＯＲＹ,東G,585,+5.0 (+0.86%) ,,,,,,,,,,,,,
2026-08-20,3475,グッドコムアセット,東P,"1,582",+28.0 (+1.80%) ,3.19,29.68,10.7,0.00,-47.63,30.67,(連),2.84,,,,,
2026-08-20,3476,投資法人みらい,東REIT,"41,000",+350.0 (+0.86%) ,,,,,,,,,,,,,
2026-08-20,3477,フォーライフ,東G,880,-11.0 (-1.23%) ,0.81,6.47,13.1,0.00,50.19,41.42,(単),3.41,,,,,
2026-08-20,3479,ＴＫＰ,東G,"1,890",+39.0 (+2.11%) ,1.43,5.91,26.9,0.00,56.19,29.29,(連),0.00,126.56,-0.25,2.66,24.70,56.41
2026-08-20,347A,ＧＲＯＷＴＨ　ＰＯＷＥＲ,東PRO,--,-- (--%) ,,,,,,,,,,,,,
2026-08-20,3480,ジェイ・エス・ビー,東P,"8,960",0.0 (0.00%) ,4.53,36.66,13.0,0.00,-6.83,46.8,(連),1.17,298.10,1.37,-2.86,-4.58,8.98
2026-08-20,3481,三菱地所物流リート投資法人,東REIT,"119,700","+1,400.0 (+1.18%) ",,,,,,,,,"4,431.46",-1.20,-3.96,-9.09,-0.66
2026-08-20,3482,ロードスターキャピタル,東P,"2,619",+69.0 (+2.71%) ,,,,,,,,,553.23,0.31,2.97,-6.90,27.54
2026-08-20,3483,翔栄,東PRO,--,-- (--%) ,0.29,1.20,27.9,0.00,172.47,15.54,(単),0.00,,,,,
2026-08-20,3484,イノベーションＨＬＤＧ,東S,"1,077",+5.0 (+0.47%) ,3.66,13.33,30.3,0.00,58.21,26.47,(連),3.16,,,,,
2026-08-20,3486,グローバル・リンク・マネジメン,東P,"2,000",+48.0 (+2.46%) ,,,,,,,,,,,,,
2026-08-20,3487,ＣＲＥロジスティクスファンド,東REIT,"134,500",+900.0 (+0.67%) ,,,,,,,,,"7,094.00",-14.81,48.46,-31.65,-10.70
2026-08-20,3488,セントラル・リート投資法人,東REIT,"103,600",+600.0 (+0.58%) ,,,,,,,,,,,,,
2026-08-20,3489,フェイスネットワーク,東S,873,+13.0 (+1.51%) ,2.09,7.22,32.4,0.00,25.79,35.81,(連),4.87,,,,,
2026-08-20,348A,ＭＸＳ読売３３３日本株上場投信,東ETF,301.6,+5.6 (+1.89%) ,,,,,,,,,,,,,
2026-08-20,3490,アズ企画設計,東S,"3,165",+20.0 (+0.64%) ,1.2,14.63,8.5,0.00,-36.76,27.46,(連),0.95,,,,,
2026-08-20,3491,ＧＡ　ｔｅｃｈｎｏｌｏｇｉｅｓ,東G,"1,583",+96.0 (+6.46%) ,2.11,16.19,14.5,0.00,96.60,37.44,(連),0.51,141.00,0.25,0.66,-6.24,30.34
2026-08-20,3492,ＭＩＲＡＲＴＨ不動産投資法人,東REIT,"81,200",+800.0 (+1.00%) ,,,,,,,,,,,,,
2026-08-20,3494,マリオン,東S,443,+5.0 (+1.14%) ,0.73,7.56,10.1,0.00,27.39,25.3,(単),1.35,,,,,
2026-08-20,3495,香陵住販,東S,"2,367",0.0 (0.00%) ,1.06,6.43,17.7,0.00,5.72,34.73,(連),2.32,,,,,
2026-08-20,3496,アズーム,東P,"4,850",-65.0 (-1.32%) ,8.72,31.57,34.7,0.00,42.69,76.67,(連),2.19,,,,,
2026-08-20,3498,霞ヶ関キャピタル,東P,"8,000",+300.0 (+3.90%) ,4.32,15.37,32.5,7.11,117.99,29.72,(連),1.50,680.75,0.38,-0.43,6.20,53.68
2026-08-20,349A,ＳＭＤＡＭＡｃｔｉｖｅグロース,東ETF,854.9,+5.0 (+0.59%) ,,,,,,,,,,,,,
2026-08-20,3501,ＳＵＭＩＮＯＥ,東P,"1,176",+14.0 (+1.20%) ,,,,,,,,,,,,,
2026-08-20,3504,丸八ＨＬＤＧ,名M,"1,411",+28.0 (+2.02%) ,,,,,,,,,,,,,
2026-08-20,350A,デジタルグリッド,東G,785,+36.0 (+4.81%) ,,,,,,,,,,,,,
2026-08-20,3512,日本フエルト,東S,"1,005",+5.0 (+0.50%) ,0.78,31.62,2.6,19.82,59.62,79.9,(連),2.39,,,,,
2026-08-20,3513,イチカワ,東S,"3,380",+5.0 (+0.15%) ,0.59,12.27,5.1,63.39,34.29,75.02,(連),2.66,,,,,
2026-08-20,351A,アクシスＩＴパートナーズ,東PRO,--,-- (--%) ,,,,,,,,,,,,,
2026-08-20,3521,テルマー湯ＨＬＤＧ,東S,157,+2.0 (+1.29%) ,0.84,25.65,3.3,0.00,-9.14,82.46,(連),3.18,,,,,
2026-08-20,3524,日東製網,東S,"1,483",+3.0 (+0.20%) ,0.48,5.65,8.8,10.97,16.30,25.32,(連),3.37,,,,,
2026-08-20,3529,アツギ,東S,"1,050",+15.0 (+1.45%) ,,,,,,,,,,,,,
2026-08-20,352A,ＬＯＩＶＥ,東G,551,-3.0 (-0.54%) ,,,,,,,,,,,,,
2026-08-20,3536,アクサスＨＬＤＧ,東S,131,0.0 (0.00%) ,,,,,,,,,,,,,
2026-08-20,3537,昭栄薬品,東S,"1,713",-9.0 (-0.52%) ,0.62,10.51,6.1,0.00,-4.23,52.88,(連),2.69,,,,,
2026-08-20,3538,ウイルプラスＨＬＤＧ,東S,"1,026",+3.0 (+0.29%) ,,,,,,,,,,,,,
2026-08-20,3539,ＪＭ　ＨＬＤＧ,東P,"1,473",0.0 (0.00%) ,1.66,11.69,14.6,0.00,8.86,62.06,(連),1.56,,,,,
2026-08-20,3542,ベガコーポレーション,東G,"1,497",+27.0 (+1.84%) ,,,,,,,,,,,,,
2026-08-20,3543,コメダＨＬＤＧ,東P,"2,957",+34.0 (+1.16%) ,2.7,20.83,13.5,0.00,8.36,45.17,(連),2.03,151.85,2.80,-0.06,-5.07,14.03
2026-08-20,3544,サツドラＨＬＤＧ,東S,"1,249",+3.0 (+0.24%) ,1.7,39.59,4.4,0.00,-18.02,22.38,(連),0.00,,,,,
2026-08-20,3547,ユニシアＨＬＤＧ,東S,"1,837",-13.0 (-0.70%) ,4.13,22.67,22.7,0.00,46.10,42.25,(連),0.82,54.00,-1.02,12.07,-13.33,47.32
2026-08-20,3548,バロックジャパンリミテッド,東P,729,0.0 (0.00%) ,1.79,71.54,2.4,2.61,122.76,45.12,(連),5.21,,,,,
2026-08-20,3549,クスリのアオキＨＬＤＧ,東S,"4,105",+87.0 (+2.17%) ,,,,,,,,,202.04,1.43,-0.61,0.48,12.59
2026-08-20,354A,ｉＦブルームバーグ日本株５０,東ETF,"3,332",+52.0 (+1.59%) ,,,,,,,,,,,,,
2026-08-20,3550,スタジオアタオ,東G,220,+3.0 (+1.38%) ,1.18,20.11,6.0,0.00,33.52,81.25,(単),2.27,,,,,
2026-08-20,3551,ダイニック,東S,"1,616",+56.0 (+3.59%) ,0.44,5.34,8.8,27.39,9.63,48.26,(連),2.85,,,,,
2026-08-20,3553,共和レザー,東S,910,+11.0 (+1.22%) ,0.59,33.08,1.8,44.64,-40.08,63.65,(連),5.71,,,,,
2026-08-20,3556,リネットジャパングループ,東G,888,+5.0 (+0.57%) ,12.77,26.07,80.4,1.69,141.89,13.93,(連),0.00,,,,,
2026-08-20,3557,ユナイテッド＆コレクティブ,東G,569,-2.0 (-0.35%) ,,,,,,,,,,,,,
2026-08-20,3558,ジェイドグループ,東G,"1,813",+77.0 (+4.44%) ,2.5,11.73,24.2,0.00,65.12,48.23,(連),1.65,,,,,
2026-08-20,3559,ピーバンドットコム,東S,425,+13.0 (+3.16%) ,1.39,18.83,7.5,0.00,17.61,78.95,(単),2.35,,,,,
2026-08-20,355A,ナウビレッジ,東PRO,--,-- (--%) ,,,,,,,,,,,,,
2026-08-20,3560,ほぼ日,東S,"4,395",-50.0 (-1.12%) ,2.09,22.75,9.5,40.16,19.89,70.73,(単),2.05,,,,,
2026-08-20,3561,力の源ＨＬＤＧ,東P,"1,629",+21.0 (+1.31%) ,4.05,26.80,16.1,39.98,-9.12,60.34,(連),1.23,61.80,15.71,-6.90,-20.59,8.20
2026-08-20,3562,Ｎｏ．１,東S,"1,590",+18.0 (+1.15%) ,2.37,14.81,16.1,0.00,34.46,31.24,(連),4.91,,,,,
2026-08-20,3563,ＦＯＯＤ　＆　ＬＩＦＥ　ＣＯＭ,東P,"5,592",-68.0 (-1.20%) ,12.94,55.17,26.9,0.00,55.99,24.55,(連),0.31,138.93,1.09,0.11,22.80,19.86
2026-08-20,3565,アセンテック,東S,459,+19.0 (+4.32%) ,3.18,9.56,39.6,0.00,137.60,17.6,(連),2.18,,,,,
2026-08-20,3566,ユニフォームネクスト,東G,754,0.0 (0.00%) ,1.98,14.73,14.4,0.00,62.74,71.8,(単),0.66,,,,,
2026-08-20,3569,セーレン,東P,"3,410",+40.0 (+1.19%) ,1.24,12.84,10.3,57.23,14.15,71.82,(連),2.23,272.10,5.03,-0.07,0.23,8.52
2026-08-20,356A,ＧＸ　Ｓ＆Ｐ５００キャト１００,東ETF,"1,566",0.0 (0.00%) ,,,,,,,,,,,,,
2026-08-20,3571,ソトー,東S,718,-2.0 (-0.28%) ,0.59,17.44,3.5,0.00,-216.13,75.33,(連),5.85,,,,,
2026-08-20,3577,東海染工,東S,950,-16.0 (-1.66%) ,0.38,14.84,2.7,29.92,-45.52,52.89,(連),2.63,,,,,
2026-08-20,357A,エフアンドエフ,東PRO,--,-- (--%) ,,,,,,,,,,,,,
2026-08-20,3580,小松マテーレ,東P,756,+5.0 (+0.67%) ,0.73,19.63,3.8,42.35,13.04,76.52,(連),3.57,,,,,
2026-08-20,3583,オーベクス,東S,"1,302",+20.0 (+1.56%) ,0.49,6.23,8.2,60.64,-22.60,71.33,(連),2.69,,,,,
2026-08-20,358A,ゼン・ランド,東PRO,--,-- (--%) ,,,,,,,,,,,,,
2026-08-20,3591,ワコールＨＬＤＧ,東P,"4,260",+16.0 (+0.38%) ,1.0,16.28,6.5,40.56,245.21,71.7,(連),2.35,100.40,-0.69,0.00,-27.55,3.67
2026-08-20,3597,自重堂,東S,"9,130",-10.0 (-0.11%) ,0.69,23.32,3.0,0.00,-44.79,90.86,(連),6.57,,,,,
2026-08-20,3598,山喜,東S,161,-1.0 (-0.62%) ,,,,,,,,,,,,,
2026-08-20,359A,ＮＥＸＴ　ＳＴＡＧＥ,東PRO,--,-- (--%) ,,,,,,,,,,,,,
2026-08-20,3600,フジックス,東S,"1,793",+29.0 (+1.64%) ,,,,,,,,,,,,,
2026-08-20,3607,クラウディアＨＬＤＧ,東S,363,-2.0 (-0.55%) ,,,,,,,,,,,,,
2026-08-20,3608,ＴＳＩ　ＨＬＤＧ,東P,"1,256",+7.0 (+0.56%) ,0.74,20.77,3.7,0.00,162.04,57.01,(連),3.18,136.00,0.07,2.57,2.32,13.19
2026-08-20,360A,東証ＲＥＩＴ　Ｃｏｒｅ　ＥＴＦ,東ETF,"1,093",+6.5 (+0.60%) ,,,,,,,,,,,,,
2026-08-20,3611,マツオカコーポレーション,東S,"2,435",+36.0 (+1.50%) ,0.64,8.17,8.0,50.00,28.39,53.13,(連),4.11,,,,,
2026-08-20,3612,ワールド,東P,"1,670",+25.0 (+1.52%) ,1.28,9.75,13.7,1.06,-8.40,33.8,(連),3.26,178.60,2.21,-11.27,-21.30,14.34
2026-08-20,361A,リビングハウス,東PRO,--,-- (--%) ,,,,,,,,,,,,,
2026-08-20,3622,ネットイヤーグループ,東S,487,-1.0 (-0.20%) ,1.23,19.61,6.4,0.00,306.02,80.88,(単),1.44,,,,,
2026-08-20,3623,ビリングシステム,東G,"1,145",+37.0 (+3.34%) ,2.3,17.65,13.7,0.00,4.49,10.39,(連),2.25,,,,,
2026-08-20,3624,アクセルマーク,東G,84,0.0 (0.00%) ,,,,,,,,,,,,,
2026-08-20,3625,テックファームＨＬＤＧ,東G,659,+16.0 (+2.49%) ,1.72,9.31,20.1,0.00,191.57,54.76,(連),1.21,,,,,
2026-08-20,3626,ＴＩＳＩ,東P,"3,837",+96.0 (+2.57%) ,2.6,18.73,14.0,0.00,8.52,58.88,(連),2.08,266.35,0.48,0.16,4.52,4.45
2026-08-20,3627,テクミラＨＬＤＧ,東S,266,+2.0 (+0.76%) ,,,,,,,,,,,,,
2026-08-20,3628,データホライゾン,東G,595,+18.0 (+3.12%) ,,,,,,,,,,,,,
2026-08-20,362A,エクシオＨＬＤＧ,東PRO,--,-- (--%) ,,,,,,,,,,,,,
2026-08-20,3632,グリーＨＬＤＧ,東P,426,+5.0 (+1.19%) ,0.78,61.03,1.3,12.88,-47.21,70.0,(連),3.40,14.55,0.27,0.00,-50.00,-8.39
2026-08-20,3633,ＧＭＯペパボ,東S,"2,379",+70.0 (+3.03%) ,4.39,14.10,33.9,0.00,31.16,24.72,(連),4.67,141.50,-1.04,-1.89,4.00,-0.61
2026-08-20,3634,ソケッツ,東S,587,+4.0 (+0.69%) ,,,,,,,,,,,,,
2026-08-20,3635,コーエーテクモＨＬＤＧ,東P,"1,697",+37.5 (+2.26%) ,2.08,12.88,18.6,44.47,14.03,86.66,(連),3.89,104.23,-0.78,0.06,15.00,3.37
2026-08-20,3636,三菱総合研究所,東P,"4,975",+90.0 (+1.84%) ,1.09,12.27,9.2,0.00,19.48,56.14,(連),3.32,420.20,3.28,5.48,-1.90,4.76
2026-08-20,3639,ボルテージ,東S,224,+3.0 (+1.36%) ,,,,,,,,,,,,,
2026-08-20,363A,ｉＦ英国　ＦＴＳＥ１００,東ETF,"2,776",+8.0 (+0.29%) ,,,,,,,,,,,,,
2026-08-20,3640,電算,東S,"2,787",+75.0 (+2.77%) ,,,,,,,,,,,,,
2026-08-20,3641,パピレス,東S,973,+1.0 (+0.10%) ,,,,,,,,,,,,,
2026-08-20,3645,メディカルネット,東G,243,0.0 (0.00%) ,,,,,,,,,,,,,
2026-08-20,3646,駅探,東S,341,+2.0 (+0.59%) ,,,,,,,,,,,,,
2026-08-20,3647,アスリナ,東S,118,+2.0 (+1.72%) ,,,,,,,,,,,,,
2026-08-20,3648,ＡＧＳ,東S,"1,049",+15.0 (+1.45%) ,1.09,9.08,12.6,0.00,32.00,68.18,(連),3.24,,,,,
2026-08-20,3649,ファインデックス,東P,882,+32.0 (+3.76%) ,,,,,,,,,54.50,1.83,2.63,8.33,4.67
2026-08-20,364A,ＮＦ　Ｓ＆Ｐ　５００配当貴族,東ETF,"2,573",+17.0 (+0.67%) ,,,,,,,,,,,,,
2026-08-20,3652,ディジタルメディアプロ,東G,"2,422",+61.0 (+2.58%) ,,,,,,,,,,,,,
2026-08-20,3653,モルフォ,東G,744,+27.0 (+3.77%) ,,,,,,,,,,,,,
2026-08-20,3656,ＫＬａｂ,東P,196,+5.0 (+2.62%) ,,,,,,,,,,,,,
2026-08-20,3657,ポールトゥウィンＨＬＤＧ,東P,365,+7.0 (+1.96%) ,,,,,,,,,28.30,-0.10,15.79,46.67,-5.13
2026-08-20,3659,ネクソン,東P,"3,048",+55.5 (+1.85%) ,2.28,26.62,8.9,98.67,-28.34,74.99,(連),1.48,143.56,0.84,-0.09,3.12,6.84
2026-08-20,365A,伊澤タオル,東S,800,+5.0 (+0.63%) ,,,,,,,,,,,,,
2026-08-20,3660,アイスタイル,東P,537,+23.0 (+4.47%) ,,,,,,,,,35.00,1.10,0.00,7.23,15.94
2026-08-20,3661,エムアップＨＬＤＧ,東P,857,+33.0 (+4.00%) ,6.41,20.48,34.7,0.00,32.07,29.7,(連),2.33,43.50,5.00,-1.69,10.70,19.30
2026-08-20,3662,エイチームＨＬＤＧ,東P,989,+6.0 (+0.61%) ,2.03,17.74,10.8,8.40,160.26,59.31,(連),2.22,,,,,
2026-08-20,3663,セルシス,東P,"1,880",+97.0 (+5.44%) ,12.85,34.04,35.5,51.93,28.74,54.02,(単),1.91,,,,,
2026-08-20,3664,ＷＩＺＥ,東G,22,0.0 (0.00%) ,,,,,,,,,,,,,
2026-08-20,3665,エニグモ,東P,418,+8.0 (+1.95%) ,1.42,50.79,2.8,36.77,-93.80,76.63,(連),7.18,1.30,-3.82,0.00,-77.78,34.97
2026-08-20,3667,ｅｎｉｓｈ,東S,28,+1.0 (+3.70%) ,,,,,,,,,,,,,
2026-08-20,3668,コロプラ,東P,440,+25.0 (+6.02%) ,,,,,,,,,,,,,
2026-08-20,366A,ウェルネス・コミュニケーション,東G,"1,140",+7.0 (+0.62%) ,,,,,,,,,,,,,
2026-08-20,3670,協立情報通信,東S,"1,765",0.0 (0.00%) ,0.89,6.69,14.1,0.00,58.14,62.93,(単),3.68,,,,,
2026-08-20,3671,ソフトマックス,東S,309,+13.0 (+4.39%) ,1.89,12.95,15.4,0.00,13.43,42.99,(単),3.24,,,,,
2026-08-20,3672,オルトプラス,東S,31,+2.0 (+6.90%) ,,,,,,,,,,,,,
2026-08-20,3673,ブロードリーフ,東P,487,+43.0 (+9.68%) ,3.62,70.63,5.2,0.00,240.32,58.59,(連),0.62,16.50,0.21,10.96,-1.93,11.74
2026-08-20,3674,オークファン,東G,335,+1.0 (+0.30%) ,,,,,,,,,,,,,
2026-08-20,3675,クロス・マーケティンググループ,東S,607,+6.0 (+1.00%) ,,,,,,,,,,,,,
2026-08-20,3676,デジタルハーツＨＬＤＧ,東P,"1,060",0.0 (0.00%) ,,,,,,,,,84.36,0.21,-3.45,-15.15,1.36
2026-08-20,3678,メディアドゥ,東P,"1,293",+23.0 (+1.81%) ,1.03,10.79,9.9,0.00,7.97,33.44,(連),3.09,80.05,-0.49,-5.71,-36.13,7.60
2026-08-20,3679,じげん,東P,465,0.0 (0.00%) ,2.05,11.16,19.6,0.00,5.11,55.5,(連),2.37,45.25,1.19,-0.75,1.69,14.78
2026-08-20,367A,プリモグローバルＨＬＤＧ,東S,"2,827",+58.0 (+2.09%) ,1.37,13.84,10.6,37.35,59.39,39.29,(連),3.71,,,,,
2026-08-20,3680,ホットリンク,東G,213,+1.0 (+0.47%) ,,,,,,,,,,,,,
2026-08-20,3682,エンカレッジ・テクノロジ,東S,589,+4.0 (+0.68%) ,1.1,18.44,6.0,0.00,3.96,71.67,(単),4.41,,,,,
2026-08-20,3683,サイバーリンクス,東S,"1,117",+13.0 (+1.18%) ,1.35,9.53,15.3,0.00,46.68,57.15,(連),2.69,,,,,
2026-08-20,3686,ディー・エル・イー,東S,59,+1.0 (+1.72%) ,,,,,,,,,,,,,
2026-08-20,3687,フィックスターズ,東P,"2,174",+96.0 (+4.62%) ,8.5,36.03,26.0,0.00,11.97,83.55,(連),0.83,,,,,
2026-08-20,368A,北里,東P,"1,555",+80.0 (+5.42%) ,,,,,,,,,,,,,
2026-08-20,3690,イルグルム,東S,565,+10.0 (+1.80%) ,,,,,,,,,,,,,
2026-08-20,3691,デジタルプラス,東G,"1,870",+21.0 (+1.14%) ,,,,,,,,,,,,,
2026-08-20,3692,ＦＦＲＩセキュリティ,東G,"4,905",+275.0 (+5.94%) ,10.27,35.27,33.5,0.00,65.68,64.24,(連),0.37,,,,,
2026-08-20,3694,オプティム,東P,455,+9.0 (+2.02%) ,2.67,22.47,12.6,0.00,4.73,74.68,(連),0.00,22.90,1.52,5.26,5.26,10.84
2026-08-20,3695,ＧＭＯプロダクトプラットフォー,東G,"1,418",+14.0 (+1.00%) ,2.56,33.90,6.9,41.77,30.24,25.74,(連),4.20,,,,,
2026-08-20,3696,セレス,東P,"2,268",+100.0 (+4.61%) ,1.97,10.47,20.4,0.00,-21.37,35.46,(連),3.53,,,,,
2026-08-20,3697,ＳＨＩＦＴ,東P,955,+45.3 (+4.98%) ,6.13,28.15,24.1,0.00,41.18,52.72,(連),0.00,36.04,4.26,-1.28,-28.09,19.22
2026-08-20,3698,ＣＲＩ・ミドルウェア,東S,"1,166",+26.0 (+2.28%) ,1.5,14.48,10.8,0.00,47.78,70.17,(連),2.14,,,,,
2026-08-20,369A,エータイ,東G,"2,501",+18.0 (+0.72%) ,,,,,,,,,,,,,
2026-08-20,3708,特種東海製紙,東P,"2,146",+31.0 (+1.47%) ,,,,,,,,,,,,,
2026-08-20,370A,リバイブル,東PRO,--,-- (--%) ,,,,,,,,,,,,,
2026-08-20,3710,ジョルダン,東S,644,+1.0 (+0.16%) ,0.72,12.55,5.8,26.24,255.42,83.29,(連),0.93,,,,,
2026-08-20,3712,情報企画,東S,990,0.0 (0.00%) ,2.15,13.90,16.4,0.00,6.22,82.59,(連),2.32,,,,,
2026-08-20,3719,ＡＩストーム,東S,123,+4.0 (+3.36%) ,1.64,17.75,15.6,0.00,123.28,40.34,(単),2.44,,,,,
2026-08-20,371A,デージーネット,東PRO,--,-- (--%) ,,,,,,,,,,,,,
2026-08-20,3723,日本ファルコム,東G,"2,900",+107.0 (+3.83%) ,2.74,32.99,8.6,40.60,9.65,94.62,(単),0.69,,,,,
2026-08-20,3726,フォーシーズＨＤ,東S,405,0.0 (0.00%) ,,,,,,,,,,,,,
2026-08-20,3727,アプリックス,東G,156,+7.0 (+4.70%) ,,,,,,,,,,,,,
2026-08-20,372A,レント,東S,"5,590",+50.0 (+0.90%) ,,,,,,,,,,,,,
2026-08-20,3733,ソフトウェア・サービス,東S,"12,660",+520.0 (+4.28%) ,1.58,10.84,15.6,0.00,15.47,80.28,(連),1.26,"1,173.40",22.83,-3.04,-11.34,12.93
2026-08-20,3739,コムシード,名N,120,-1.0 (-0.83%) ,2.03,16.39,13.5,0.00,24.79,51.67,(連),0.00,,,,,
2026-08-20,373A,リップス,東G,"1,468",+6.0 (+0.41%) ,,,,,,,,,,,,,
2026-08-20,3741,セック,東P,"3,300",+130.0 (+4.10%) ,3.27,22.31,15.4,0.00,8.93,82.94,(単),1.82,154.80,4.56,-99.90,-8.00,7.06
2026-08-20,3744,サイオス,東S,455,+9.0 (+2.02%) ,2.13,12.32,20.1,4.33,162.96,20.23,(連),0.00,,,,,
2026-08-20,3747,インタートレード,東S,434,+7.0 (+1.64%) ,,,,,,,,,,,,,
2026-08-20,374A,樋口総合研究所,東PRO,--,-- (--%) ,,,,,,,,,,,,,
2026-08-20,3750,ＡＤＲバイオメディカルＨＬＤＧ,東S,769,-2.0 (-0.26%) ,,,,,,,,,,,,,
2026-08-20,3753,フライトソリューションズ,東S,263,+19.0 (+7.79%) ,,,,,,,,,,,,,
2026-08-20,3758,アエリア,東S,241,-1.0 (-0.41%) ,,,,,,,,,,,,,
2026-08-20,375A,ＹＡＫ　ＨＬＤＧ,東PRO,--,-- (--%) ,,,,,,,,,,,,,
2026-08-20,3760,ケイブ,東S,736,+12.0 (+1.66%) ,,,,,,,,,,,,,
2026-08-20,3762,テクマトリックス,東P,"2,411",+89.0 (+3.83%) ,3.68,18.71,20.5,0.00,22.36,21.66,(連),2.16,143.10,1.53,0.59,-4.56,12.37
2026-08-20,3763,プロシップ,東P,"2,430",+126.0 (+5.47%) ,5.49,27.50,22.1,0.00,26.45,80.08,(連),1.65,,,,,
2026-08-20,3765,ガンホー・オンライン,東P,"2,483",+45.0 (+1.85%) ,1.1,96.28,1.1,65.86,-66.12,71.9,(連),3.62,88.79,0.11,0.43,-28.93,-2.71
2026-08-20,3766,システムズ・デザイン,東S,"1,423",+3.0 (+0.21%) ,,,,,,,,,,,,,
2026-08-20,3768,リスクモンスター,東S,555,-3.0 (-0.54%) ,0.7,18.75,3.8,0.00,30.80,84.62,(連),2.88,,,,,
2026-08-20,3769,ＧＭＯペイメントゲートウェイ,東P,"9,414",+11.0 (+0.12%) ,6.32,32.71,20.2,2.55,16.02,27.78,(連),1.53,322.76,2.40,0.06,1.44,13.27
2026-08-20,376A,ＮＦブルームバーグ米国７−１０,東ETF,--,-- (--%) ,,,,,,,,,,,,,
2026-08-20,3771,システムリサーチ,東P,"1,958",+66.0 (+3.49%) ,2.41,12.43,20.6,0.00,15.82,69.18,(連),3.58,,,,,
2026-08-20,3772,ウェルス・マネジメント,東S,"1,076",+5.0 (+0.47%) ,,,,,,,,,,,,,
2026-08-20,3773,アドバンスト・メディア,東G,"1,046",+19.0 (+1.85%) ,,,,,,,,,70.20,-0.40,1.35,-28.57,17.04
2026-08-20,3774,インターネットイニシアティブ,東P,"3,521",+52.0 (+1.50%) ,3.95,25.79,16.2,0.00,20.76,45.54,(連),1.11,152.89,1.92,-0.09,-6.82,10.01
2026-08-20,3775,ガイアックス,名N,450,0.0 (0.00%) ,,,,,,,,,,,,,
2026-08-20,3776,ブロードバンドタワー,東S,243,+5.0 (+2.10%) ,,,,,,,,,,,,,
2026-08-20,3777,環境フレンドリーＨＬＤＧ,東G,48,+1.0 (+2.13%) ,,,,,,,,,,,,,
2026-08-20,3778,さくらインターネット,東P,"3,570",-345.0 (-8.81%) ,4.75,661.11,0.7,0.00,-97.41,36.51,(連),0.14,48.14,0.09,34.39,-55.03,23.20
2026-08-20,3779,ジェイ・エスコムＨＬＤＧ,東S,131,0.0 (0.00%) ,,,,,,,,,,,,,
2026-08-20,377A,エージェントＩＧＨＬＤＧ,名M,"1,066",-2.0 (-0.19%) ,,,,,,,,,,,,,
2026-08-20,3787,テクノマセマティカル,東S,316,+4.0 (+1.28%) ,0.45,9.53,4.8,4.35,137.59,93.13,(単),0.00,,,,,
2026-08-20,3788,ＧＭＯグローバルサイン・ＨＬＤ,東P,"2,193",+145.0 (+7.08%) ,2.44,25.05,10.2,38.33,10.64,54.46,(連),2.60,85.00,-8.86,0.62,-4.71,7.99
2026-08-20,378A,ヒット,東G,"1,009",-11.0 (-1.08%) ,,,,,,,,,,,,,
2026-08-20,3791,ＩＧポート,東S,"1,146",+47.0 (+4.28%) ,,,,,,,,,14.80,-1.39,-11.54,-47.73,2.79
2026-08-20,3793,ドリコム,東G,480,+27.0 (+5.96%) ,2.75,64.78,4.4,0.00,500.00,41.96,(連),0.00,20.70,0.13,-33.33,-33.33,20.25
2026-08-20,3796,いい生活,東S,303,+9.0 (+3.06%) ,2.1,27.67,7.8,0.00,661.90,74.5,(連),0.99,,,,,
2026-08-20,3798,ＵＬＳグループ,東S,533,+9.0 (+1.72%) ,,,,,,,,,41.70,0.84,0.50,-3.00,22.68
2026-08-20,3799,キーウェアソリューションズ,東S,"1,101",+5.0 (+0.46%) ,1.15,11.47,10.3,0.00,-2.29,66.63,(連),3.09,,,,,
2026-08-20,379A,ＧＸ　Ｓ＆Ｐ５００　ＥＴＦ,東ETF,"1,359",+18.0 (+1.34%) ,,,,,,,,,,,,,
2026-08-20,3800,ユニリタ,東S,"1,965",-5.0 (-0.25%) ,1.21,19.41,6.3,0.00,13.39,76.7,(連),3.66,,,,,
2026-08-20,3802,エコミック,東S,498,0.0 (0.00%) ,,,,,,,,,,,,,
2026-08-20,3803,イメージ情報開発,東G,524,+2.0 (+0.38%) ,,,,,,,,,,,,,
2026-08-20,3804,システム　ディ,東S,441,0.0 (0.00%) ,1.69,13.51,13.2,0.00,13.61,68.02,(連),2.12,,,,,
2026-08-20,3807,フィスコ,東G,85,0.0 (0.00%) ,,,,,,,,,,,,,
2026-08-20,3808,オーケーウェブ,名N,29,-1.0 (-3.33%) ,,,,,,,,,,,,,
2026-08-20,380A,ＧＸ　チャイナテック　ＥＴＦ,東ETF,995,+4.0 (+0.40%) ,,,,,,,,,,,,,
2026-08-20,3810,サイバーステップ　ＨＬＤＧ,東S,223,-12.0 (-5.11%) ,,,,,,,,,,,,,
2026-08-20,3815,メディア工房,東G,461,-2.0 (-0.43%) ,,,,,,,,,,,,,
2026-08-20,3816,大和コンピューター,東S,"1,125",-1.0 (-0.09%) ,0.81,10.44,8.0,0.00,3.17,85.96,(連),1.69,,,,,
2026-08-20,3817,ＳＲＡ　ＨＬＤＧ,東P,"4,870",+50.0 (+1.04%) ,1.83,10.98,17.4,0.00,16.91,64.72,(連),4.11,,,,,
2026-08-20,381A,ｉＦ米国国債３−５年ヘッジなし,東ETF,"2,168",-9.0 (-0.41%) ,,,,,,,,,,,,,
2026-08-20,3823,ＴＨＥ　ＷＨＹ　ＨＯＷ　ＤＯ,東S,31,+1.0 (+3.33%) ,,,,,,,,,,,,,
2026-08-20,3825,リミックスポイント,東S,231,+19.0 (+8.96%) ,,,,,,,,,,,,,
2026-08-20,3826,システムインテグレータ,東S,499,+3.0 (+0.60%) ,1.22,11.88,10.7,0.00,88.41,78.5,(連),2.61,,,,,
2026-08-20,382A,ｉＦ米国国債３−５年ヘッジあり,東ETF,"1,900",0.0 (0.00%) ,,,,,,,,,,,,,
2026-08-20,3834,朝日ネット,東P,625,+2.0 (+0.32%) ,,,,,,,,,59.10,0.56,0.00,-22.50,2.95
2026-08-20,3835,ｅＢＡＳＥ,東P,430,+4.0 (+0.94%) ,2.56,18.71,13.9,0.00,-18.36,90.97,(連),3.53,,,,,
2026-08-20,3836,アバントグループ,東P,"1,225",+44.0 (+3.73%) ,,,,,,,,,108.90,0.37,0.00,-7.50,8.12
2026-08-20,3837,アドソル日進,東P,"1,520",+19.0 (+1.27%) ,3.68,17.50,22.2,0.00,25.42,65.6,(連),3.03,,,,,
2026-08-20,3839,ＯＤＫソリューションズ,東S,632,0.0 (0.00%) ,,,,,,,,,,,,,
2026-08-20,383A,ＭＸＳ　Ｓ＆Ｐ５００均等ウェイ,東ETF,"2,678",+12.0 (+0.45%) ,,,,,,,,,,,,,
2026-08-20,3840,パス,東S,57,+1.0 (+1.79%) ,,,,,,,,,,,,,
2026-08-20,3841,ジーダット,東S,"1,286",+14.0 (+1.10%) ,1.37,28.76,4.8,29.03,-13.45,83.48,(単),3.11,,,,,
2026-08-20,3842,ネクストジェン,東S,"1,035",-3.0 (-0.29%) ,,,,,,,,,,,,,
2026-08-20,3843,フリービット,東P,"1,709",-34.0 (-1.95%) ,5.73,12.58,30.4,0.00,-9.14,15.97,(連),1.76,183.10,0.27,-2.02,4.74,8.25
2026-08-20,3844,コムチュア,東P,"1,403",+55.0 (+4.08%) ,,,,,,,,,106.60,3.77,-2.52,-12.18,6.61
2026-08-20,3845,アイフリークモバイル,東S,257,+7.0 (+2.80%) ,5.88,130.46,4.7,0.00,164.00,70.76,(単),0.00,,,,,
2026-08-20,3848,データ・アプリケーション,東S,846,0.0 (0.00%) ,,,,,,,,,,,,,
2026-08-20,3850,エヌ・ティ・ティ・データ・イン,東S,"3,355",+60.0 (+1.82%) ,2.78,17.86,16.6,0.00,136.06,53.45,(連),1.97,215.60,1.05,2.00,2.00,12.61
2026-08-20,3851,日本一ソフトウェア,東S,"1,254",+39.0 (+3.21%) ,,,,,,,,,,,,,
2026-08-20,3853,アステリア,東P,"1,180",+59.0 (+5.26%) ,2.57,24.51,11.5,0.07,27.21,73.58,(連),0.76,,,,,
2026-08-20,3854,アイル,東P,"2,497",+93.0 (+3.87%) ,5.54,17.67,33.3,0.00,11.25,71.57,(連),2.00,161.27,1.10,0.11,-0.30,9.54
2026-08-20,3856,Ａｂａｌａｎｃｅ,東S,454,-6.0 (-1.30%) ,0.33,8.49,4.0,88.86,-84.99,16.58,(連),0.66,,,,,
2026-08-20,3858,ユビキタスＡＩ,東S,298,+5.0 (+1.71%) ,,,,,,,,,,,,,
2026-08-20,385A,山本通産,東PRO,--,-- (--%) ,,,,,,,,,,,,,
2026-08-20,3861,王子ＨＬＤＧ,東P,861.4,+6.9 (+0.81%) ,0.69,14.10,5.0,41.86,-40.89,41.02,(連),4.18,40.91,-0.64,-11.42,-50.72,2.34
2026-08-20,3863,日本製紙,東P,"1,364",+11.0 (+0.81%) ,0.31,13.41,2.4,28.14,48.97,29.25,(連),1.10,92.40,-1.62,-10.51,-48.04,1.56
2026-08-20,3864,三菱製紙,東P,"1,161",+5.0 (+0.43%) ,0.49,26.77,2.0,29.35,-62.18,46.3,(連),1.29,,,,,
2026-08-20,3865,北越コーポレーション,東P,918,+15.0 (+1.66%) ,0.58,21.06,2.8,34.45,-39.92,59.87,(連),2.83,45.30,5.17,-58.08,-58.08,1.18
2026-08-20,386A,みのや,東S,"1,268",+3.0 (+0.24%) ,,,,,,,,,,,,,
2026-08-20,3877,中越パルプ工業,東P,"2,257",+27.0 (+1.21%) ,0.47,11.61,4.2,0.00,-34.00,50.34,(連),3.99,,,,,
2026-08-20,3878,巴川,東S,888,+2.0 (+0.23%) ,,,,,,,,,,,,,
2026-08-20,387A,フラー,東G,935,-2.0 (-0.21%) ,,,,,,,,,,,,,
2026-08-20,3880,大王製紙,東P,973,+9.0 (+0.93%) ,0.66,18.11,3.8,17.55,371.06,26.57,(連),1.44,70.65,0.44,2.65,-23.42,1.56
2026-08-20,3891,ニッポン高度紙工業,東S,"6,630",+220.0 (+3.43%) ,,,,,,,,,340.00,0.55,34.88,61.11,18.55
2026-08-20,3892,岡山製紙,東S,"1,541",-9.0 (-0.58%) ,,,,,,,,,,,,,
2026-08-20,3895,ハビックス,東S,492,-11.0 (-2.19%) ,0.5,7.04,7.3,0.00,-40.15,56.02,(単),3.25,,,,,
2026-08-20,3896,阿波製紙,東S,394,+5.0 (+1.29%) ,0.62,5.22,12.9,25.85,-134.05,21.91,(連),0.00,,,,,
2026-08-20,389A,八光オートメーション,東PRO,--,-- (--%) ,,,,,,,,,,,,,
2026-08-20,3900,クラウドワークス,東G,703,+40.0 (+6.03%) ,,,,,,,,,,,,,
2026-08-20,3901,マークラインズ,東P,"1,614",+6.0 (+0.37%) ,3.15,13.89,23.1,44.24,-3.64,74.19,(連),3.22,125.50,1.60,-3.36,-17.86,2.99
2026-08-20,3903,ｇｕｍｉ,東P,272,+17.0 (+6.67%) ,0.69,9.56,7.8,22.88,3.19,71.9,(連),"534,804.41",,,,,
2026-08-20,3904,カヤック,東G,430,0.0 (0.00%) ,1.14,10.09,12.1,40.34,119.07,42.48,(連),0.91,,,,,
2026-08-20,3905,データセクション,東G,"1,725",+68.0 (+4.10%) ,2.64,14.94,26.9,97.04,691.68,64.84,(連),0.00,,,,,
2026-08-20,3907,シリコンスタジオ,東S,"1,822",+245.0 (+15.54%) ,2.7,24.27,11.8,0.58,20.33,66.17,(単),0.55,,,,,
2026-08-20,3908,コラボス,東S,353,+3.0 (+0.86%) ,1.2,16.25,7.7,0.00,-49.02,81.61,(単),1.70,,,,,
2026-08-20,3909,ショーケース,東S,193,+4.0 (+2.12%) ,0.98,1.94,68.6,0.00,149.38,70.73,(連),0.00,,,,,
2026-08-20,3910,エムケイシステム,東S,284,+6.0 (+2.16%) ,1.71,6.01,32.7,0.00,717.50,39.62,(連),2.82,,,,,
2026-08-20,3911,Ａｉｍｉｎｇ,東G,177,+6.0 (+3.51%) ,,,,,,,,,,,,,
2026-08-20,3912,モバイルファクトリー,東S,"1,130",+10.0 (+0.89%) ,,,,,,,,,130.90,0.09,2.56,9.09,2.71
2026-08-20,3913,ＧｒｅｅｎＢｅｅ,東S,"1,164",+44.0 (+3.93%) ,1.95,13.30,15.8,14.05,180.00,82.89,(連),0.00,,,,,
2026-08-20,3914,ＪＩＧ―ＳＡＷ,東G,"2,393",+31.0 (+1.31%) ,4.67,37.70,13.3,0.00,-2.44,61.52,(連),0.00,,,,,
2026-08-20,3915,テラスカイ,東P,"2,406",+177.0 (+7.94%) ,2.47,19.75,13.3,0.00,7.74,56.54,(連),0.67,108.40,-2.02,12.00,0.80,16.61
2026-08-20,3916,デジタル・インフォメーション,東P,980,+18.0 (+1.87%) ,,,,,,,,,76.40,1.71,0.00,-8.57,5.13
2026-08-20,3917,アイリッジ,東G,487,-3.0 (-0.61%) ,,,,,,,,,,,,,
2026-08-20,3918,ＰＣＩ　ＨＬＤＧ,東S,"1,163",+11.0 (+0.95%) ,1.18,10.20,12.1,0.00,132.57,60.77,(連),4.90,,,,,
2026-08-20,391A,山忠,名M,--,-- (--%) ,,,,,,,,,,,,,
2026-08-20,3920,アイビーシー,東S,985,-5.0 (-0.51%) ,2.41,13.30,19.7,0.00,39.66,60.79,(単),1.22,,,,,
2026-08-20,3921,ネオジャパン,東P,"1,606",-7.0 (-0.43%) ,3.01,12.43,26.3,0.00,27.38,69.89,(連),3.24,,,,,
2026-08-20,3922,ＰＲ　ＴＩＭＥＳ,東P,"2,151",+32.0 (+1.51%) ,3.13,12.10,30.0,0.00,92.79,78.87,(連),0.64,162.70,-1.56,-22.62,-14.47,14.54
2026-08-20,3923,ラクス,東P,"1,125.5",+42.0 (+3.88%) ,15.31,30.49,55.4,0.00,70.68,71.17,(連),0.62,69.28,0.19,0.34,20.82,12.41
2026-08-20,3925,ダブルスタンダード,東P,"1,370",+23.0 (+1.71%) ,2.77,16.72,17.0,0.00,-35.12,90.91,(連),5.11,,,,,
2026-08-20,3926,オープンドア,東S,418,+8.0 (+1.95%) ,,,,,,,,,4.20,-0.89,-300.00,300.00,3.97
2026-08-20,3927,フーバーブレイン,東S,930,-1.0 (-0.11%) ,2.31,16.11,16.9,0.00,24.24,27.01,(連),1.61,,,,,
2026-08-20,3928,マイネット,東S,235,+3.0 (+1.29%) ,1.32,8.77,15.6,0.00,-17.87,32.44,(連),0.00,,,,,
2026-08-20,3929,ソーシャルワイヤー,東G,253,-7.0 (-2.69%) ,1.67,13.35,13.4,0.00,184.72,51.13,(連),0.00,,,,,
2026-08-20,392A,ｉＳ　ＮＡＳＤＡＱ　トップ３０,東ETF,274,0.0 (0.00%) ,,,,,,,,,,,,,
2026-08-20,3930,はてな,東G,768,+19.0 (+2.54%) ,0.81,9.90,8.6,0.00,272.53,81.6,(単),0.00,,,,,
2026-08-20,3931,バリューゴルフ,東G,"1,535",+24.0 (+1.59%) ,,,,,,,,,,,,,
2026-08-20,3932,アカツキ,東P,"3,610",+305.0 (+9.23%) ,1.15,9.21,13.1,0.00,79.97,72.31,(連),3.19,528.00,0.20,19.10,43.24,38.24
2026-08-20,3933,チエル,東S,565,+8.0 (+1.44%) ,1.25,6.41,20.4,0.00,59.46,27.57,(連),3.19,,,,,
2026-08-20,3934,ベネフィットジャパン,東S,"2,276",+6.0 (+0.26%) ,,,,,,,,,,,,,
2026-08-20,3935,エディア,東S,679,+8.0 (+1.19%) ,2.49,8.53,31.9,0.00,75.53,57.93,(連),1.91,,,,,
2026-08-20,3936,グローバルウェイ,東G,164,+7.0 (+4.46%) ,6.46,31.06,23.5,0.00,212.27,42.59,(連),0.00,,,,,
2026-08-20,3937,Ｕｂｉｃｏｍ　ＨＬＤＧ,東S,"1,264",+27.0 (+2.18%) ,2.54,17.18,15.4,16.32,-4.03,75.46,(連),3.16,86.60,0.82,4.83,1.33,7.30
2026-08-20,3939,カナミックネットワーク,東P,534,+5.0 (+0.95%) ,5.45,22.80,26.2,0.00,11.40,71.06,(連),1.40,28.70,0.83,0.96,5.00,12.17
2026-08-20,393A,ＲｉｔａＸ,東PRO,--,-- (--%) ,,,,,,,,,,,,,
2026-08-20,3940,ノムラシステムコーポレーション,東S,128,0.0 (0.00%) ,1.67,14.50,12.0,0.00,15.15,88.65,(単),2.77,,,,,
2026-08-20,3941,レンゴー,東P,"1,549.5",+9.5 (+0.62%) ,0.79,18.29,4.4,21.08,-4.49,37.26,(連),2.58,126.54,0.25,2.86,-13.31,3.95
2026-08-20,3943,大石産業,東S,"1,336",-2.0 (-0.15%) ,0.54,14.46,3.8,13.30,-12.30,69.67,(連),3.89,,,,,
2026-08-20,3944,古林紙工,東S,"3,260",0.0 (0.00%) ,0.36,11.44,3.3,0.00,22.02,49.08,(連),1.53,,,,,
2026-08-20,3945,スーパーバッグ,東S,"2,168",+13.0 (+0.60%) ,0.58,4.02,15.6,0.00,-18.98,40.3,(連),5.07,,,,,
2026-08-20,3946,トーモク,東P,"4,740",+110.0 (+2.38%) ,0.77,10.62,7.6,0.00,21.76,45.63,(連),2.74,,,,,
2026-08-20,3947,ダイナパック,東S,"2,423",0.0 (0.00%) ,0.5,7.57,6.9,23.28,42.91,55.21,(連),3.30,,,,,
2026-08-20,3948,光ビジネスフォーム,東S,"1,156",+9.0 (+0.78%) ,,,,,,,,,,,,,
2026-08-20,394A,業界改革厳選ＥＴＦテレビ業界,東ETF,527.8,-7.2 (-1.35%) ,,,,,,,,,,,,,
2026-08-20,3950,ザ・パック,東P,"1,510",+30.0 (+2.03%) ,1.09,14.10,8.0,0.00,-9.09,73.87,(連),2.74,,,,,
2026-08-20,3951,朝日印刷,東S,901,+11.0 (+1.24%) ,0.52,11.89,4.6,0.00,-12.38,51.51,(連),4.22,,,,,
2026-08-20,3953,大村紙業,東S,--,-- (--%) ,0.55,7.63,7.3,0.00,27.21,77.74,(単),3.83,,,,,
2026-08-20,3954,昭和パックス,東S,"3,245",-5.0 (-0.15%) ,0.53,11.10,5.1,15.17,14.82,72.35,(連),1.54,,,,,
2026-08-20,3955,イムラ,東S,839,+3.0 (+0.36%) ,0.47,8.78,5.5,0.00,-11.77,63.41,(連),3.58,,,,,
2026-08-20,3958,笹徳印刷,東S,548,0.0 (0.00%) ,,,,,,,,,,,,,
2026-08-20,395A,業界改革厳選ＥＴＦ地銀,東ETF,"1,043",-32.0 (-2.98%) ,,,,,,,,,,,,,
2026-08-20,3962,チェンジＨＬＤＧ,東P,"1,013",+42.0 (+4.33%) ,1.51,10.16,15.8,0.00,-13.53,44.27,(連),2.27,,,,,
2026-08-20,3963,シンクロ・フード,東P,343,0.0 (0.00%) ,2.02,35.69,5.4,0.00,-43.46,41.29,(連),4.37,,,,,
2026-08-20,3964,オークネット,東P,"1,439",-1.0 (-0.07%) ,4.96,22.16,22.7,17.45,32.11,51.88,(連),2.02,,,,,
2026-08-20,3965,キャピタル・アセット・プランニ,東S,880,+1.0 (+0.11%) ,1.34,12.58,11.6,0.00,73.70,56.07,(連),2.05,,,,,
2026-08-20,3967,エルテス,東G,601,-1.0 (-0.17%) ,,,,,,,,,,,,,
2026-08-20,3968,セグエグループ,東P,627,+12.0 (+1.95%) ,,,,,,,,,,,,,
2026-08-20,3969,エイトレッド,東S,"1,409",+6.0 (+0.43%) ,1.88,14.73,13.5,0.00,0.09,80.08,(単),2.41,,,,,
2026-08-20,396A,業界改革厳選ＥＴＦＲＥＩＴイベ,東ETF,--,-- (--%) ,,,,,,,,,,,,,
2026-08-20,3970,イノベーション,東S,863,+4.0 (+0.47%) ,,,,,,,,,,,,,
2026-08-20,3974,ＳＣＡＴ,東S,668,+1.0 (+0.15%) ,1.03,15.27,6.3,0.00,26.28,67.13,(連),2.10,,,,,
2026-08-20,3976,シャノン,東G,728,+14.0 (+1.96%) ,,,,,,,,,,,,,
2026-08-20,3979,うるる,東G,414,+7.0 (+1.72%) ,3.1,15.53,21.9,0.00,21.29,45.91,(連),0.97,,,,,
2026-08-20,3981,ビーグリー,東S,"1,203",+11.0 (+0.92%) ,0.83,9.83,8.8,0.00,-23.58,48.62,(連),3.49,,,,,
2026-08-20,3983,オロ,東P,"2,181",+60.0 (+2.83%) ,3.28,18.14,18.4,0.00,-6.99,75.34,(連),2.29,138.00,1.07,1.69,-25.00,9.66
2026-08-20,3984,ユーザーローカル,東P,"1,613",+57.0 (+3.66%) ,,,,,,,,,,,,,
2026-08-20,3985,テモナ,東S,180,-2.0 (-1.10%) ,2.52,26.16,10.5,0.00,363.79,41.96,(連),0.00,,,,,
2026-08-20,3986,ビーブレイクシステムズ,東S,481,-2.0 (-0.41%) ,,,,,,,,,,,,,
2026-08-20,3987,エコモット,東G,668,-2.0 (-0.30%) ,,,,,,,,,,,,,
2026-08-20,3988,ＳＹＳ　ＨＬＤＧ,東S,560,0.0 (0.00%) ,1.57,13.90,11.9,0.00,-2.01,47.42,(連),1.25,,,,,
2026-08-20,3989,シェアリングテクノロジー,東G,"1,543",+53.0 (+3.56%) ,7.16,25.59,31.2,0.00,15.67,69.32,(連),2.59,104.50,0.20,58.70,58.70,14.87
2026-08-20,398A,リアルクオリティ,東PRO,--,-- (--%) ,,,,,,,,,,,,,
2026-08-20,3991,ウォンテッドリー,東G,939,-15.0 (-1.57%) ,1.82,8.23,24.4,0.00,4.12,68.37,(連),2.13,162.10,0.14,-42.86,-44.44,-1.30
2026-08-20,3992,ニーズウェル,東P,462,+3.0 (+0.65%) ,3.67,19.73,19.8,0.00,-3.23,73.11,(連),2.60,,,,,
2026-08-20,3993,ＰＫＳＨＡ　Ｔｅｃｈｎｏｌｏｇ,東P,"3,310",+295.0 (+9.78%) ,2.98,38.28,8.0,0.00,39.85,63.42,(連),0.00,116.23,0.83,1.49,23.26,48.79
2026-08-20,3994,マネーフォワード,東P,"6,282",+536.0 (+9.33%) ,,,,,,,,,16.89,-9.00,14.08,-80.04,23.28
2026-08-20,3996,サインポスト,東S,192,0.0 (0.00%) ,1.31,32.21,4.1,0.00,-53.30,61.73,(単),0.00,,,,,
2026-08-20,3997,トレードワークス,東S,374,+19.0 (+5.35%) ,8.19,251.01,3.7,0.00,586.79,44.4,(連),0.53,,,,,
2026-08-20,3998,すららネット,東G,290,+2.0 (+0.69%) ,,,,,,,,,,,,,
2026-08-20,399A,上場インデックス日経高配５０,東ETF,"2,328",+25.0 (+1.09%) ,,,,,,,,,,,,,
2026-08-20,4004,レゾナック・ＨＬＤＧ,東P,"15,945",+45.0 (+0.28%) ,4.13,99.35,4.3,56.60,-46.79,33.17,(連),0.41,543.18,0.12,-1.67,35.92,-0.03
2026-08-20,4005,住友化学,東P,522.3,+10.2 (+1.99%) ,0.86,14.06,6.4,70.97,99.80,29.62,(連),2.58,49.76,0.31,1.32,56.48,-2.75
2026-08-20,4008,住友精化,東P,"1,505",+6.0 (+0.40%) ,0.13,12.81,7.8,72.85,37.30,67.84,(連),2.92,,,,,
2026-08-20,4011,ヘッドウォータース,東G,"2,447",+204.0 (+9.09%) ,7.07,160.35,4.5,0.00,-64.64,34.55,(連),0.00,,,,,
2026-08-20,4012,アクシス,東S,"1,735",+14.0 (+0.81%) ,1.82,11.49,16.8,0.00,8.14,75.42,(単),2.65,,,,,
2026-08-20,4013,勤次郎,東G,669,+13.0 (+1.98%) ,1.29,12.99,10.3,0.00,108.05,74.63,(連),1.49,,,,,
2026-08-20,4014,カラダノート,東G,510,+20.0 (+4.08%) ,,,,,,,,,,,,,
2026-08-20,4015,ペイクラウドＨＬＤＧ,東G,567,+17.0 (+3.09%) ,1.99,62.58,3.4,0.00,123.12,46.48,(連),0.00,,,,,
2026-08-20,4016,ＭＩＴ　ＨＬＤＧ,東S,948,+5.0 (+0.53%) ,2.62,19.88,13.7,0.00,-13.37,34.32,(連),3.16,,,,,
2026-08-20,4017,クリーマ,東G,209,0.0 (0.00%) ,1.24,51.23,2.5,0.00,-36.54,30.76,(連),0.00,,,,,
2026-08-20,4019,スタメン,東G,647,+45.0 (+7.48%) ,3.7,27.25,14.9,0.00,33.04,60.47,(連),0.93,,,,,
2026-08-20,401A,霞ヶ関ホテルリート投資法人,東REIT,"97,000",+700.0 (+0.73%) ,,,,,,,,,,,,,
2026-08-20,4020,ビートレンド,東G,793,+7.0 (+0.89%) ,,,,,,,,,,,,,
2026-08-20,4021,日産化学,東P,"8,162",+400.0 (+5.15%) ,4.29,22.16,20.3,60.00,13.58,71.89,(連),2.47,392.77,3.12,0.10,11.18,7.95
2026-08-20,4022,ラサ工業,東P,"2,196",-13.0 (-0.59%) ,2.69,19.67,14.6,45.37,34.53,63.71,(連),1.64,,,,,
2026-08-20,4023,クレハ,東P,"4,450",+35.0 (+0.79%) ,,,,,,,,,218.46,-0.11,-0.99,-23.21,2.51
2026-08-20,4025,多木化学,東P,"5,860",+30.0 (+0.51%) ,1.14,15.06,8.1,0.00,19.58,65.32,(連),1.28,,,,,
2026-08-20,4026,神島化学工業,東S,"1,633",+45.0 (+2.83%) ,1.01,8.01,13.4,27.00,49.19,47.61,(単),3.00,179.40,-0.76,0.00,-2.08,1.26
2026-08-20,4027,テイカ,東P,"2,314",-3.0 (-0.13%) ,,,,,,,,,,,,,
2026-08-20,4028,石原産業,東P,"3,135",+147.0 (+4.92%) ,0.93,7.21,13.7,61.49,90.81,53.66,(連),3.83,275.70,-0.31,-1.00,-10.84,2.34
2026-08-20,402A,アクセルスペースＨＬＤＧ,東G,513,+8.0 (+1.58%) ,,,,,,,,,,,,,
2026-08-20,4031,片倉コープアグリ,東S,"1,113",+1.0 (+0.09%) ,,,,,,,,,,,,,
2026-08-20,403A,北條組,東PRO,--,-- (--%) ,,,,,,,,,,,,,
2026-08-20,4040,南海化学,東S,"3,790",+80.0 (+2.16%) ,0.68,2.76,28.6,0.00,20.88,56.8,(連),1.58,,,,,
2026-08-20,4041,日本曹達,東P,"3,925",+5.0 (+0.13%) ,1.03,11.66,9.3,38.79,17.72,66.64,(連),4.08,309.31,-1.57,3.50,0.12,-0.52
2026-08-20,4042,東ソー,東P,"2,658",+62.0 (+2.39%) ,0.98,20.08,5.0,50.36,3.64,59.03,(連),3.76,201.72,0.25,0.34,-4.19,2.57
2026-08-20,4043,トクヤマ,東P,"4,071",+86.0 (+2.16%) ,1.03,13.19,8.2,26.29,29.12,50.78,(連),2.95,566.98,0.09,-1.86,-9.75,5.32
2026-08-20,4044,セントラル硝子,東P,"4,485",+35.0 (+0.79%) ,0.9,13.30,7.0,28.35,0.96,62.49,(連),3.79,306.53,-1.61,-0.31,-3.67,6.63
2026-08-20,4045,東亞合成,東P,"1,837.5",+12.5 (+0.68%) ,0.92,15.70,6.0,18.13,-5.79,74.3,(連),3.54,115.05,-9.49,-3.07,-8.67,-0.33
2026-08-20,4046,大阪ソーダ,東P,"2,023",+65.0 (+3.32%) ,1.95,16.32,12.7,39.32,38.53,75.45,(連),1.38,128.78,4.04,0.63,0.09,6.52
2026-08-20,4047,関東電化工業,東P,"2,400",+20.0 (+0.84%) ,1.9,36.39,5.5,49.77,47.08,55.13,(連),0.83,140.53,0.15,22.61,127.42,24.73
2026-08-20,404A,ＧＸチャイナテック・トップ１０,東ETF,"1,314",+11.0 (+0.84%) ,,,,,,,,,,,,,
2026-08-20,4051,ＧＭＯ　フィナンシャルゲート,東P,"6,850",+200.0 (+3.01%) ,9.04,34.69,27.5,0.00,46.92,45.23,(連),1.45,233.20,1.62,0.24,2.68,6.48
2026-08-20,4052,フィーチャ,東G,555,+19.0 (+3.54%) ,,,,,,,,,,,,,
2026-08-20,4053,Ｓｕｎ　Ａｓｔｅｒｉｓｋ,東P,462,+3.0 (+0.65%) ,1.65,36.70,4.5,0.00,-31.36,66.19,(連),0.00,38.30,0.06,7.89,-2.38,14.54
2026-08-20,4054,日本情報クリエイト,東G,519,+1.0 (+0.19%) ,,,,,,,,,29.10,-0.58,0.00,-28.12,11.41
2026-08-20,4055,ティアンドエスグループ,東G,"1,589",+69.0 (+4.54%) ,4.13,23.65,19.0,0.00,44.81,79.53,(連),0.63,,,,,
2026-08-20,4056,ニューラルグループ,東G,220,+4.0 (+1.85%) ,,,,,,,,,,,,,
2026-08-20,4057,インターファクトリー,東G,354,+2.0 (+0.57%) ,,,,,,,,,,,,,
2026-08-20,4058,トヨクモ,東G,"2,465",+105.0 (+4.45%) ,6.68,24.81,30.6,0.00,38.38,61.82,(連),0.81,,,,,
2026-08-20,4059,まぐまぐ,東S,393,0.0 (0.00%) ,,,,,,,,,,,,,
2026-08-20,405A,コヤマ・ミライエ,東PRO,--,-- (--%) ,,,,,,,,,,,,,
2026-08-20,4060,ｒａｋｕｍｏ,東G,"1,170",0.0 (0.00%) ,3.61,24.99,15.6,0.00,14.13,44.79,(連),0.77,,,,,
2026-08-20,4061,デンカ,東P,"3,380",+74.0 (+2.24%) ,0.94,18.56,5.2,44.22,153.12,45.63,(連),2.96,205.19,1.30,-2.19,-15.93,5.23
2026-08-20,4062,イビデン,東P,"19,150",-565.0 (-2.87%) ,9.72,83.93,12.2,72.88,27.00,57.27,(連),0.16,271.93,3.67,-1.87,56.93,20.15
2026-08-20,4063,信越化学工業,東P,"6,161",+71.0 (+1.17%) ,2.56,24.38,10.4,78.63,-13.68,78.72,(連),1.72,299.29,1.12,-0.38,-4.85,4.62
2026-08-20,4064,日本カーバイド工業,東P,"3,375",+90.0 (+2.74%) ,0.82,12.07,7.0,53.50,21.86,61.27,(連),2.73,353.90,0.36,4.17,11.11,4.29
2026-08-20,4068,ベイシス,東G,"1,688",-7.0 (-0.41%) ,,,,,,,,,,,,,
2026-08-20,4069,ＢｌｕｅＭｅｍｅ,東G,676,+5.0 (+0.75%) ,,,,,,,,,,,,,
2026-08-20,406A,環境のミカタＨＬＤＧ,東PRO,--,-- (--%) ,,,,,,,,,,,,,
2026-08-20,4071,プラスアルファコンサルティング,東P,"2,267",+57.0 (+2.58%) ,6.49,28.84,24.3,0.00,39.21,79.39,(連),1.28,128.95,0.27,0.22,117.97,18.57
2026-08-20,4072,電算システムＨＬＤＧ,東P,"3,075",+55.0 (+1.82%) ,1.34,11.34,12.4,0.00,51.66,35.65,(連),2.93,244.10,-1.27,-3.75,-16.30,7.13
2026-08-20,4073,ジィ・シィ企画,東G,500,-5.0 (-0.99%) ,,,,,,,,,,,,,
2026-08-20,4074,ラキール,東G,736,+19.0 (+2.65%) ,1.37,18.12,7.9,0.00,-18.42,61.5,(連),0.00,54.03,0.41,-320.69,-20.00,0.70
2026-08-20,4075,ブレインズテクノロジー,東G,925,+32.0 (+3.58%) ,3.28,38.62,8.4,0.00,127.40,79.86,(単),0.00,,,,,
2026-08-20,4076,シイエヌエス,東G,"1,988",+37.0 (+1.90%) ,,,,,,,,,,,,,
2026-08-20,4078,堺化学工業,東P,"3,905",+75.0 (+1.96%) ,0.77,22.13,3.5,17.35,4.24,66.26,(連),3.71,261.20,0.31,-14.29,-21.05,-1.74
2026-08-20,407A,ＵＮＩＣＯＮ　ＨＬＤＧ,東S,890,-3.0 (-0.34%) ,,,,,,,,,,,,,
2026-08-20,4082,第一稀元素化学工業,東P,"1,985",+58.0 (+3.01%) ,1.25,19.11,6.6,56.22,415.03,57.47,(連),1.41,,,,,
2026-08-20,4088,エア・ウォーター,東P,"2,500",+5.0 (+0.20%) ,,,,,,,,,191.11,-0.08,-0.54,-27.24,6.66
2026-08-20,408A,ｉＳ　ＡＩグローバル・イノベ,東ETF,291.5,+0.8 (+0.28%) ,,,,,,,,,,,,,
2026-08-20,4091,日本酸素ＨＤ,東P,"5,661",-58.0 (-1.01%) ,2.01,19.78,11.3,69.37,21.69,43.98,(連),1.10,326.30,1.24,0.88,9.16,5.37
2026-08-20,4092,日本化学工業,東P,"5,440",+140.0 (+2.64%) ,0.94,16.42,6.0,13.69,-25.76,64.14,(連),2.21,518.60,0.19,-13.85,3.70,2.61
2026-08-20,4093,東邦アセチレン,東S,422,+6.0 (+1.44%) ,,,,,,,,,,,,,
2026-08-20,4094,日本化学産業,東S,"2,282",+23.0 (+1.02%) ,0.87,19.46,4.7,18.56,18.87,82.38,(連),3.94,,,,,
2026-08-20,4095,日本パーカライジング,東P,"1,728",+25.0 (+1.47%) ,0.93,14.75,6.5,46.03,-1.35,73.9,(連),2.89,,,,,
2026-08-20,4097,高圧ガス工業,東P,"1,169",+6.0 (+0.52%) ,,,,,,,,,,,,,
2026-08-20,4098,チタン工業,東S,"1,015",+1.0 (+0.10%) ,0.57,14.92,3.9,18.84,119.09,38.5,(連),1.18,,,,,
2026-08-20,4099,四国化成ＨＬＤＧ,東P,"2,519",+14.0 (+0.56%) ,2.32,26.09,9.5,37.82,10.59,64.95,(連),1.09,126.30,0.65,1.79,15.45,5.09
2026-08-20,409A,オリオンビール,東P,"1,199",+6.0 (+0.50%) ,,,,,,,,,,,,,
2026-08-20,4100,戸田工業,東S,"1,528",+44.0 (+2.96%) ,,,,,,,,,,,,,
2026-08-20,4102,丸尾カルシウム,東S,"1,444",-8.0 (-0.55%) ,0.31,10.49,3.0,17.83,62.94,58.64,(連),4.16,,,,,
2026-08-20,4107,伊勢化学工業,東S,"3,830",+10.0 (+0.26%) ,4.87,30.03,17.2,47.94,24.41,78.55,(連),1.02,,,,,
2026-08-20,4109,ステラ　ケミファ,東P,"5,430",+90.0 (+1.69%) ,1.39,21.01,6.6,48.28,6.32,74.55,(連),3.31,280.00,2.33,0.00,-6.73,4.84
2026-08-20,410A,ＧＭＯ　コマース,東G,"1,126",+1.0 (+0.09%) ,,,,,,,,,,,,,
2026-08-20,4112,保土谷化学工業,東P,"2,264",+12.0 (+0.53%) ,0.68,11.79,6.0,55.61,-11.36,60.85,(連),2.21,106.90,-0.48,0.00,-33.90,1.96
2026-08-20,4113,田岡化学工業,東S,741,+16.0 (+2.21%) ,0.54,6.93,8.1,12.86,6.72,63.21,(連),4.86,24.40,-0.39,25.00,-84.85,8.14
2026-08-20,4114,日本触媒,東P,"2,614",+17.0 (+0.65%) ,,,,,,,,,117.06,5.10,10.73,12.50,4.08
2026-08-20,4116,大日精化工業,東P,"1,296",-2.0 (-0.15%) ,,,,,,,,,,,,,
2026-08-20,4118,カネカ,東P,"6,131",+46.0 (+0.76%) ,0.74,12.23,6.4,44.81,-12.14,51.99,(連),2.61,421.79,-0.92,4.59,-16.92,-2.15
2026-08-20,4119,日本ピグメントＨＬＤＧ,東S,"5,890",+30.0 (+0.51%) ,0.41,7.98,5.5,37.17,347.01,49.21,(連),2.04,,,,,
2026-08-20,411A,日本マリタイムバンク,東PRO,--,-- (--%) ,,,,,,,,,,,,,
2026-08-20,4120,スガイ化学工業,東S,"2,967",+50.0 (+1.71%) ,0.46,8.41,5.8,7.65,-10.25,68.63,(単),3.03,,,,,
2026-08-20,4124,大阪油化工業,東S,"2,885",+35.0 (+1.23%) ,,,,,,,,,,,,,
2026-08-20,4125,三和油化工業,東S,"3,800",+100.0 (+2.70%) ,1.23,15.31,8.4,0.00,89.63,51.24,(連),1.32,302.65,0.57,-0.65,65.42,22.75
2026-08-20,412A,ＮＦ　ＴＩＰ　ＦＳ台湾　５０,東ETF,"4,200",-67.0 (-1.57%) ,,,,,,,,,,,,,
2026-08-20,413A,ｉＦキャセイ台湾テックリーダー,東ETF,"3,815",-30.0 (-0.78%) ,,,,,,,,,,,,,
2026-08-20,414A,オーバーラップＨＬＤＧ,東G,905,+6.0 (+0.67%) ,,,,,,,,,,,,,
2026-08-20,4151,協和キリン,東P,"2,625",+35.5 (+1.37%) ,1.54,20.50,7.7,74.07,4.52,80.64,(連),2.36,158.30,0.70,-0.25,17.93,3.21
2026-08-20,415A,ＧＭＯ　ＴＥＣＨ　ＨＬＤＧ,東G,"5,100",+145.0 (+2.93%) ,,,,,,,,,,,,,
2026-08-20,4165,プレイド,東G,748,+43.0 (+6.10%) ,6.41,27.71,27.8,0.00,650.00,49.29,(連),0.00,28.40,5.04,-10.24,-5.00,37.00
2026-08-20,4166,かっこ,東G,635,+4.0 (+0.63%) ,,,,,,,,,,,,,
2026-08-20,4167,ココペリ,東G,318,+10.0 (+3.25%) ,,,,,,,,,,,,,
2026-08-20,4168,ヤプリ,東G,751,+20.0 (+2.74%) ,,,,,,,,,,,,,
2026-08-20,4169,ＥＮＥＣＨＡＮＧＥ,東G,327,+22.0 (+7.21%) ,2.93,106.86,2.8,0.00,92.89,61.85,(連),0.00,,,,,
2026-08-20,416A,富士ユナイトＨＬＤＧ,東S,"1,271",-3.0 (-0.24%) ,0.86,11.56,7.5,0.00,44.40,43.75,(連),4.88,,,,,
2026-08-20,4170,Ｋａｉｚｅｎ　Ｐｌａｔｆｏｒｍ,東G,120,+3.0 (+2.56%) ,0.68,68.57,1.0,0.00,533.33,69.87,(連),0.00,,,,,
2026-08-20,4172,Ｈｉクラテス,東S,"2,290",-30.0 (-1.29%) ,1.22,11.39,11.0,0.00,11.07,88.86,(単),4.06,,,,,
2026-08-20,4174,アピリッツ,東S,834,+31.0 (+3.86%) ,,,,,,,,,,,,,
2026-08-20,4175,ｃｏｌｙ,東G,"2,800",+58.0 (+2.12%) ,2.84,211.96,1.4,0.00,109.02,79.42,(単),0.00,,,,,
2026-08-20,4176,ココナラ,東G,283,+16.0 (+5.99%) ,2.65,21.65,14.6,0.00,0.89,31.79,(連),0.00,16.10,0.76,-2.04,-4.00,26.84
2026-08-20,4177,Ｉ−ＰＬＵＧ,東G,"1,501",+15.0 (+1.01%) ,3.15,12.48,29.0,0.00,24.35,37.84,(連),3.60,,,,,
2026-08-20,4178,Ｓｈａｒｉｎｇ　Ｉｎｎｏｖａｔ,東G,508,+9.0 (+1.80%) ,1.18,79.38,1.5,0.00,-60.43,69.01,(連),0.00,,,,,
2026-08-20,4179,ジーネクスト,東G,359,+22.0 (+6.53%) ,,,,,,,,,,,,,
2026-08-20,417A,ブルーゾーン　ＨＬＤＧ,東P,"1,850.5",+20.5 (+1.12%) ,1.89,15.96,12.4,0.00,9.65,46.65,(連),1.73,121.10,3.41,0.53,1.99,11.48
2026-08-20,4180,Ａｐｐｉｅｒ　Ｇｒｏｕｐ,東P,"1,309",+35.0 (+2.75%) ,3.59,52.07,7.2,32.03,29.68,61.41,(連),0.17,34.99,0.96,4.16,-42.55,26.42
2026-08-20,4182,三菱瓦斯化学,東P,"3,857",+25.0 (+0.65%) ,,,,,,,,,280.16,-0.06,0.99,9.65,6.44
2026-08-20,4183,三井化学,東P,"2,113",+30.0 (+1.44%) ,0.9,23.06,4.0,51.82,-4.24,40.19,(連),3.55,133.08,0.35,-1.36,-22.68,2.14
2026-08-20,4186,東京応化工業,東P,"8,864",+92.0 (+1.05%) ,4.67,31.84,15.6,84.54,42.60,67.89,(連),0.81,335.63,1.29,-0.02,39.45,18.97
2026-08-20,4187,大阪有機化学工業,東P,"4,635",+105.0 (+2.32%) ,1.9,13.77,14.5,29.28,37.95,78.01,(連),1.62,262.82,-0.80,-1.49,16.63,9.89
2026-08-20,4188,三菱ケミカルグループ,東P,"1,144",+12.0 (+1.06%) ,0.88,132.56,0.7,56.06,-99.53,29.98,(連),2.80,86.52,0.01,1.53,14.89,-5.25
2026-08-20,4189,ＫＨネオケム,東P,"3,290",+80.0 (+2.49%) ,1.65,15.08,11.2,23.97,-10.47,53.56,(連),3.19,280.33,0.41,2.65,-5.33,1.06
2026-08-20,418A,ウリドキ,名N,"1,284",-8.0 (-0.62%) ,,,,,,,,,,,,,
2026-08-20,4192,スパイダープラス,東G,286,+16.0 (+5.93%) ,,,,,,,,,,,,,
2026-08-20,4193,ファブリカＨＬＤＧ,東S,"2,165",+5.0 (+0.23%) ,,,,,,,,,177.20,0.29,5.64,18.58,13.15
2026-08-20,4194,ビジョナル,東P,"9,323",+286.0 (+3.16%) ,5.54,23.26,26.7,0.00,22.94,70.45,(連),0.00,423.68,3.85,-0.01,0.01,22.66
2026-08-20,4196,ネオマーケティング,東S,"1,995",+11.0 (+0.55%) ,6.17,185.41,3.3,0.00,-50.00,43.92,(連),0.00,,,,,
2026-08-20,4197,アスマーク,東S,"2,346",-1.0 (-0.04%) ,1.7,13.41,12.7,0.00,-16.95,62.53,(連),3.28,,,,,
2026-08-20,4198,テンダ,東S,496,+2.0 (+0.40%) ,,,,,,,,,,,,,
2026-08-20,4199,ワンダープラネット,東G,792,+4.0 (+0.51%) ,,,,,,,,,,,,,
2026-08-20,419A,ラングローブ,東PRO,--,-- (--%) ,,,,,,,,,,,,,
2026-08-20,4202,ダイセル,東P,"1,474.5",+56.0 (+3.95%) ,1.06,38.05,2.8,65.63,-27.58,42.64,(連),4.07,127.50,0.05,-1.84,-34.73,1.99
2026-08-20,4203,住友ベークライト,東P,"7,310",+63.0 (+0.87%) ,1.85,22.88,8.8,64.70,35.74,71.71,(連),1.50,361.04,1.56,0.78,10.72,8.22
2026-08-20,4204,積水化学工業,東P,"2,631.5",+46.0 (+1.78%) ,,,,,,,,,196.12,1.83,-0.94,-9.58,3.35
2026-08-20,4205,日本ゼオン,東P,"2,380.5",+17.0 (+0.72%) ,,,,,,,,,184.40,-10.63,-2.47,19.38,0.48
2026-08-20,4206,アイカ工業,東P,"4,056",+19.0 (+0.47%) ,1.35,13.68,10.2,45.81,5.12,58.35,(連),3.40,321.06,1.52,5.42,8.97,8.04
2026-08-20,4208,ＵＢＥ,東P,"3,532",-7.0 (-0.20%) ,0.78,14.37,5.7,77.69,67.65,46.2,(連),3.11,250.14,7.92,-4.09,-26.95,-0.76
2026-08-20,4212,積水樹脂,東P,"2,832",+76.0 (+2.76%) ,,,,,,,,,,,,,
2026-08-20,4216,旭有機材,東P,"5,950",+120.0 (+2.06%) ,1.38,33.61,4.2,38.14,-29.28,74.49,(連),2.02,319.40,0.23,43.33,-28.33,3.09
2026-08-20,4218,ニチバン,東P,"1,945",-6.0 (-0.31%) ,0.89,23.95,3.8,0.00,-8.91,65.85,(連),2.06,81.75,36.46,-1.02,-36.05,2.93
2026-08-20,421A,ムービン・ストラテジック・キャ,東G,"4,190",+365.0 (+9.54%) ,,,,,,,,,,,,,
2026-08-20,4220,リケンテクノス,東P,"2,680",+46.0 (+1.75%) ,1.89,17.43,11.4,50.42,11.33,56.78,(連),2.01,142.90,-2.66,3.45,6.19,5.27
2026-08-20,4221,大倉工業,東P,"5,630",+100.0 (+1.81%) ,1.01,16.79,6.1,10.71,25.77,61.23,(連),3.46,,,,,
2026-08-20,4222,児玉化学工業,東S,672,-1.0 (-0.15%) ,0.37,0.45,82.8,72.86,"2,267.01",42.34,(連),1.49,,,,,
2026-08-20,4224,ロンシール工業,東S,"2,154",+34.0 (+1.60%) ,0.5,9.74,5.3,16.77,51.68,74.49,(連),3.95,,,,,
2026-08-20,4228,積水化成品工業,東P,614,+14.0 (+2.33%) ,0.56,13.02,4.3,28.00,"2,104.90",41.01,(連),2.44,,,,,
2026-08-20,4229,群栄化学工業,東P,"4,570",+155.0 (+3.51%) ,0.55,15.36,3.8,33.86,8.95,80.35,(連),2.19,,,,,
2026-08-20,422A,ｔａｎｅ　ＣＲＥＡＴＩＶＥ,東PRO,--,-- (--%) ,,,,,,,,,,,,,
2026-08-20,4231,タイガースポリマー,東S,"1,011",+9.0 (+0.90%) ,0.42,8.47,5.2,54.37,5.79,75.4,(連),3.76,,,,,
2026-08-20,4234,サンエー化研,東S,995,+13.0 (+1.32%) ,,,,,,,,,,,,,
2026-08-20,4235,ウルトラファブリックスＨＬＤＧ,東S,690,+3.0 (+0.44%) ,0.7,16.34,4.5,98.62,-48.42,45.77,(連),5.07,26.70,-0.70,-66.67,-66.67,3.40
2026-08-20,4237,フジプレアム,東S,336,+1.0 (+0.30%) ,,,,,,,,,,,,,
2026-08-20,4238,ミライアル,東S,"1,705",+60.0 (+3.65%) ,0.67,24.02,2.8,49.28,-58.25,85.82,(連),2.93,,,,,
2026-08-20,423A,ライオン事務器,東S,317,0.0 (0.00%) ,,,,,,,,,,,,,
2026-08-20,4240,クラスターテクノロジー,東S,336,+13.0 (+4.02%) ,,,,,,,,,,,,,
2026-08-20,4241,アテクト,東S,663,+2.0 (+0.30%) ,1.61,20.70,8.0,20.23,226.56,38.87,(連),1.51,,,,,
2026-08-20,4242,タカギセイコー,東S,"1,790",0.0 (0.00%) ,0.4,3.10,13.4,35.07,87.34,38.36,(連),2.79,,,,,
2026-08-20,4243,ニックス,東S,990,+3.0 (+0.30%) ,0.51,11.85,4.4,40.47,20.77,74.66,(連),2.02,,,,,
2026-08-20,4245,ダイキアクシス,東S,709,0.0 (0.00%) ,0.98,20.37,4.8,0.00,13.72,25.33,(連),3.39,,,,,
2026-08-20,4246,ダイキョーニシカワ,東P,"1,113",+26.0 (+2.39%) ,0.83,8.81,9.8,38.86,10.54,55.9,(連),4.67,138.90,0.80,60.00,60.00,-1.06
2026-08-20,4247,ポバール興業,東S,"1,378",+13.0 (+0.95%) ,0.6,9.74,6.4,17.24,79.40,82.83,(連),2.98,,,,,
2026-08-20,4248,竹本容器,東S,890,-1.0 (-0.11%) ,0.89,13.92,6.5,24.72,10.33,71.42,(連),4.04,,,,,
2026-08-20,4249,森六,東P,"2,849",+7.0 (+0.25%) ,0.62,16.68,3.8,71.00,81.17,53.46,(連),4.04,,,,,
2026-08-20,424A,ＧＸ　ゴールド為替ヘッジあり,東ETF,343,+11.5 (+3.47%) ,,,,,,,,,,,,,
2026-08-20,4251,恵和,東P,"1,180",+16.0 (+1.37%) ,0.91,9.67,9.7,79.64,-18.62,77.11,(連),3.39,167.60,0.19,-3.23,-6.25,2.73
2026-08-20,4255,ＴＨＥＣＯＯ,東G,"3,605",+15.0 (+0.42%) ,14.02,43.26,39.0,0.00,441.27,16.12,(単),0.00,,,,,
2026-08-20,4256,サインド,東G,965,-6.0 (-0.62%) ,1.68,33.86,5.1,0.00,19.38,71.47,(連),0.00,,,,,
2026-08-20,4258,網屋,東G,"4,675",+410.0 (+9.61%) ,14.07,51.46,30.3,0.00,93.72,40.76,(連),0.34,,,,,
2026-08-20,4259,エクサウィザーズ,東G,800,+26.0 (+3.36%) ,14.72,44.13,44.1,0.00,"78,200.00",48.11,(連),0.00,19.30,6.42,29.73,242.86,27.50
2026-08-20,425A,ＧＸ　ゴールド,東ETF,381.1,+11.4 (+3.08%) ,,,,,,,,,,,,,
2026-08-20,4260,ハイブリッドテクノロジーズ,東G,210,+1.0 (+0.48%) ,1.13,128.05,0.8,0.00,-115.27,54.81,(連),0.00,,,,,
2026-08-20,4261,アジアクエスト,東G,"2,923",+2.0 (+0.07%) ,2.2,14.81,15.9,0.00,-4.28,67.19,(連),0.00,,,,,
2026-08-20,4262,ニフティライフスタイル,東G,"1,367",+15.0 (+1.11%) ,1.39,11.16,13.0,0.00,20.10,83.15,(連),4.32,,,,,
2026-08-20,4263,サスメド,東G,573,+31.0 (+5.72%) ,,,,,,,,,47.00,-0.04,0.00,-36.65,117.98
2026-08-20,4264,セキュア,東G,"1,485",+10.0 (+0.68%) ,2.86,43.29,8.9,0.00,2.05,55.65,(連),0.00,77.30,0.15,-22.22,-22.22,21.35
2026-08-20,4265,Ｉｎｓｔｉｔｕｔｉｏｎ　ｆｏｒ,東G,296,+20.0 (+7.25%) ,,,,,,,,,,,,,
2026-08-20,426A,ＮＩＳ　Ｓ＆Ｐ５００イコール無,東ETF,"1,260",+8.0 (+0.64%) ,,,,,,,,,,,,,
2026-08-20,4270,ＢｅｅＸ,東G,"1,909",+46.0 (+2.47%) ,1.4,9.41,14.9,0.00,-8.47,52.78,(連),1.31,,,,,
2026-08-20,4272,日本化薬,東P,"2,078.5",+27.0 (+1.32%) ,1.11,12.90,9.0,56.02,14.43,69.97,(連),3.18,161.60,49.36,2.58,12.30,8.30
2026-08-20,4274,細谷火工,東S,"1,107",+44.0 (+4.14%) ,,,,,,,,,,,,,
2026-08-20,4275,カーリット,東P,"2,100",+99.0 (+4.95%) ,1.18,16.09,7.7,0.00,13.10,69.0,(連),2.00,136.77,3.20,-3.41,-5.46,1.13
2026-08-20,4284,ソルクシーズ,東S,444,+14.0 (+3.26%) ,,,,,,,,,,,,,
2026-08-20,4286,ＣＬＨＬＤＧ,東S,"1,344",+158.0 (+13.32%) ,1.84,23.12,8.3,0.00,368.56,31.78,(連),1.34,,,,,
2026-08-20,4287,ジャストプランニング,東S,490,-5.0 (-1.01%) ,1.46,11.17,13.6,0.00,24.44,90.65,(連),2.24,,,,,
2026-08-20,4288,アズジェント,東S,468,+16.0 (+3.54%) ,3.54,10.63,39.8,0.00,161.93,28.54,(単),0.00,,,,,
2026-08-20,428A,サイプレス・ＨＬＤＧ,東S,"1,434",-47.0 (-3.17%) ,,,,,,,,,,,,,
2026-08-20,4290,プレステージ・インターナショナ,東P,734,+9.0 (+1.24%) ,1.88,15.63,12.5,0.00,16.11,58.8,(連),3.54,48.55,4.49,-0.34,1.70,9.51
2026-08-20,4293,セプテーニＨＬＤＧ,東S,520,+12.0 (+2.36%) ,1.62,30.90,5.1,3.59,-3.06,69.07,(連),3.46,26.43,0.35,2.66,12.20,7.80
2026-08-20,4299,ハイマックス,東S,"1,222",-13.0 (-1.05%) ,1.17,12.03,10.1,0.00,-13.07,80.64,(連),3.76,,,,,
2026-08-20,429A,テクセンドフォトマスク,東P,"3,605",+35.0 (+0.98%) ,2.05,13.81,17.2,92.08,8.65,75.63,(連),1.55,,,,,
2026-08-20,4301,アミューズ,東P,"1,967",+71.0 (+3.74%) ,0.88,11.85,7.6,0.00,110.09,57.7,(連),2.03,,,,,
2026-08-20,4307,野村総合研究所,東P,"5,075",+215.0 (+4.42%) ,6.72,190.65,3.5,13.34,-56.13,45.21,(連),1.52,218.82,0.03,0.08,9.46,6.52
2026-08-20,4308,Ｊストリーム,東G,354,+2.0 (+0.57%) ,0.82,18.14,4.6,0.00,-8.94,81.48,(連),3.95,22.10,1.21,-4.00,-12.73,3.74
2026-08-20,430A,ネクストハンズ,東PRO,--,-- (--%) ,,,,,,,,,,,,,
2026-08-20,4310,ドリームインキュベータ,東P,"2,534",+24.0 (+0.96%) ,1.91,13.97,13.0,0.00,530.30,74.0,(連),5.41,,,,,
2026-08-20,4316,ビーマップ,東G,82,+3.0 (+3.80%) ,,,,,,,,,,,,,
2026-08-20,4317,レイ,東S,556,-12.0 (-2.11%) ,0.94,5.64,17.9,0.00,81.81,71.26,(連),3.60,,,,,
2026-08-20,4318,クイック,東P,852,+27.0 (+3.27%) ,2.47,11.50,22.4,0.00,1.69,74.67,(連),4.42,,,,,
2026-08-20,431A,ユーソナー,東G,"2,160",+82.0 (+3.95%) ,,,,,,,,,,,,,
2026-08-20,4320,ＣＥ　ＨＬＤＧ,東S,"1,668",+16.0 (+0.97%) ,,,,,,,,,,,,,
2026-08-20,4323,日本システム技術,東P,"2,008",+128.0 (+6.81%) ,,,,,,,,,,,,,
2026-08-20,4324,電通グループ,東P,"3,582",+108.0 (+3.11%) ,,,,,,,,,320.39,-0.09,0.78,38.51,2.33
2026-08-20,4326,インテージＨＬＤＧ,東P,"1,918",-25.0 (-1.29%) ,,,,,,,,,,,,,
2026-08-20,432A,クリニファー,東PRO,--,-- (--%) ,,,,,,,,,,,,,
2026-08-20,4331,テイクアンドギヴ・ニーズ,東P,753,+8.0 (+1.07%) ,,,,,,,,,,,,,
2026-08-20,4334,ユークス,東S,382,0.0 (0.00%) ,1.22,18.20,7.1,0.00,12.88,63.02,(連),2.62,,,,,
2026-08-20,4335,ＩＰＳ　ＨＬＤＧ,東S,"1,095",-6.0 (-0.54%) ,,,,,,,,,,,,,
2026-08-20,4337,ぴあ,東P,"2,789",+67.0 (+2.46%) ,3.98,12.89,36.9,0.00,82.72,9.17,(連),1.25,,,,,
2026-08-20,433A,ＭＪＥ,東PRO,--,-- (--%) ,,,,,,,,,,,,,
2026-08-20,4341,西菱電機,東S,885,0.0 (0.00%) ,0.54,12.04,4.5,0.00,46.38,46.02,(連),3.73,,,,,
2026-08-20,4343,イオンファンタジー,東P,"2,905",+50.0 (+1.75%) ,7.32,20.59,38.8,19.37,113.90,12.17,(連),0.52,182.00,0.55,15.87,-5.19,9.34
2026-08-20,4344,ソースネクスト,東P,118,+5.0 (+4.42%) ,,,,,,,,,,,,,
2026-08-20,4345,シーティーエス,東P,831,0.0 (0.00%) ,2.18,12.77,18.8,0.00,18.09,76.22,(連),3.49,67.95,2.75,-2.78,5.79,5.83
2026-08-20,4346,ＮＥＸＹＺ．Ｇｒｏｕｐ,東S,890,+33.0 (+3.85%) ,2.63,12.55,26.6,0.00,50.69,18.03,(連),3.37,,,,,
2026-08-20,4347,ブロードメディア,東S,"1,647",-13.0 (-0.78%) ,2.32,15.01,16.1,0.00,52.43,51.86,(連),3.64,124.90,0.95,-9.84,-26.67,-3.39
2026-08-20,434A,ＬＯＯＰＬＡＣＥ,東PRO,--,-- (--%) ,,,,,,,,,,,,,
2026-08-20,4350,メディカルシステムネットワーク,東S,479,-4.0 (-0.83%) ,0.81,13.07,6.4,0.00,0.98,21.58,(連),2.51,,,,,
2026-08-20,4351,山田再生系債権回収総合事務所,東S,822,-1.0 (-0.12%) ,1.04,49.13,2.1,0.00,-9.43,58.11,(連),1.22,,,,,
2026-08-20,4356,応用技術,東S,"1,649",+14.0 (+0.86%) ,1.51,10.29,15.6,0.00,27.93,75.96,(単),2.43,,,,,
2026-08-20,435A,ｉＦ日本配当ローテーション戦略,東ETF,"2,724",+28.0 (+1.04%) ,,,,,,,,,,,,,
2026-08-20,4360,マナック・ケミカル・パートナー,東S,879,+20.0 (+2.33%) ,,,,,,,,,,,,,
2026-08-20,4361,川口化学工業,東S,"1,533",+16.0 (+1.05%) ,0.6,6.25,9.9,21.07,3.59,35.33,(連),3.91,,,,,
2026-08-20,4362,日本精化,東P,"2,708",+81.0 (+3.08%) ,1.14,13.38,8.9,66.79,6.91,78.54,(連),3.62,,,,,
2026-08-20,4365,松本油脂製薬,東S,"20,520",0.0 (0.00%) ,0.67,7.41,9.5,68.53,11.76,84.25,(連),2.19,,,,,
2026-08-20,4366,ダイトーケミックス,東S,443,+7.0 (+1.61%) ,0.87,18.03,5.1,4.65,9.16,56.8,(連),1.81,,,,,
2026-08-20,4368,扶桑化学工業,東P,"3,230",+85.0 (+2.70%) ,2.92,23.88,12.9,55.11,18.19,76.99,(連),0.85,189.31,0.43,0.78,44.71,13.94
2026-08-20,4369,トリケミカル研究所,東P,"3,225",+90.0 (+2.87%) ,2.9,19.00,16.3,81.16,7.70,76.47,(連),1.09,181.80,2.49,5.69,-7.07,24.66
2026-08-20,436A,サイバーソリューションズ,東G,"1,168",+19.0 (+1.65%) ,,,,,,,,,,,,,
2026-08-20,4370,モビルス,東G,304,+8.0 (+2.70%) ,1.34,19.88,6.6,0.00,122.44,61.59,(連),0.00,,,,,
2026-08-20,4371,コアコンセプト・テクノロジー,東G,"1,299",-12.0 (-0.92%) ,4.17,14.47,32.5,0.00,7.62,59.05,(連),1.46,80.70,-1.59,0.00,-9.62,9.54
2026-08-20,4372,ユミルリンク,東G,"1,289",-11.0 (-0.85%) ,1.65,13.62,12.4,0.00,5.49,83.89,(連),1.47,,,,,
2026-08-20,4373,シンプレクス・ＨＬＤＧ,東P,"1,183",+58.0 (+5.16%) ,5.14,25.48,21.0,0.00,33.77,58.35,(連),1.52,56.72,0.94,1.48,14.06,22.01
2026-08-20,4374,ＲＯＢＯＴ ＰＡＹＭＥＮＴ,東G,"2,469",+66.0 (+2.75%) ,7.05,16.83,45.0,0.00,64.38,14.96,(単),1.13,,,,,
2026-08-20,4375,セーフィー,東G,670,+53.0 (+8.59%) ,4.1,85.03,5.0,0.00,80.90,75.04,(連),0.00,3.60,-3.43,-61.39,-60.00,23.89
2026-08-20,4376,くふうカンパニーＨＬＤＧ,東G,160,-1.0 (-0.62%) ,,,,,,,,,,,,,
2026-08-20,4377,ワンキャリア,東G,"2,498",+115.0 (+4.83%) ,,,,,,,,,119.60,0.48,4.24,1.63,38.31
2026-08-20,4378,ＣＩＮＣ,東G,502,+1.0 (+0.20%) ,,,,,,,,,,,,,
2026-08-20,4379,Ｐｈｏｔｏｓｙｎｔｈ,東G,437,+12.0 (+2.82%) ,2.81,23.20,12.9,0.00,157.14,61.94,(連),0.00,,,,,
2026-08-20,437A,ジェイウェイブ,東PRO,--,-- (--%) ,,,,,,,,,,,,,
2026-08-20,4380,Ｍマート,東G,675,+14.0 (+2.12%) ,3.09,15.60,21.4,0.00,25.54,68.9,(単),1.85,,,,,
2026-08-20,4381,ビープラッツ,東G,357,+13.0 (+3.78%) ,,,,,,,,,,,,,
2026-08-20,4382,ＨＥＲＯＺ,東S,755,+16.0 (+2.17%) ,2.27,30.51,7.9,0.00,78.95,58.67,(連),0.00,,,,,
2026-08-20,4385,メルカリ,東P,"4,795",+45.0 (+0.95%) ,,,,,,,,,219.91,9.07,1.01,38.43,16.70
2026-08-20,4386,ＳＩＧグループ,東S,906,+17.0 (+1.91%) ,1.85,10.72,18.3,0.00,18.99,46.62,(連),3.20,,,,,
2026-08-20,4387,ＺＵＵ,東G,497,+2.0 (+0.40%) ,,,,,,,,,,,,,
2026-08-20,4388,エーアイ,東S,370,+8.0 (+2.21%) ,,,,,,,,,,,,,
2026-08-20,4389,プロパティデータバンク,東G,"1,057",-2.0 (-0.19%) ,,,,,,,,,,,,,
2026-08-20,438A,インフキュリオン,東G,"1,011",+20.0 (+2.02%) ,,,,,,,,,,,,,
2026-08-20,4390,ＩＰＳ,東P,"3,980",+95.0 (+2.45%) ,2.72,12.34,24.6,86.03,42.08,36.96,(連),1.01,324.90,15.86,2.95,2.95,13.31
2026-08-20,4391,ロジザード,東G,"1,126",-3.0 (-0.27%) ,,,,,,,,,,,,,
2026-08-20,4392,ＦＩＧ,東P,"1,301",-102.0 (-7.27%) ,,,,,,,,,,,,,
2026-08-20,4393,バンク・オブ・イノベーション,東G,"5,280",+90.0 (+1.73%) ,3.61,15.53,26.3,7.86,60.43,73.22,(連),0.00,,,,,
2026-08-20,4394,エクスモーション,東G,556,+4.0 (+0.72%) ,2.02,26.33,7.8,0.00,23.57,89.84,(連),1.80,,,,,
2026-08-20,4395,アクリート,東G,693,+42.0 (+6.45%) ,1.49,14.92,11.8,18.83,58.61,48.53,(連),1.44,,,,,
2026-08-20,4396,システムサポートＨＬＤＧ,東P,"1,414",+16.0 (+1.14%) ,,,,,,,,,99.50,1.44,0.00,1.56,11.68
2026-08-20,4397,チームスピリット,東G,422,+12.0 (+2.93%) ,4.29,19.17,25.4,0.00,411.24,36.08,(連),0.00,,,,,
2026-08-20,4398,ブロードバンドセキュリティ,東S,"1,289",-1.0 (-0.08%) ,,,,,,,,,,,,,
2026-08-20,439A,アクトビ,東PRO,--,-- (--%) ,,,,,,,,,,,,,
2026-08-20,4401,ＡＤＥＫＡ,東P,"4,563",+52.0 (+1.15%) ,1.42,16.42,9.1,54.52,8.71,55.97,(連),2.45,293.86,2.71,2.21,2.72,5.16
2026-08-20,4403,日油,東P,"2,760.5",+54.5 (+2.01%) ,2.12,15.65,14.1,27.79,8.15,73.99,(連),2.21,187.68,2.29,-2.30,3.25,14.81
2026-08-20,4404,ミヨシ油脂,東S,"2,087",-22.0 (-1.04%) ,0.5,2.21,26.1,0.00,-36.38,50.65,(連),4.79,,,,,
2026-08-20,4406,新日本理化,東S,246,-2.0 (-0.81%) ,0.46,15.35,3.2,14.35,-54.23,48.93,(連),1.83,,,,,
2026-08-20,4409,東邦化学工業,東S,775,+15.0 (+1.97%) ,0.68,10.67,6.8,17.01,10.15,33.93,(連),2.84,,,,,
2026-08-20,4410,ハリマ化成グループ,東P,"1,150",+42.0 (+3.79%) ,0.69,11.91,6.0,58.87,125.26,39.66,(連),3.65,,,,,
2026-08-20,4412,サイエンスアーツ,東G,"1,226",+20.0 (+1.66%) ,7.13,85.61,12.0,0.00,370.59,67.04,(単),0.00,,,,,
2026-08-20,4413,ボードルア,東P,"3,120",+85.0 (+2.80%) ,12.61,39.45,40.0,0.00,36.99,55.03,(連),0.24,100.50,1.15,0.74,4.00,43.21
2026-08-20,4414,フレクト,東G,"1,044",+16.0 (+1.56%) ,,,,,,,,,139.10,0.33,-13.79,-26.47,14.38
2026-08-20,4415,ブロードエンタープライズ,東G,"1,368",-54.0 (-3.80%) ,5.17,20.07,29.4,0.00,36.52,15.09,(単),0.00,,,,,
2026-08-20,4416,Ｔｒｕｅ　Ｄａｔａ,東G,410,+9.0 (+2.24%) ,1.71,24.65,6.9,0.00,120.41,75.81,(単),0.00,,,,,
2026-08-20,4417,グローバルセキュリティエキスパ,東G,"4,620",+240.0 (+5.48%) ,15.8,46.74,39.8,0.00,42.25,44.19,(連),0.75,140.10,0.79,10.71,-3.12,26.12
2026-08-20,4418,ＪＤＳＣ,東G,"1,082",+53.0 (+5.15%) ,,,,,,,,,41.20,-1.16,0.00,18.18,2.03
2026-08-20,4419,ＦｉｎａｔｅｘｔＨＬＤＧ,東G,"1,369",+45.0 (+3.40%) ,6.55,46.58,15.5,7.95,97.45,45.16,(連),0.00,43.10,0.68,-0.81,18.82,41.92
2026-08-20,441A,ＮＥ,東G,284,0.0 (0.00%) ,,,,,,,,,,,,,
2026-08-20,4420,イーソル,東S,703,+25.0 (+3.69%) ,2.34,22.55,11.0,0.00,-25.80,72.09,(連),0.78,,,,,
2026-08-20,4421,ディ・アイ・システム,東S,937,+2.0 (+0.21%) ,,,,,,,,,,,,,
2026-08-20,4422,ＶＡＬＵＥＮＥＸ,東G,576,+18.0 (+3.23%) ,,,,,,,,,,,,,
2026-08-20,4424,Ａｍａｚｉａ,東G,354,-6.0 (-1.67%) ,,,,,,,,,,,,,
2026-08-20,4425,Ｋｕｄａｎ,東G,"1,596",+91.0 (+6.05%) ,,,,,,,,,,,,,
2026-08-20,4426,パスロジ,東PRO,--,-- (--%) ,0.67,9.70,6.5,0.00,-215.79,63.76,(単),4.91,,,,,
2026-08-20,4427,ＥｄｕＬａｂ,東G,208,+4.0 (+1.96%) ,1.57,129.19,1.2,0.00,191.46,37.53,(連),0.00,,,,,
2026-08-20,4428,シノプス,東G,705,+25.0 (+3.68%) ,2.32,20.26,11.9,0.00,101.95,77.85,(単),2.27,,,,,
2026-08-20,4429,リックソフト,東G,719,+7.0 (+0.98%) ,0.98,12.25,8.3,0.00,-22.56,34.42,(連),0.00,,,,,
2026-08-20,442A,クラシコ,東G,985,+4.0 (+0.41%) ,,,,,,,,,,,,,
2026-08-20,4430,東海ソフト,東S,"1,676",+24.0 (+1.45%) ,,,,,,,,,,,,,
2026-08-20,4431,スマレジ,東G,"3,415",+185.0 (+5.73%) ,6.84,29.51,25.8,0.00,35.11,68.26,(連),0.70,129.25,2.26,4.23,-2.63,19.68
2026-08-20,4432,ウイングアーク１ｓｔ,東P,"3,320",+90.0 (+2.79%) ,2.45,17.70,14.6,0.00,10.10,63.95,(連),3.13,219.83,0.88,0.93,3.17,9.47
2026-08-20,4433,ヒト・コミュニケーションズＨＤ,東P,909,+2.0 (+0.22%) ,0.98,18.99,4.9,0.00,63.02,42.56,(連),4.07,14.00,-0.92,-57.14,-63.64,3.32
2026-08-20,4434,サーバーワークス,東S,"2,519",+104.0 (+4.31%) ,,,,,,,,,143.40,-0.06,17.24,21.43,19.73
2026-08-20,4436,ミンカブ・ジ・インフォノイド,東G,421,0.0 (0.00%) ,4.48,8.64,84.7,0.00,120.67,14.44,(連),0.00,28.75,-0.36,-8.82,9.60,-8.15
2026-08-20,4437,ｇｏｏｄｄａｙｓ　ＨＬＤＧ,東G,787,+27.0 (+3.55%) ,1.49,8.86,18.3,0.00,67.27,41.46,(連),0.64,,,,,
2026-08-20,4438,Ｗｅｌｂｙ,東G,262,+2.0 (+0.77%) ,,,,,,,,,,,,,
2026-08-20,4439,東名,東S,772,+8.0 (+1.05%) ,2.36,9.49,27.9,0.00,40.90,58.94,(連),1.23,,,,,
2026-08-20,443A,ｉＦ　ＥＴＦ東証ＲＥＩＴ　指数,東ETF,"1,862",+15.0 (+0.81%) ,,,,,,,,,,,,,
2026-08-20,4440,ヴィッツ,東S,"1,194",+31.0 (+2.67%) ,1.69,11.21,16.1,0.00,69.45,69.37,(連),1.26,,,,,
2026-08-20,4441,トビラシステムズ,東S,"1,501",+56.0 (+3.88%) ,5.84,24.37,24.8,0.00,9.41,48.22,(単),1.42,,,,,
2026-08-20,4442,バルテス・ＨＬＤＧ,東G,405,+4.0 (+1.00%) ,2.21,14.01,16.7,0.00,-2.44,53.93,(連),0.99,30.80,2.01,7.78,7.78,10.58
2026-08-20,4443,Ｓａｎｓａｎ,東P,"2,220",+196.0 (+9.68%) ,,,,,,,,,72.71,0.86,0.08,15.32,21.81
2026-08-20,4444,インフォネット,東G,952,+2.0 (+0.21%) ,,,,,,,,,,,,,
2026-08-20,4445,リビン・テクノロジーズ,東G,"1,842",-5.0 (-0.27%) ,2.79,15.61,19.3,0.00,126.32,51.54,(連),0.00,,,,,
2026-08-20,4446,Ｌｉｎｋ−Ｕグループ,東S,869,+31.0 (+3.70%) ,,,,,,,,,,,,,
2026-08-20,4447,ピー・ビーシステムズ,東G,499,+5.0 (+1.01%) ,2.52,35.34,6.6,0.00,-64.92,63.33,(単),4.01,,,,,
2026-08-20,4448,ｋｕｂｅｌｌ,東G,366,+11.0 (+3.10%) ,,,,,,,,,,,,,
2026-08-20,444A,アイテル,東PRO,--,-- (--%) ,,,,,,,,,,,,,
2026-08-20,4450,パワーソリューションズ,東G,"2,226",+14.0 (+0.63%) ,1.95,17.46,11.5,0.00,36.77,54.59,(連),1.12,,,,,
2026-08-20,4452,花王,東P,"3,553",+70.0 (+2.01%) ,3.02,27.30,11.3,44.03,12.46,56.75,(連),2.17,153.75,1.27,0.15,3.57,4.59
2026-08-20,445A,東洋,東PRO,--,-- (--%) ,,,,,,,,,,,,,
2026-08-20,4461,第一工業製薬,東P,"13,420",-110.0 (-0.81%) ,2.74,22.13,13.6,29.96,80.79,45.25,(連),1.12,669.10,1.94,7.48,49.35,8.35
2026-08-20,4462,石原ケミカル,東P,"3,045",-5.0 (-0.16%) ,1.68,14.01,12.7,70.81,15.57,82.39,(連),1.44,,,,,
2026-08-20,4463,日華化学,東S,"2,015",+15.0 (+0.75%) ,0.91,13.41,6.9,50.25,-3.19,47.54,(連),2.98,,,,,
2026-08-20,4464,ソフト９９コーポレーション,東S,--,-- (--%) ,,,,,,,,,,,,,
2026-08-20,4465,ニイタカ,東S,"2,345",+18.0 (+0.77%) ,,,,,,,,,,,,,
2026-08-20,446A,ノースサンド,東G,"2,034",+97.0 (+5.01%) ,,,,,,,,,,,,,
2026-08-20,4471,三洋化成工業,東P,"6,250",+140.0 (+2.29%) ,0.87,8.84,10.6,37.56,26.74,81.44,(連),2.72,412.10,-0.36,-9.15,16.22,0.37
2026-08-20,4475,ＨＥＮＮＧＥ,東G,"1,504",+98.0 (+6.97%) ,,,,,,,,,,,,,
2026-08-20,4476,ＡＩ　ＣＲＯＳＳ,東G,"1,107",+17.0 (+1.56%) ,2.16,25.19,9.4,11.16,12.27,60.17,(連),0.00,,,,,
2026-08-20,4477,ＢＡＳＥ,東G,312,+13.0 (+4.35%) ,2.41,19.66,13.0,0.00,106.53,25.26,(連),1.60,17.20,2.16,55.37,42.94,31.42
2026-08-20,4478,フリー,東G,"3,855",+390.0 (+11.26%) ,,,,,,,,,48.33,0.48,4.84,-46.67,23.64
2026-08-20,4479,マクアケ,東G,929,+74.0 (+8.65%) ,2.19,29.08,7.9,0.00,891.67,72.18,(単),0.00,,,,,
2026-08-20,447A,ＳＳＳＰ　ゴールドヘッジなし,東ETF,284.4,+7.4 (+2.67%) ,,,,,,,,,,,,,
2026-08-20,4480,メドレー,東P,"2,959",+67.0 (+2.32%) ,6.18,96.64,5.6,0.00,-46.00,35.87,(連),0.00,70.06,0.33,-1.61,-42.55,25.76
2026-08-20,4481,ベース,東P,"3,380",+190.0 (+5.96%) ,4.3,14.74,30.7,0.00,10.77,75.3,(連),3.46,234.30,6.63,-6.30,-12.50,6.16
2026-08-20,4482,ウィルズ,東G,735,+6.0 (+0.82%) ,5.73,17.75,35.6,0.00,25.10,53.45,(連),1.77,,,,,
2026-08-20,4483,ＪＭＤＣ,東P,"3,465",+65.0 (+1.91%) ,2.71,33.50,8.4,0.00,17.09,52.78,(連),0.52,117.50,2.17,0.57,-20.60,21.06
2026-08-20,4484,ランサーズ,東G,289,-1.0 (-0.34%) ,3.3,51.52,6.6,0.00,80.00,37.96,(連),0.69,,,,,
2026-08-20,4486,ユナイトアンドグロウ,東G,694,-6.0 (-0.86%) ,2.45,13.33,19.2,0.00,36.50,64.45,(単),4.03,,,,,
2026-08-20,4487,スペースマーケット,東G,224,0.0 (0.00%) ,2.69,12.65,26.4,0.00,35.03,24.57,(連),0.00,,,,,
2026-08-20,4488,ＡＩ　ｉｎｓｉｄｅ,東G,"2,155",+45.0 (+2.13%) ,1.72,24.23,7.4,0.00,20.25,72.6,(単),0.00,,,,,
2026-08-20,448A,ＳＳＳＰ　ゴールドヘッジあり,東ETF,269.9,+8.8 (+3.37%) ,,,,,,,,,,,,,
2026-08-20,4490,ビザスク,東G,689,+7.0 (+1.03%) ,-0.9,10.20,70.3,40.49,15.94,21.49,(連),0.00,,,,,
2026-08-20,4491,コンピューターマネージメント,東S,"3,230",+5.0 (+0.16%) ,1.59,12.86,13.2,0.00,22.45,72.45,(連),1.86,,,,,
2026-08-20,4492,ゼネテック,東S,375,0.0 (0.00%) ,1.59,8.47,19.9,0.00,20.64,39.44,(連),5.87,,,,,
2026-08-20,4493,サイバーセキュリティクラウド,東G,"1,917",+38.0 (+2.02%) ,4.44,23.42,18.6,0.00,31.25,75.59,(連),0.26,,,,,
2026-08-20,4495,アイキューブドシステムズ,東G,"1,911",+59.0 (+3.19%) ,,,,,,,,,,,,,
2026-08-20,4496,コマースＯｎｅ　ＨＬＤＧ,東G,767,+10.0 (+1.32%) ,2.06,17.92,11.8,0.00,11.58,72.11,(連),2.74,,,,,
2026-08-20,4498,サイバートラスト,東G,"1,322",+50.0 (+3.93%) ,,,,,,,,,82.50,0.46,0.00,12.22,11.49
2026-08-20,4499,Ｓｐｅｅｅ,東S,"2,764",+62.0 (+2.29%) ,,,,,,,,,,,,,
2026-08-20,449A,ＳＳＳＰ　Ｓ＆Ｐ５００ヘッジ無,東ETF,832.8,+0.7 (+0.08%) ,,,,,,,,,,,,,
2026-08-20,4502,武田薬品工業,東P,"5,825",+56.0 (+0.97%) ,,,,,,,,,127.10,-0.20,1.33,-23.80,1.07
2026-08-20,4503,アステラス製薬,東P,"2,418",+81.0 (+3.47%) ,2.37,14.86,17.4,85.18,"1,105.58",51.28,(連),3.23,195.10,0.62,4.44,57.37,9.50
2026-08-20,4506,住友ファーマ,東P,"1,465",+114.5 (+8.48%) ,1.99,5.45,46.3,81.30,469.78,36.35,(連),0.00,210.24,-0.32,2.31,82.05,17.62
2026-08-20,4507,塩野義製薬,東P,"2,932.5",+73.5 (+2.57%) ,1.48,12.16,13.5,69.56,19.01,65.4,(連),2.42,252.83,2.39,0.87,4.13,25.81
2026-08-20,450A,ＳＳＳＰ　Ｓ＆Ｐ５００ヘッジ有,東ETF,793.6,+3.4 (+0.43%) ,,,,,,,,,,,,,
2026-08-20,4512,わかもと製薬,東S,286,+13.0 (+4.76%) ,,,,,,,,,,,,,
2026-08-20,4516,日本新薬,東P,"3,697",+71.0 (+1.96%) ,0.85,8.38,11.0,45.15,0.90,84.18,(連),3.35,443.63,13.99,-1.36,-0.71,9.09
2026-08-20,4519,中外製薬,東P,"7,101",+216.0 (+3.14%) ,5.77,26.93,22.1,62.34,10.09,82.06,(連),3.83,308.70,1.35,0.09,9.63,8.70
2026-08-20,451A,ＳＳＳＰ　Ｓ＆Ｐ５００高配当株,東ETF,305.2,+2.9 (+0.96%) ,,,,,,,,,,,,,
2026-08-20,4521,科研製薬,東P,"4,005",+5.0 (+0.13%) ,1.03,70.80,1.4,58.35,-100.97,82.83,(連),4.74,191.06,0.09,28.91,192.42,-1.84
2026-08-20,4523,エーザイ,東P,"4,962",+125.0 (+2.58%) ,1.56,36.28,4.4,71.28,-16.48,62.04,(連),3.22,209.11,0.45,0.59,9.79,7.36
2026-08-20,4524,森下仁丹,東S,"2,238",-7.0 (-0.31%) ,0.71,14.58,5.0,21.87,-11.15,69.68,(連),2.90,,,,,
2026-08-20,4526,理研ビタミン,東P,"3,320",+40.0 (+1.22%) ,1.16,13.94,8.7,22.06,-18.19,71.61,(連),3.31,253.53,2.03,10.62,-25.74,1.36
2026-08-20,4527,ロート製薬,東P,"2,867",+62.0 (+2.21%) ,2.15,18.92,12.1,51.00,18.65,62.06,(連),1.60,154.95,8.27,0.14,8.83,9.28
2026-08-20,4528,小野薬品工業,東P,"2,481.5",+21.5 (+0.87%) ,1.37,16.71,8.5,44.34,56.17,76.88,(連),3.22,152.51,6.01,-0.03,10.47,-3.15
2026-08-20,452A,ｉＳ　Ｓ＆Ｐ５００プレミインカ,東ETF,820.6,0.0 (0.00%) ,,,,,,,,,,,,,
2026-08-20,4531,有機合成薬品工業,東S,358,+4.0 (+1.13%) ,0.57,24.67,2.4,51.90,-73.40,52.42,(単),2.79,,,,,
2026-08-20,4534,持田製薬,東P,"3,280",+60.0 (+1.86%) ,0.83,14.71,5.8,0.00,38.78,76.8,(連),2.44,,,,,
2026-08-20,4536,参天製薬,東P,"1,949.5",+69.0 (+3.67%) ,2.11,17.09,12.8,49.66,-0.08,70.2,(連),1.95,119.68,3.29,-0.69,-1.87,0.61
2026-08-20,4538,扶桑薬品工業,東P,"2,312",+34.0 (+1.49%) ,,,,,,,,,,,,,
2026-08-20,4539,日本ケミファ,東S,"1,567",0.0 (0.00%) ,,,,,,,,,,,,,
2026-08-20,453A,ｉＳ米国債２０年超プレミインカ,東ETF,758.1,+4.2 (+0.56%) ,,,,,,,,,,,,,
2026-08-20,4540,ツムラ,東P,"3,748",+27.0 (+0.73%) ,0.87,9.96,9.0,15.89,-5.68,54.28,(連),3.92,346.80,-1.38,-0.67,-4.21,9.22
2026-08-20,4543,テルモ,東P,"2,576.5",+104.5 (+4.23%) ,2.4,27.96,9.2,80.33,15.32,68.53,(連),1.16,122.61,0.64,0.60,14.02,10.42
2026-08-20,4544,Ｈ．Ｕ．グループＨＬＤＧ,東P,"3,632",+55.0 (+1.54%) ,1.47,29.89,5.0,15.85,-40.24,51.34,(連),3.44,98.18,-1.93,-1.70,-18.10,3.38
2026-08-20,4547,キッセイ薬品工業,東P,"4,115",+25.0 (+0.61%) ,,,,,,,,,261.20,-0.74,-2.36,-0.07,2.22
2026-08-20,4548,生化学工業,東P,709,+6.0 (+0.85%) ,0.51,26.27,2.0,61.73,-13.14,87.21,(連),4.23,,,,,
2026-08-20,4549,栄研化学,東P,"2,359",+65.0 (+2.83%) ,1.77,20.97,8.5,27.34,-11.07,70.14,(連),2.46,,,,,
2026-08-20,4552,ＪＣＲファーマ,東P,546,+18.0 (+3.41%) ,1.42,30.55,4.6,0.00,115.58,42.91,(連),3.66,3.95,-1.77,-15.24,-85.22,15.21
2026-08-20,4553,東和薬品,東P,"3,865",+100.0 (+2.66%) ,1.07,36.24,3.0,9.72,7.37,37.47,(連),2.07,452.02,0.03,0.16,11.96,8.38
2026-08-20,4554,富士製薬工業,東P,"1,879",+37.0 (+2.01%) ,0.98,15.28,6.5,0.00,0.31,50.21,(連),2.42,81.40,-0.68,10.28,28.06,14.36
2026-08-20,4558,中京医薬品,東S,201,0.0 (0.00%) ,0.83,25.64,3.2,0.00,18.80,48.78,(単),2.49,,,,,
2026-08-20,4559,ゼリア新薬工業,東P,"2,150",+32.0 (+1.51%) ,0.87,11.21,8.5,59.27,-14.00,60.32,(連),2.28,235.90,0.40,9.76,-3.57,4.04
2026-08-20,455A,バリューソフトＨＬＤＧ,東PRO,--,-- (--%) ,,,,,,,,,,,,,
2026-08-20,4563,アンジェス,東G,42,0.0 (0.00%) ,,,,,,,,,,,,,
2026-08-20,4564,オンコセラピー・サイエンス,東G,21,+1.0 (+5.00%) ,,,,,,,,,,,,,
2026-08-20,4565,ネクセラファーマ,東P,"1,133",-34.0 (-2.91%) ,,,,,,,,,56.35,-0.14,35.44,8.16,17.99
2026-08-20,4568,第一三共,東P,"2,867.5",+138.5 (+5.08%) ,3.14,20.42,15.8,72.68,-25.93,41.55,(連),2.72,156.28,1.63,0.24,-25.98,11.70
2026-08-20,4569,杏林製薬,東P,"1,166",+17.0 (+1.48%) ,0.47,19.42,2.5,0.00,-69.51,72.87,(連),4.89,29.00,-0.78,-46.61,-63.11,-2.68
2026-08-20,456A,ＨＵＭＡＮ　ＭＡＤＥ,東G,"1,362",+4.0 (+0.29%) ,,,,,,,,,,,,,
2026-08-20,4570,免疫生物研究所,東G,"1,098",+99.0 (+9.91%) ,5.55,31.08,19.6,40.97,43.54,85.52,(連),0.55,,,,,
2026-08-20,4571,ＮＡＮＯＨＬＤＧ,東G,109,+5.0 (+4.81%) ,,,,,,,,,,,,,
2026-08-20,4572,カルナバイオサイエンス,東G,407,+25.0 (+6.54%) ,,,,,,,,,,,,,
2026-08-20,4574,大幸薬品,東P,268,+3.0 (+1.13%) ,1.58,14.58,11.2,35.88,-29.94,69.42,(連),1.23,1.80,-1.65,-82.26,-72.50,0.14
2026-08-20,4575,キャンバス,東G,811,+49.0 (+6.43%) ,,,,,,,,,,,,,
2026-08-20,4576,デ・ウエスタン・セラピテクス,東G,88,+4.0 (+4.76%) ,,,,,,,,,,,,,
2026-08-20,4577,ダイト,東P,"1,357",+23.0 (+1.72%) ,,,,,,,,,88.70,-0.88,-8.11,-10.53,3.26
2026-08-20,4578,大塚ＨＬＤＧ,東P,"12,600",+545.0 (+4.52%) ,2.19,18.39,12.6,70.91,39.36,72.27,(連),1.11,650.07,-3.79,1.14,27.34,7.11
2026-08-20,4579,ラクオリア創薬,東G,586,+16.0 (+2.81%) ,2.08,50.82,4.4,73.18,221.05,65.13,(連),0.00,,,,,
2026-08-20,457A,ルリアン,東PRO,--,-- (--%) ,,,,,,,,,,,,,
2026-08-20,4582,シンバイオ製薬,東G,66,-3.0 (-4.35%) ,,,,,,,,,,,,,
2026-08-20,4583,カイオム・バイオサイエンス,東G,84,0.0 (0.00%) ,,,,,,,,,,,,,
2026-08-20,4584,キッズウェル・バイオ,東G,170,+3.0 (+1.80%) ,,,,,,,,,,,,,
2026-08-20,4586,メドレックス,東G,66,+1.0 (+1.54%) ,,,,,,,,,,,,,
2026-08-20,4587,ペプチドリーム,東P,"1,101.5",+74.5 (+7.25%) ,,,,,,,,,102.65,-0.02,-18.70,-44.17,-9.55
2026-08-20,4588,オンコリスバイオファーマ,東G,"3,720",+300.0 (+8.77%) ,,,,,,,,,,,,,
2026-08-20,458A,プラン・ドゥ,東PRO,--,-- (--%) ,,,,,,,,,,,,,
2026-08-20,4591,リボミック,東G,83,+5.0 (+6.41%) ,,,,,,,,,,,,,
2026-08-20,4592,サンバイオ,東G,"1,042",+58.0 (+5.89%) ,,,,,,,,,,,,,
2026-08-20,4593,ヘリオス,東G,288,+29.0 (+11.20%) ,,,,,,,,,,,,,
2026-08-20,4594,ブライトパス・バイオ,東G,55,+4.0 (+7.84%) ,,,,,,,,,,,,,
2026-08-20,4595,ミズホメディー,東S,"1,711",+22.0 (+1.30%) ,1.74,9.51,19.0,0.00,-8.34,83.5,(単),5.84,152.20,-0.73,-9.09,5.26,-2.34
2026-08-20,4596,窪田製薬ＨＬＤＧ,東G,67,+1.0 (+1.52%) ,,,,,,,,,,,,,
2026-08-20,4597,ソレイジア・ファーマ,東G,36,+3.0 (+9.09%) ,,,,,,,,,,,,,
2026-08-20,4598,Ｄｅｌｔａ―Ｆｌｙ　Ｐｈａｒｍ,東G,107,+2.0 (+1.90%) ,,,,,,,,,,,,,
2026-08-20,4599,ステムリム,東G,355,+12.0 (+3.50%) ,,,,,,,,,,,,,
2026-08-20,459A,野村高利回りＪリート指数ＥＴＦ,東ETF,"10,305",+20.0 (+0.19%) ,,,,,,,,,,,,,
2026-08-20,460A,ＢＲＡＮＵ,東G,"1,090",+2.0 (+0.18%) ,,,,,,,,,,,,,
2026-08-20,4611,大日本塗料,東P,"1,498",+13.0 (+0.88%) ,0.64,25.32,2.6,10.48,-13.85,48.57,(連),3.87,,,,,
2026-08-20,4612,日本ペイントＨＬＤＧ,東P,"1,198.5",+32.5 (+2.79%) ,1.55,15.63,10.6,90.33,38.04,44.9,(連),1.34,85.00,1.30,0.23,3.18,11.21
2026-08-20,4613,関西ペイント,東P,"2,899.5",+45.0 (+1.58%) ,1.7,16.14,11.1,75.34,11.42,37.4,(連),3.79,136.21,-0.88,2.44,-19.73,4.40
2026-08-20,4615,神東塗料,東S,132,+1.0 (+0.76%) ,,,,,,,,,,,,,
2026-08-20,4616,川上塗料,東S,"2,036",0.0 (0.00%) ,0.61,28.02,2.2,0.00,-32.39,38.44,(連),2.16,,,,,
2026-08-20,4617,中国塗料,東P,"3,650",+155.0 (+4.43%) ,,,,,,,,,265.80,0.69,2.27,4.35,6.41
2026-08-20,4619,日本特殊塗料,東S,"2,715",+42.0 (+1.57%) ,0.96,11.20,8.9,11.31,1.86,70.55,(連),4.60,,,,,
2026-08-20,461A,ＭＸＳ日本株高配当Ｓ５０,東ETF,"2,613",+26.0 (+1.01%) ,,,,,,,,,,,,,
2026-08-20,4620,藤倉化成,東S,948,+18.0 (+1.94%) ,0.57,8.87,7.0,46.57,107.08,67.72,(連),2.11,,,,,
2026-08-20,4623,アサヒペン,東S,"1,871",-2.0 (-0.11%) ,0.46,9.95,5.0,0.00,-21.74,57.74,(連),3.21,,,,,
2026-08-20,4624,イサム塗料,東S,"3,850",+85.0 (+2.26%) ,0.41,9.71,4.3,0.00,40.42,82.5,(連),1.30,,,,,
2026-08-20,4625,アトミクス,東S,783,+5.0 (+0.64%) ,0.37,4.41,8.8,0.00,66.03,68.62,(連),2.55,,,,,
2026-08-20,4626,太陽ＨＬＤＧ,東P,"4,769",+15.0 (+0.32%) ,4.58,22.09,22.0,66.13,49.44,57.32,(連),1.73,213.33,-18.66,1.50,24.02,10.51
2026-08-20,4627,ナトコ,東S,"1,872",-26.0 (-1.37%) ,0.58,12.43,4.7,15.46,9.59,78.7,(連),2.94,,,,,
2026-08-20,4628,エスケー化研,東S,"8,840",-40.0 (-0.45%) ,0.68,9.73,7.2,14.87,14.07,85.14,(連),2.60,,,,,
2026-08-20,4629,大伸化学,東S,"2,105",-53.0 (-2.46%) ,,,,,,,,,,,,,
2026-08-20,462A,ＦＵＮＤＩＮＮＯ,東G,228,+2.0 (+0.88%) ,,,,,,,,,,,,,
2026-08-20,4631,ＤＩＣ,東P,"5,240",+22.0 (+0.42%) ,1.05,15.33,7.4,75.25,16.74,36.96,(連),3.82,448.86,0.37,5.70,4.91,3.20
2026-08-20,4633,サカタインクス,東P,"2,640",+44.0 (+1.69%) ,1.09,11.22,10.0,74.50,19.17,52.76,(連),3.60,217.30,-1.59,7.29,-5.11,7.97
2026-08-20,4634,ａｒｔｉｅｎｃｅ,東P,"4,940",+120.0 (+2.49%) ,0.88,23.47,3.9,55.05,-0.57,57.51,(連),2.02,460.77,0.09,-8.20,-4.52,3.05
2026-08-20,4635,東京インキ,東S,"2,058",+34.0 (+1.68%) ,0.81,13.96,6.1,0.00,248.09,59.09,(連),3.06,,,,,
2026-08-20,463A,インテリックスＨＬＤＧ,東S,973,+22.0 (+2.31%) ,,,,,,,,,,,,,
2026-08-20,4641,アルプス技研,東P,849,+5.0 (+0.59%) ,,,,,,,,,44.53,-0.56,-2.44,-3.58,5.60
2026-08-20,4642,オリジナル設計,東S,"1,415",+4.0 (+0.28%) ,1.07,15.46,6.9,0.00,8.35,66.06,(連),2.47,,,,,
2026-08-20,4644,イマジニア,東S,"1,053",0.0 (0.00%) ,0.85,13.60,6.2,12.53,25.11,92.04,(連),5.70,,,,,
2026-08-20,4645,市進ＨＬＤＧ,東S,434,-1.0 (-0.23%) ,1.42,5.62,27.2,0.00,4.59,18.38,(連),2.30,,,,,
2026-08-20,464A,ＱＰＳＨＬＤＧ,東G,"1,840",+60.0 (+3.37%) ,,,,,,,,,88.72,0.07,20.00,9.65,96.20
2026-08-20,4650,ＳＤエンターテイメント,東S,269,-1.0 (-0.37%) ,1.34,11.16,12.7,0.00,-28.33,38.39,(連),0.00,,,,,
2026-08-20,4651,サニックスＨＬＤＧ,東S,280,+11.0 (+4.09%) ,1.22,31.75,4.0,0.00,-62.72,27.5,(連),0.71,,,,,
2026-08-20,4657,環境管理センター,東S,466,+1.0 (+0.22%) ,,,,,,,,,,,,,
2026-08-20,4658,日本空調サービス,東P,"1,549",+22.0 (+1.44%) ,,,,,,,,,,,,,
2026-08-20,465A,ＧＸ　日経平均株主還元４０,東ETF,"1,329",+27.0 (+2.07%) ,,,,,,,,,,,,,
2026-08-20,4661,オリエンタルランド,東P,"2,975",+77.5 (+2.67%) ,4.43,40.02,11.7,0.00,-2.13,67.52,(連),0.50,78.19,7.36,-0.31,-6.41,4.73
2026-08-20,4662,フォーカスシステムズ,東P,"1,708",+23.0 (+1.36%) ,1.63,10.97,15.9,0.00,41.77,64.57,(単),3.75,,,,,
2026-08-20,4664,アール・エス・シー,東S,971,+52.0 (+5.66%) ,1.24,20.29,6.1,0.00,-24.52,59.2,(連),2.47,,,,,
2026-08-20,4665,ダスキン,東P,"4,631",+69.0 (+1.51%) ,1.38,23.71,5.9,0.00,21.19,75.1,(連),2.55,222.38,1.50,4.19,10.24,3.61
2026-08-20,4666,パーク２４,東P,"2,023",+46.0 (+2.33%) ,3.52,21.69,18.1,20.77,-3.63,27.7,(連),1.48,261.01,0.04,17.91,-10.01,6.41
2026-08-20,4667,アイサンテクノロジー,東S,"2,112",+120.0 (+6.02%) ,1.71,21.34,8.2,0.00,71.01,61.71,(連),1.75,,,,,
2026-08-20,4668,明光ネットワークジャパン,東P,776,+4.0 (+0.52%) ,1.56,11.34,14.7,0.00,60.62,65.72,(連),3.48,38.30,-0.46,-7.69,-5.26,7.72
2026-08-20,466A,ＧＸ　防衛テック　ＥＴＦ,東ETF,"1,139",-8.0 (-0.70%) ,,,,,,,,,,,,,
2026-08-20,4671,ファルコＨＬＤＧ,東S,"2,830",+8.0 (+0.28%) ,,,,,,,,,,,,,
2026-08-20,4673,川崎地質,東S,"4,815",+105.0 (+2.23%) ,0.8,6.77,12.7,0.00,41.73,43.89,(連),3.01,,,,,
2026-08-20,4674,クレスコ,東P,"2,033",+15.0 (+0.74%) ,2.45,15.66,16.4,0.00,10.97,69.89,(連),3.15,,,,,
2026-08-20,4676,フジ・メディアＨＬＤＧ,東P,"4,117",-46.0 (-1.10%) ,1.07,125.33,1.0,0.00,-111.15,37.33,(連),3.04,277.65,0.02,-1.39,-22.62,5.96
2026-08-20,4678,秀英予備校,東S,326,+2.0 (+0.62%) ,,,,,,,,,,,,,
2026-08-20,4679,田谷,東S,260,0.0 (0.00%) ,,,,,,,,,,,,,
2026-08-20,467A,ＧＸ　米ドル建て投資適格社債Ｈ,東ETF,279.6,+0.6 (+0.22%) ,,,,,,,,,,,,,
2026-08-20,4680,ラウンドワン,東P,"1,366",+43.0 (+3.25%) ,,,,,,,,,74.11,1.08,0.89,-16.17,10.89
2026-08-20,4681,リゾートトラスト,東P,"1,846.5",+16.5 (+0.90%) ,2.45,18.73,13.7,0.00,9.06,30.51,(連),1.84,102.92,4.07,0.51,-46.67,2.89
2026-08-20,4684,オービック,東P,"4,725",+119.0 (+2.58%) ,3.97,27.53,15.8,0.00,16.72,83.39,(連),1.78,193.56,1.91,0.26,7.10,11.35
2026-08-20,4685,菱友システムズ,東S,"2,694",+86.0 (+3.30%) ,1.55,8.78,18.9,0.00,15.40,68.95,(連),3.62,,,,,
2026-08-20,4686,ジャストシステム,東P,"4,035",+65.0 (+1.64%) ,2.18,17.17,13.5,0.00,27.22,87.01,(連),0.67,,,,,
2026-08-20,4687,ＴＤＣソフト,東P,"1,037",+29.0 (+2.88%) ,2.09,12.63,17.5,0.00,9.91,74.4,(連),3.18,,,,,
2026-08-20,4689,ＬＩＮＥヤフー,東P,517.5,+23.3 (+4.71%) ,1.18,18.50,6.5,0.00,7.04,26.76,(連),1.41,26.45,-3.60,0.24,-3.29,8.83
2026-08-20,468A,ＧＸ　米ドル建て投資適格社債,東ETF,282.5,-0.9 (-0.32%) ,,,,,,,,,,,,,
2026-08-20,4691,ワシントンホテル,東S,"2,065",+57.0 (+2.84%) ,,,,,,,,,,,,,
2026-08-20,4694,ビー・エム・エル,東P,"3,610",+25.0 (+0.70%) ,,,,,,,,,200.90,-13.85,-6.50,0.88,4.08
2026-08-20,469A,フィットクルー,東G,"1,600",+29.0 (+1.85%) ,,,,,,,,,,,,,
2026-08-20,4704,トレンドマイクロ,東P,"5,708",+94.0 (+1.67%) ,5.71,21.75,28.2,68.26,2.16,30.2,(連),3.24,285.06,2.32,1.79,-16.33,4.63
2026-08-20,4705,クリップコーポレーション,東S,782,0.0 (0.00%) ,,,,,,,,,,,,,
2026-08-20,4707,キタック,東S,333,+5.0 (+1.52%) ,0.53,8.97,6.1,0.00,-58.52,55.58,(連),2.10,,,,,
2026-08-20,4709,ＩＤ　ＨＬＤＧ,東P,"1,079",+5.0 (+0.47%) ,2.41,12.56,20.2,0.00,9.06,63.29,(連),3.71,,,,,
2026-08-20,470A,ローカル,東PRO,--,-- (--%) ,,,,,,,,,,,,,
2026-08-20,4712,ＫｅｙＨｏｌｄｅｒ,東S,790,+12.0 (+1.54%) ,0.66,17.34,3.9,0.00,-59.75,41.22,(連),1.27,,,,,
2026-08-20,4714,リソー教育グループ,東P,207,+1.0 (+0.49%) ,2.87,21.81,13.4,0.00,-7.01,53.78,(連),4.83,11.50,0.85,12.07,-1.52,3.54
2026-08-20,4716,日本オラクル,東S,"9,385",+304.0 (+3.35%) ,,,,,,,,,541.75,1.88,0.11,0.78,7.70
2026-08-20,4718,早稲田アカデミー,東P,"2,427",+24.0 (+1.00%) ,2.71,18.03,15.7,0.00,10.22,63.2,(連),2.27,148.90,1.54,3.57,1.16,7.60
2026-08-20,4719,アルファシステムズ,東P,"3,410",+30.0 (+0.89%) ,1.06,12.76,8.4,0.00,12.56,85.15,(単),3.96,,,,,
2026-08-20,471A,ＮＳグループ,東P,"1,599",+8.0 (+0.50%) ,2.89,13.19,22.0,0.00,6.54,37.93,(連),2.19,,,,,
2026-08-20,4720,城南進学研究社,東S,244,+3.0 (+1.24%) ,1.41,400.00,0.3,0.00,135.09,27.23,(連),2.87,,,,,
2026-08-20,4722,フューチャー,東P,"2,446",0.0 (0.00%) ,,,,,,,,,140.55,2.72,-0.28,-8.66,7.82
2026-08-20,4725,ＣＡＣ　ＨＬＤＧ,東P,"1,956",+13.0 (+0.67%) ,0.95,10.22,9.0,26.28,-28.83,65.58,(連),5.11,,,,,
2026-08-20,4728,トーセ,東S,650,0.0 (0.00%) ,0.8,19.69,4.1,0.00,235.13,78.12,(連),3.85,,,,,
2026-08-20,472A,ミラティブ,東G,507,+7.0 (+1.40%) ,,,,,,,,,,,,,
2026-08-20,4732,ユー・エス・エス,東P,"1,975",+3.0 (+0.15%) ,4.42,22.25,20.1,0.00,10.40,76.66,(連),2.77,95.93,2.55,0.72,9.43,8.66
2026-08-20,4733,オービックビジネスコンサルタン,東P,"8,251",+120.0 (+1.48%) ,3.66,34.21,11.0,0.00,9.43,76.71,(単),1.35,266.56,2.94,0.54,-1.47,11.20
2026-08-20,4735,京進,東S,305,+4.0 (+1.33%) ,,,,,,,,,,,,,
2026-08-20,4736,日本ラッド,東S,589,+4.0 (+0.68%) ,0.88,18.87,4.7,0.00,-37.44,71.27,(連),1.70,,,,,
2026-08-20,473A,ニッセイＥＴＦ　日経２２５,東ETF,"1,334",+18.0 (+1.37%) ,,,,,,,,,,,,,
2026-08-20,4743,アイティフォー,東P,"1,673",+14.0 (+0.84%) ,2.14,16.04,13.9,0.00,10.52,73.59,(連),4.78,120.90,0.87,4.49,-1.06,13.34
2026-08-20,4746,東計電算,東S,"6,430",-30.0 (-0.46%) ,2.29,21.44,11.9,0.00,13.15,79.63,(連),2.69,,,,,
2026-08-20,4750,ダイサン,東S,570,+4.0 (+0.71%) ,0.64,13.94,4.6,21.56,-16.18,56.24,(連),3.86,,,,,
2026-08-20,4751,サイバーエージェント,東P,"1,340.5",+68.0 (+5.34%) ,3.7,21.44,18.9,0.00,72.98,32.31,(連),1.27,83.03,0.49,-0.09,36.60,8.67
2026-08-20,4752,昭和システムエンジニアリング,東S,"1,583",+4.0 (+0.25%) ,,,,,,,,,,,,,
2026-08-20,4754,トスネット,東S,"1,500",+13.0 (+0.87%) ,,,,,,,,,,,,,
2026-08-20,4755,楽天グループ,東P,780.6,+23.2 (+3.06%) ,,,,,,,,,,,,,
2026-08-20,475A,ギミック,東S,575,-14.0 (-2.38%) ,,,,,,,,,,,,,
2026-08-20,4760,アルファ,東S,"1,701",+1.0 (+0.06%) ,0.9,10.71,8.8,0.00,115.38,33.59,(連),3.53,,,,,
2026-08-20,4761,さくらケーシーエス,東S,"1,425",+14.0 (+0.99%) ,0.76,13.04,6.0,0.00,7.50,78.3,(連),3.86,,,,,
2026-08-20,4762,エックスネット,東S,"2,010",-32.0 (-1.57%) ,2.58,15.47,17.6,0.00,19.08,53.24,(単),2.36,,,,,
2026-08-20,4763,クリーク・アンド・リバー社,東P,"1,514",+19.0 (+1.27%) ,1.68,7.86,23.3,5.15,29.97,40.85,(連),3.30,165.30,-0.65,-0.88,-2.36,16.16
2026-08-20,4765,ＳＢＩグローバルアセットマネジ,東P,618,+10.0 (+1.64%) ,2.61,21.84,12.9,0.00,117.89,61.42,(連),3.68,,,,,
2026-08-20,4766,ピーエイ,東S,201,+3.0 (+1.52%) ,,,,,,,,,,,,,
2026-08-20,4767,テー・オー・ダブリュー,東S,386,+6.0 (+1.58%) ,,,,,,,,,,,,,
2026-08-20,4768,大塚商会,東P,"3,486",+61.0 (+1.78%) ,3.35,20.56,16.8,0.00,20.54,54.08,(連),2.58,172.68,11.03,1.05,10.20,11.23
2026-08-20,4769,ＩＣ,東S,"1,155",0.0 (0.00%) ,1.34,17.68,7.8,0.00,9.60,73.9,(連),3.46,,,,,
2026-08-20,476A,辻・本郷ＩＴコンサルティング,東S,"1,586",+46.0 (+2.99%) ,,,,,,,,,,,,,
2026-08-20,4771,エフアンドエム,東S,"2,715",+15.0 (+0.56%) ,2.6,14.21,19.7,0.00,42.28,74.72,(連),1.88,,,,,
2026-08-20,4772,ＳＭ　ＥＮＴＥＲＴＡＩＮＭＥＮ,東G,72,+1.0 (+1.41%) ,1.12,22.22,5.5,0.00,-48.13,49.8,(連),2.78,,,,,
2026-08-20,4776,サイボウズ,東P,"3,075",+152.0 (+5.20%) ,7.98,20.08,48.1,0.00,93.53,59.09,(連),1.30,176.60,1.14,2.56,3.45,20.24
2026-08-20,4777,ガーラ,東S,201,+1.0 (+0.50%) ,,,,,,,,,,,,,
2026-08-20,477A,スタートライン,東G,678,+11.0 (+1.65%) ,,,,,,,,,,,,,
2026-08-20,4783,ＮＣＤ,東S,"2,630",+59.0 (+2.29%) ,2.51,11.55,22.9,0.00,-6.31,50.13,(連),4.56,226.30,-18.51,6.92,-15.76,3.10
2026-08-20,4784,ＧＭＯインターネット,東P,572,+24.0 (+4.38%) ,11.29,28.21,59.0,0.00,"5,426.49",26.56,(連),3.20,20.10,-32.06,3.40,3.63,151.63
2026-08-20,478A,フツパー,東G,796,+23.0 (+2.98%) ,,,,,,,,,,,,,
2026-08-20,4792,山田コンサルティンググループ,東P,"1,729",+17.0 (+0.99%) ,1.67,11.43,15.2,0.00,-9.44,59.8,(連),4.45,,,,,
2026-08-20,479A,ＰＲＯＮＩ,東G,"1,915",+204.0 (+11.92%) ,,,,,,,,,,,,,
2026-08-20,4800,オリコン,東S,"1,358",0.0 (0.00%) ,,,,,,,,,81.80,0.24,-2.35,3.75,14.99
2026-08-20,4801,セントラルスポーツ,東P,"2,485",+33.0 (+1.35%) ,1.05,21.67,4.9,0.00,48.10,62.94,(連),1.61,,,,,
2026-08-20,4809,パラカ,東P,"2,069",+6.0 (+0.29%) ,1.0,10.22,10.2,0.00,6.23,42.19,(単),3.24,,,,,
2026-08-20,480A,リブ・コンサルティング,東G,866,+21.0 (+2.49%) ,,,,,,,,,,,,,
2026-08-20,4811,ドリーム・アーツ,東G,833,+3.0 (+0.36%) ,3.32,12.77,29.0,0.00,40.08,54.89,(連),2.40,,,,,
2026-08-20,4812,電通総研,東P,"2,745",+40.0 (+1.48%) ,5.35,32.74,17.1,0.00,11.97,60.68,(連),1.46,94.15,2.37,-0.23,-0.59,9.35
2026-08-20,4813,ＡＣＣＥＳＳ,東P,447,+37.0 (+9.02%) ,,,,,,,,,,,,,
2026-08-20,4814,ネクストウェア,東S,163,+2.0 (+1.24%) ,,,,,,,,,,,,,
2026-08-20,4816,東映アニメーション,東S,"2,866",+18.0 (+0.63%) ,3.42,23.36,15.5,44.08,0.83,84.56,(連),1.54,112.32,-3.02,1.11,-3.55,0.41
2026-08-20,4819,デジタルガレージ,東P,"2,310",-1.0 (-0.04%) ,1.4,82.62,1.7,0.00,129.03,34.56,(連),2.03,56.20,0.41,-13.61,-38.66,16.82
2026-08-20,481A,ＪＳｅｃｕｒｉｔｙ,東PRO,--,-- (--%) ,,,,,,,,,,,,,
2026-08-20,4820,イーエムシステムズ,東P,611,+16.0 (+2.69%) ,2.07,17.24,12.0,0.00,-16.80,73.93,(連),6.38,22.40,-0.74,-47.30,-51.25,-3.77
2026-08-20,4825,ウェザーニューズ,東P,"2,100",+47.0 (+2.29%) ,,,,,,,,,90.60,4.11,1.03,6.55,5.17
2026-08-20,4826,ＣＩＪ,東P,539,+11.0 (+2.08%) ,2.1,20.65,10.3,0.00,10.59,77.72,(連),2.78,,,,,
2026-08-20,4828,ビジネスエンジニアリング,東P,"1,442",+23.0 (+1.62%) ,,,,,,,,,77.90,-3.90,0.00,16.67,14.00
2026-08-20,4829,日本エンタープライズ,東S,110,+1.0 (+0.92%) ,,,,,,,,,,,,,
2026-08-20,4832,ＪＦＥシステムズ,東S,"1,956",-3.0 (-0.15%) ,1.73,14.40,12.5,0.00,-15.82,67.27,(連),3.48,,,,,
2026-08-20,4833,Ｄｅｆ　ｃｏｎｓｕｌｔｉｎｇ,東G,52,+8.0 (+18.18%) ,,,,,,,,,,,,,
2026-08-20,4838,スペースシャワーＳＫＩＹＡＫＩ,東S,685,+15.0 (+2.24%) ,,,,,,,,,,,,,
2026-08-20,4839,ＷＯＷＯＷ,東P,"1,011",+11.0 (+1.10%) ,,,,,,,,,,,,,
2026-08-20,483A,テラテクノロジー,東S,"2,160",+2.0 (+0.09%) ,,,,,,,,,,,,,
2026-08-20,4840,トライアイズ,東S,534,+6.0 (+1.14%) ,,,,,,,,,,,,,
2026-08-20,4845,スカラ,東S,362,+6.0 (+1.69%) ,,,,,,,,,,,,,
2026-08-20,4847,インテリジェント　ウェイブ,東P,"1,312",+31.0 (+2.42%) ,,,,,,,,,,,,,
2026-08-20,4848,フルキャストＨＬＤＧ,東P,"1,885",+22.0 (+1.18%) ,2.13,13.78,16.1,0.00,6.37,53.02,(連),3.34,156.60,0.83,-0.45,-4.62,25.84
2026-08-20,4849,エン,東P,"1,586",+58.0 (+3.80%) ,1.88,23.88,7.7,10.64,-29.48,63.06,(連),2.06,118.90,0.17,14.58,13.30,-8.34
2026-08-20,484A,ニューズドテック,東PRO,--,-- (--%) ,,,,,,,,,,,,,
2026-08-20,485A,パワーエックス,東G,"1,717",+112.0 (+6.98%) ,,,,,,,,,,,,,
2026-08-20,486A,ＮＦ　ユーロ５０　ヘッジなし,東ETF,"2,276",+3.0 (+0.13%) ,,,,,,,,,,,,,
2026-08-20,4875,メディシノバ,東S,213,+4.0 (+1.91%) ,,,,,,,,,,,,,
2026-08-20,487A,ＮＦ　ドイツＤＡＸ　ヘッジなし,東ETF,"2,120",+5.0 (+0.24%) ,,,,,,,,,,,,,
2026-08-20,4880,セルソース,東S,351,+12.0 (+3.54%) ,1.16,650.00,0.2,0.00,-29.24,84.03,(連),1.42,3.00,0.26,-166.67,-66.67,-9.08
2026-08-20,4881,ファンペップ,東G,50,+1.0 (+2.04%) ,,,,,,,,,,,,,
2026-08-20,4882,ペルセウスプロテオミクス,東G,148,+7.0 (+4.96%) ,,,,,,,,,,,,,
2026-08-20,4883,モダリス,東G,33,+1.0 (+3.13%) ,,,,,,,,,,,,,
2026-08-20,4884,クリングルファーマ,東G,445,+20.0 (+4.71%) ,,,,,,,,,,,,,
2026-08-20,4885,室町ケミカル,東S,899,+5.0 (+0.56%) ,,,,,,,,,,,,,
2026-08-20,4886,あすか製薬ＨＬＤＧ,東P,"2,227",+37.0 (+1.69%) ,0.9,11.65,8.0,0.00,10.93,62.28,(連),2.69,164.40,-0.97,-15.51,-12.87,6.77
2026-08-20,4887,サワイグループＨＬＤＧ,東P,"1,645",+36.0 (+2.24%) ,1.06,18.20,5.9,0.00,351.53,49.61,(連),3.34,154.24,0.15,-3.13,-11.77,5.64
2026-08-20,4888,ステラファーマ,東G,350,+19.0 (+5.74%) ,,,,,,,,,,,,,
2026-08-20,4889,レナサイエンス,東G,"1,368",+43.0 (+3.25%) ,,,,,,,,,,,,,
2026-08-20,488A,ｉＳ　円高フォーカス　ＥＴＦ,東ETF,769.7,+2.8 (+0.37%) ,,,,,,,,,,,,,
2026-08-20,4890,坪田ラボ,東G,281,+1.0 (+0.36%) ,,,,,,,,,,,,,
2026-08-20,4891,ティムス,東G,112,0.0 (0.00%) ,,,,,,,,,,,,,
2026-08-20,4892,サイフューズ,東G,570,+26.0 (+4.78%) ,,,,,,,,,,,,,
2026-08-20,4893,ノイルイミューン・バイオ,東G,140,-1.0 (-0.71%) ,,,,,,,,,,,,,
2026-08-20,4894,クオリプス,東G,"5,260",+350.0 (+7.13%) ,,,,,,,,,,,,,
2026-08-20,4896,ケイファーマ,東G,777,+20.0 (+2.64%) ,,,,,,,,,,,,,
2026-08-20,489A,ＪＲＥＩＴ物流フォーカスＥＴＦ,東ETF,888,0.0 (0.00%) ,,,,,,,,,,,,,
2026-08-20,4901,富士フイルムＨＬＤＧ,東P,"3,220",+82.0 (+2.61%) ,1.01,14.02,6.5,65.19,7.64,63.42,(連),2.17,237.03,4.23,0.01,-1.28,4.69
2026-08-20,4902,コニカミノルタ,東P,642.9,+21.1 (+3.39%) ,0.59,10.50,6.1,83.98,154.84,43.44,(連),1.87,59.30,-3.41,-0.25,15.08,-1.93
2026-08-20,490A,センス・トラスト,東PRO,--,-- (--%) ,,,,,,,,,,,,,
2026-08-20,4911,資生堂,東P,"3,668",+165.0 (+4.71%) ,,,,,,,,,106.49,-0.17,0.07,11.80,0.71
2026-08-20,4912,ライオン,東P,"1,909.5",+64.5 (+3.50%) ,1.64,19.14,9.0,38.20,22.28,61.05,(連),1.57,91.19,-2.44,0.12,16.58,2.75
2026-08-20,4914,高砂香料工業,東P,"1,278",+12.0 (+0.95%) ,0.81,13.08,6.4,67.22,-37.88,56.58,(連),4.07,,,,,
2026-08-20,4918,アイビー化粧品,東S,301,-2.0 (-0.66%) ,1.15,13.41,6.4,0.00,-54.29,72.42,(単),4.98,,,,,
2026-08-20,4919,ミルボン,東P,"3,235",+60.0 (+1.89%) ,2.1,30.44,7.0,25.83,-21.71,84.87,(連),2.72,141.47,0.69,2.48,-21.75,4.25
2026-08-20,491A,ｉＳＳＰ５００　除く金融ヘジ,東ETF,556.4,+4.8 (+0.87%) ,,,,,,,,,,,,,
2026-08-20,4920,日本色材工業研究所,東S,"1,140",+26.0 (+2.33%) ,0.55,7.04,8.3,0.00,-58.86,24.16,(連),2.63,,,,,
2026-08-20,4922,コーセーＨＬＤＧ,東P,"5,804",+46.0 (+0.80%) ,1.17,21.92,5.4,34.79,-0.85,72.23,(連),2.41,214.61,-1.43,1.04,-18.66,3.26
2026-08-20,4923,コタ,東P,"1,247",+12.0 (+0.97%) ,,,,,,,,,,,,,
2026-08-20,4925,ハーバー研究所,東S,"1,721",0.0 (0.00%) ,0.68,8.56,8.2,0.00,16.45,76.17,(連),2.32,,,,,
2026-08-20,4926,シーボン,東S,"1,253",+8.0 (+0.64%) ,,,,,,,,,,,,,
2026-08-20,4927,ポーラ・オルビスＨＬＤＧ,東P,"1,406",+6.5 (+0.46%) ,1.91,32.84,5.8,12.99,5.84,82.28,(連),3.70,45.71,4.54,0.68,-3.08,0.30
2026-08-20,4928,ノエビアＨＬＤＧ,東P,"4,870",+80.0 (+1.67%) ,3.09,20.71,15.0,0.00,1.55,70.29,(連),4.72,232.80,-21.38,-2.19,-7.08,0.06
2026-08-20,4929,アジュバンＨＬＤＧ,東S,738,+1.0 (+0.14%) ,1.4,41.32,3.4,0.00,48.15,81.93,(連),1.63,,,,,
2026-08-20,492A,Ｏｎｅ日本高クーポン１０年未,東ETF,968,+2.5 (+0.26%) ,,,,,,,,,,,,,
2026-08-20,4931,新日本製薬,東P,"2,077",+14.0 (+0.68%) ,1.93,17.24,11.5,0.00,19.11,80.74,(連),2.50,160.50,0.39,-0.79,0.60,4.47
2026-08-20,4932,アルマード,東S,765,+12.0 (+1.59%) ,,,,,,,,,,,,,
2026-08-20,4933,Ｉ−ｎｅ,東P,"1,422",+18.0 (+1.28%) ,,,,,,,,,86.10,-0.59,7.61,-13.16,7.39
2026-08-20,4934,プレミアアンチエイジング,東G,592,+1.0 (+0.17%) ,0.78,10.94,7.4,0.00,272.05,65.07,(連),0.00,37.80,-0.52,-25.00,-2.50,-15.90
2026-08-20,4935,リベルタ,東S,215,-1.0 (-0.46%) ,4.07,139.61,2.9,7.33,-2.00,20.32,(連),0.93,,,,,
2026-08-20,4936,アクシージア,東S,322,+2.0 (+0.63%) ,0.97,21.21,4.4,74.66,-51.16,79.49,(連),3.11,6.60,-0.86,-60.00,-63.33,5.42
2026-08-20,4937,Ｗａｑｏｏ,東G,"2,355",+90.0 (+3.97%) ,3.97,191.15,2.1,0.00,166.67,65.08,(連),0.00,,,,,
2026-08-20,493A,Ｏｎｅ　日本国債　１−３年,東ETF,--,-- (--%) ,,,,,,,,,,,,,
2026-08-20,494A,Ｏｎｅ　日本国債　３−７年,東ETF,--,-- (--%) ,,,,,,,,,,,,,
2026-08-20,4951,エステー,東P,"1,524",-1.0 (-0.07%) ,,,,,,,,,,,,,
2026-08-20,4956,コニシ,東P,"1,443",+22.0 (+1.55%) ,1.02,11.55,9.2,0.00,-0.86,63.36,(連),2.63,,,,,
2026-08-20,4958,長谷川香料,東P,"3,340",-10.0 (-0.30%) ,1.1,19.71,5.7,49.55,-4.47,83.52,(連),2.22,190.40,1.42,-3.67,-5.41,4.54
2026-08-20,495A,Ｏｎｅ　日本国債　７−１０年,東ETF,--,-- (--%) ,,,,,,,,,,,,,
2026-08-20,4960,ケミプロ化成,東S,509,-2.0 (-0.39%) ,1.64,27.81,6.0,9.43,-26.01,39.0,(単),0.98,,,,,
2026-08-20,4966,上村工業,東S,"20,170",-170.0 (-0.84%) ,2.78,23.33,12.5,66.76,10.20,83.59,(連),1.44,"1,049.63",0.90,1.51,15.36,9.97
2026-08-20,4967,小林製薬,東P,"5,633",+90.0 (+1.62%) ,1.98,114.52,1.7,28.35,-36.73,76.35,(連),1.85,137.73,0.23,-2.92,-30.78,2.12
2026-08-20,4968,荒川化学工業,東P,"2,317",+30.0 (+1.31%) ,0.74,20.88,3.6,42.88,179.86,49.47,(連),2.16,161.30,0.32,8.11,-2.44,4.79
2026-08-20,496A,Ｏｎｅ　日本国債　１７−２０年,東ETF,941.8,+4.9 (+0.52%) ,,,,,,,,,,,,,
2026-08-20,4970,東洋合成工業,東S,"11,440",-10.0 (-0.09%) ,3.31,33.72,10.3,30.39,-10.13,41.0,(単),0.35,501.03,0.48,-1.83,2.51,11.55
2026-08-20,4971,メック,東P,"7,040",+60.0 (+0.86%) ,4.22,25.87,17.5,65.10,29.24,83.66,(連),1.36,320.84,1.23,3.88,45.79,18.24
2026-08-20,4972,綜研化学,東S,"3,340",-50.0 (-1.47%) ,1.34,13.69,10.2,62.82,-1.58,70.68,(連),2.25,253.10,3.51,8.62,-12.50,3.98
2026-08-20,4973,日本高純度化学,東P,"4,635",+55.0 (+1.20%) ,1.49,14.86,11.5,51.94,18.11,82.7,(単),4.31,269.70,-1.27,0.00,97.27,16.10
2026-08-20,4975,ＪＣＵ,東P,"5,440",+160.0 (+3.03%) ,2.45,14.87,17.7,78.21,13.98,87.06,(連),1.75,361.85,-14.13,0.20,6.30,8.77
2026-08-20,4976,東洋ドライルーブ,東S,"1,540",-60.0 (-3.75%) ,,,,,,,,,,,,,
2026-08-20,4977,新田ゼラチン,東S,"1,203",+2.0 (+0.17%) ,0.9,6.66,14.6,48.97,15.39,56.56,(連),2.49,131.80,-0.34,6.67,9.09,5.35
2026-08-20,4978,リプロセル,東G,154,+6.0 (+4.05%) ,,,,,,,,,,,,,
2026-08-20,4979,ＯＡＴアグリオ,東S,"2,652",+46.0 (+1.77%) ,1.42,11.51,13.4,72.34,10.52,50.42,(連),2.26,,,,,
2026-08-20,497A,インバウンド消費関連　日本株,東ETF,"10,520",+55.0 (+0.53%) ,,,,,,,,,,,,,
2026-08-20,4980,デクセリアルズ,東P,"2,973.5",+120.0 (+4.21%) ,4.55,17.86,27.3,49.28,-2.47,66.24,(連),1.95,168.00,19.39,-1.25,12.45,5.36
2026-08-20,4985,アース製薬,東P,"4,900",+65.0 (+1.34%) ,1.43,20.42,7.3,0.00,20.76,50.15,(連),2.55,277.62,1.13,1.06,11.22,5.55
2026-08-20,498A,防衛・航空宇宙　欧州株,東ETF,"9,939",-161.0 (-1.59%) ,,,,,,,,,,,,,
2026-08-20,4990,昭和化学工業,東S,504,+6.0 (+1.20%) ,0.57,8.59,7.1,59.20,40.28,64.43,(連),1.98,,,,,
2026-08-20,4992,北興化学工業,東S,"2,058",+31.0 (+1.53%) ,1.0,12.11,9.0,19.01,6.89,68.17,(連),2.24,182.30,1.55,1.59,-3.03,5.59
2026-08-20,4994,大成ラミックグループ,東S,"2,735",+31.0 (+1.15%) ,0.64,10.90,6.1,19.85,4.42,73.83,(連),2.56,,,,,
2026-08-20,4996,クミアイ化学工業,東P,787,+19.0 (+2.47%) ,0.66,21.63,3.0,59.27,-26.98,58.21,(連),3.05,63.04,0.17,-2.46,-21.35,2.44
2026-08-20,4997,日本農薬,東P,"1,206",+35.0 (+2.99%) ,1.11,13.06,8.9,69.96,48.56,54.9,(連),2.99,,,,,
2026-08-20,4998,フマキラー,東S,"1,179",+2.0 (+0.17%) ,0.72,16.10,4.6,65.57,-10.24,39.12,(連),2.04,85.00,0.86,-28.77,-27.78,6.20
2026-08-20,499A,ラグジュアリー厳選１０欧州株,東ETF,"8,973",+113.0 (+1.28%) ,,,,,,,,,,,,,
2026-08-20,500A,ＴＯブックス,東S,"3,295",+80.0 (+2.49%) ,,,,,,,,,,,,,
2026-08-20,5010,日本精蝋,東S,318,-2.0 (-0.63%) ,0.98,9.00,11.6,27.85,-59.57,23.38,(連),0.00,,,,,
2026-08-20,5011,ニチレキグループ,東P,"2,380",+32.0 (+1.36%) ,0.85,15.89,5.5,0.00,-13.76,64.94,(連),3.36,161.70,1.84,-16.18,-16.18,-0.49
2026-08-20,5013,ユシロ,東S,"3,050",+45.0 (+1.50%) ,0.83,8.42,10.5,61.61,-6.97,73.49,(連),3.67,,,,,
2026-08-20,5015,ビーピー・カストロール,東S,"1,000",0.0 (0.00%) ,2.28,21.85,10.5,0.00,16.15,77.59,(単),4.60,,,,,
2026-08-20,5016,ＪＸ金属,東P,"3,624",+63.0 (+1.77%) ,4.62,32.09,15.6,35.21,57.32,48.26,(連),0.86,170.43,0.42,3.13,111.92,18.36
2026-08-20,5018,ＭＯＲＥＳＣＯ,東S,"2,219",+34.0 (+1.56%) ,0.87,13.35,6.8,41.93,48.49,57.71,(連),2.48,,,,,
2026-08-20,5019,出光興産,東P,"1,349.5",+12.5 (+0.93%) ,0.86,9.61,9.4,31.44,6.93,36.0,(連),2.67,123.30,-0.90,-0.32,27.58,1.82
2026-08-20,501A,プレシャスパートナーズ,東PRO,--,-- (--%) ,,,,,,,,,,,,,
2026-08-20,5020,ＥＮＥＯＳ　ＨＬＤＧ,東P,"1,303",+26.0 (+2.04%) ,1.04,13.55,8.0,25.30,408.68,37.05,(連),2.61,130.71,0.28,-2.42,32.42,2.11
2026-08-20,5021,コスモエネルギーＨＬＤＧ,東P,"4,214",+48.0 (+1.15%) ,1.1,9.30,12.4,3.96,-1.00,27.6,(連),3.92,382.42,-0.71,3.44,-17.04,3.93
2026-08-20,5025,マーキュリー,東G,575,0.0 (0.00%) ,1.38,9.17,17.0,0.00,-50.60,78.35,(単),0.00,,,,,
2026-08-20,5026,トリプルアイズ,東G,605,+34.0 (+5.95%) ,,,,,,,,,,,,,
2026-08-20,5027,ＡｎｙＭｉｎｄ　Ｇｒｏｕｐ,東G,786,+32.0 (+4.24%) ,,,,,,,,,38.60,0.14,0.25,12.76,26.12
2026-08-20,5028,セカンドサイトアナリティカ,東G,350,+2.0 (+0.57%) ,2.92,27.24,13.7,0.00,7.55,76.22,(連),0.00,,,,,
2026-08-20,5029,サークレイス,東G,768,+35.0 (+4.77%) ,2.63,16.12,18.3,0.00,29.41,68.3,(連),0.00,,,,,
2026-08-20,502A,ＧＸ　超短期円建て債券　ＥＴＦ,東ETF,901,+0.1 (+0.01%) ,,,,,,,,,,,,,
2026-08-20,5031,モイ,東G,335,+4.0 (+1.21%) ,2.37,46.02,5.3,0.00,51.95,46.43,(単),0.00,,,,,
2026-08-20,5032,ＡＮＹＣＯＬＯＲ,東P,"2,850",+86.0 (+3.11%) ,6.34,12.31,57.6,13.00,24.57,73.87,(単),2.63,248.81,1.54,-1.33,-6.77,19.22
2026-08-20,5033,ヌーラボ,東G,863,+35.0 (+4.23%) ,,,,,,,,,,,,,
2026-08-20,5034,ｕｎｅｒｒｙ,東G,"2,100",+11.0 (+0.53%) ,3.89,23.56,18.2,0.00,135.07,76.98,(単),0.00,,,,,
2026-08-20,5035,ＨＯＵＳＥＩ,東G,362,0.0 (0.00%) ,,,,,,,,,,,,,
2026-08-20,5036,日本ビジネスシステムズ,東P,"1,629",+83.0 (+5.37%) ,2.74,13.19,22.6,0.00,60.72,36.44,(連),2.46,155.40,0.41,12.50,12.50,23.98
2026-08-20,5037,フィットワークス,東PRO,--,-- (--%) ,0.73,6.00,8.3,0.00,11.11,54.17,(連),0.35,,,,,
2026-08-20,5038,ｅＷｅＬＬ,東G,"2,238",+148.0 (+7.08%) ,10.11,31.19,37.6,0.00,35.85,78.79,(単),0.71,88.20,1.11,-0.41,-4.00,27.40
2026-08-20,503A,ベルチャイルド,東PRO,--,-- (--%) ,,,,,,,,,,,,,
2026-08-20,504A,イノバセル,東G,591,-10.0 (-1.66%) ,,,,,,,,,,,,,
2026-08-20,505A,ギークリー,東S,"1,378",+22.0 (+1.62%) ,,,,,,,,,,,,,
2026-08-20,506A,シンカナース,東PRO,--,-- (--%) ,,,,,,,,,,,,,
2026-08-20,5071,ヴィス,東S,"1,352",+2.0 (+0.15%) ,1.44,8.27,18.4,0.00,0.79,63.32,(連),3.62,,,,,
2026-08-20,5072,アートフォースジャパン,東PRO,--,-- (--%) ,,,,,,,,,,,,,
2026-08-20,5074,テスＨＬＤＧ,東P,634,+24.0 (+3.93%) ,,,,,,,,,38.95,0.55,0.00,24.24,28.95
2026-08-20,5075,アップコン,名N,"1,037",+1.0 (+0.10%) ,2.36,14.40,17.9,0.00,27.00,79.99,(単),1.16,,,,,
2026-08-20,5076,インフロニア・ＨＬＤＧ,東P,"2,745",+93.5 (+3.53%) ,1.14,9.29,13.6,0.00,115.54,30.18,(連),4.37,213.70,-0.46,5.13,71.00,25.34
2026-08-20,5077,ハンズ,東PRO,--,-- (--%) ,0.51,2.86,19.6,0.00,90.57,71.72,(単),2.44,,,,,
2026-08-20,5078,セレ,東S,"4,730",-5.0 (-0.11%) ,0.76,13.96,5.5,0.00,-16.53,85.91,(連),2.85,,,,,
2026-08-20,5079,ノバック,東S,"2,592",+14.0 (+0.54%) ,0.71,11.35,6.4,0.00,104.10,58.38,(連),4.63,,,,,
2026-08-20,507A,デジタル・ナレッジ,東PRO,--,-- (--%) ,,,,,,,,,,,,,
2026-08-20,509A,グリーンライト・再エネインフラ,東IF,"71,300",-200.0 (-0.28%) ,,,,,,,,,,,,,
2026-08-20,5101,横浜ゴム,東P,"7,562",+284.0 (+3.90%) ,1.16,11.31,11.0,74.20,36.26,51.58,(連),1.77,762.27,0.71,0.41,29.67,9.92
2026-08-20,5103,昭和ＨＬＤＧ,東S,3,-1.0 (-25.00%) ,,,,,,,,,,,,,
2026-08-20,5105,ＴＯＹＯ　ＴＩＲＥ,東P,"3,789",+158.0 (+4.35%) ,1.12,9.17,12.8,81.26,-0.77,69.39,(連),3.43,465.15,0.65,0.60,0.89,5.52
2026-08-20,5108,ブリヂストン,東P,"4,089",+78.0 (+1.94%) ,1.43,16.62,8.9,71.63,-15.84,63.71,(連),2.81,285.15,0.90,0.47,-6.85,2.32
2026-08-20,510A,ハートアップ,東PRO,--,-- (--%) ,,,,,,,,,,,,,
2026-08-20,5110,住友ゴム工業,東P,"2,296",+52.5 (+2.34%) ,0.84,11.98,7.3,70.01,378.67,49.05,(連),3.35,227.89,0.53,0.30,-1.28,4.02
2026-08-20,511A,ヴァンガードスミス,東PRO,--,-- (--%) ,,,,,,,,,,,,,
2026-08-20,5121,藤倉コンポジット,東P,"2,765",-15.0 (-0.54%) ,1.35,13.25,10.3,43.25,1.07,76.16,(連),2.75,212.60,6.80,1.75,-6.45,0.21
2026-08-20,5122,オカモト,東P,"6,570",+120.0 (+1.86%) ,1.02,23.23,4.7,38.70,-11.97,67.32,(連),1.83,,,,,
2026-08-20,5125,ファインズ,東G,475,+4.0 (+0.85%) ,0.98,9.37,11.2,0.00,1.17,79.44,(単),0.00,,,,,
2026-08-20,5126,ポーターズ,東G,"1,420",-96.0 (-6.33%) ,1.68,17.71,9.5,0.00,-4.91,73.55,(連),0.00,,,,,
2026-08-20,5129,ＦＩＸＥＲ,東G,245,+7.0 (+2.94%) ,,,,,,,,,,,,,
2026-08-20,512A,ＧＸ　ステコ＆トークン　ＥＴＦ,東ETF,"1,143",+33.0 (+2.97%) ,,,,,,,,,,,,,
2026-08-20,5130,ヒロＨＬＤＧ,東PRO,--,-- (--%) ,0.83,1.13,114.8,0.00,226.87,15.05,(連),4.43,,,,,
2026-08-20,5131,リンカーズ,東G,119,+4.0 (+3.48%) ,,,,,,,,,,,,,
2026-08-20,5132,ｐｌｕｓｚｅｒｏ,東G,"2,069",+71.0 (+3.55%) ,10.63,43.79,27.7,0.00,106.77,81.69,(単),0.00,,,,,
2026-08-20,5133,テリロジーＨＬＤＧ,東S,309,+5.0 (+1.64%) ,1.6,15.24,11.4,0.00,100.61,31.86,(連),1.68,,,,,
2026-08-20,5134,ＰＯＰＥＲ,東G,491,+13.0 (+2.72%) ,2.21,13.93,17.4,0.00,145.71,70.0,(単),0.00,,,,,
2026-08-20,5135,ＡＩＲ−Ｕ,東PRO,--,-- (--%) ,,,,,,,,,,,,,
2026-08-20,5136,ｔｒｉｐｌａ,東G,"1,990",+143.0 (+7.74%) ,7.11,23.32,37.2,0.00,136.99,8.26,(連),0.00,106.10,0.77,13.79,23.75,36.71
2026-08-20,5137,スマートドライブ,東G,297,+13.0 (+4.58%) ,,,,,,,,,19.70,0.24,-23.44,-18.33,38.19
2026-08-20,5138,Ｒｅｂａｓｅ,東G,454,+12.0 (+2.71%) ,,,,,,,,,10.20,-1.36,-12.50,-90.00,11.60
2026-08-20,5139,オープンワーク,東G,957,+13.0 (+1.38%) ,2.89,23.79,12.6,0.00,16.94,81.7,(単),0.00,,,,,
2026-08-20,513A,ＧＸ防衛テック　日株　ＥＴＦ,東ETF,861,+3.0 (+0.35%) ,,,,,,,,,,,,,
2026-08-20,5142,アキレス,東P,"2,016",+115.0 (+6.05%) ,0.64,13.02,5.1,26.20,"1,881.36",51.76,(連),1.98,,,,,
2026-08-20,514A,孫の手,東PRO,--,-- (--%) ,,,,,,,,,,,,,
2026-08-20,515A,ｉＳ　高格付け日本円社債,東ETF,501.7,+0.6 (+0.12%) ,,,,,,,,,,,,,
2026-08-20,5161,西川ゴム工業,東S,"3,480",+65.0 (+1.90%) ,1.44,11.84,12.5,56.49,46.90,59.64,(連),5.26,,,,,
2026-08-20,5162,朝日ラバー,東S,783,-15.0 (-1.88%) ,0.7,22.33,3.2,23.99,509.68,51.62,(連),2.55,20.10,-0.91,-56.67,-56.67,3.60
2026-08-20,516A,ｉＦ　米ドル・ブル　１倍,東ETF,"2,077",-9.0 (-0.43%) ,,,,,,,,,,,,,
2026-08-20,517A,ｉＦ　米ドル・ベア　１倍,東ETF,"1,936",-13.0 (-0.67%) ,,,,,,,,,,,,,
2026-08-20,5184,ニチリン,東S,"4,145",+45.0 (+1.10%) ,0.91,9.91,9.4,73.04,-11.10,68.5,(連),4.25,,,,,
2026-08-20,5185,フコク,東P,"2,058",+18.0 (+0.88%) ,0.72,27.94,2.7,79.34,-15.43,50.03,(連),4.13,,,,,
2026-08-20,5186,ニッタ,東P,"6,580",+80.0 (+1.23%) ,1.1,13.42,8.5,33.21,1.43,85.64,(連),2.43,474.70,-4.31,-4.97,-6.13,2.10
2026-08-20,5187,クリエートメディック,東S,"1,143",+7.0 (+0.62%) ,0.59,13.57,4.4,33.77,31.73,81.07,(連),3.94,,,,,
2026-08-20,5189,櫻護謨,東S,"3,505",+15.0 (+0.43%) ,0.68,10.18,7.0,0.00,81.93,51.02,(連),2.85,,,,,
2026-08-20,518A,ＮＦ　ＦＴＳＥ日株高配ＣＦ５０,東ETF,"2,050",+18.0 (+0.89%) ,,,,,,,,,,,,,
2026-08-20,5192,三ツ星ベルト,東P,"4,355",-15.0 (-0.34%) ,1.2,16.54,7.5,55.88,11.19,78.24,(連),4.39,336.20,0.47,-3.14,-9.31,2.85
2026-08-20,5194,相模ゴム工業,東S,639,-1.0 (-0.16%) ,0.6,24.47,2.5,31.57,12.45,60.58,(連),1.56,,,,,
2026-08-20,5195,バンドー化学,東P,"2,400",+24.0 (+1.01%) ,1.06,9.36,12.1,61.06,264.23,70.22,(連),5.00,200.50,-0.55,5.41,14.71,3.24
2026-08-20,5199,不二ラテックス,東S,"2,001",0.0 (0.00%) ,0.63,39.86,1.6,93.84,98.24,39.4,(連),4.05,,,,,
2026-08-20,519A,ベーシック,東G,485,-2.0 (-0.41%) ,,,,,,,,,,,,,
2026-08-20,5201,ＡＧＣ,東P,"5,765",+139.0 (+2.47%) ,0.82,17.67,4.7,68.32,349.27,50.34,(連),3.64,390.58,0.75,-0.33,-12.41,3.84
2026-08-20,5202,日本板硝子,東P,484,+1.0 (+0.21%) ,0.54,10.87,3.4,83.15,104.43,13.53,(連),0.00,,,,,
2026-08-20,5204,石塚硝子,東S,"3,000",+31.0 (+1.04%) ,0.33,4.81,7.3,7.29,4.55,37.78,(連),2.33,,,,,
2026-08-20,5208,有沢製作所,東P,"2,591",+29.0 (+1.13%) ,1.68,17.21,10.1,57.60,16.90,62.55,(連),4.71,149.50,-24.39,22.81,40.00,14.23
2026-08-20,520A,ジェイファーマ,東G,281,-2.0 (-0.71%) ,,,,,,,,,,,,,
2026-08-20,5210,日本山村硝子,東S,"2,934",+50.0 (+1.73%) ,0.53,9.17,5.9,4.38,36.49,58.23,(連),5.11,,,,,
2026-08-20,5214,日本電気硝子,東P,"4,850",+72.0 (+1.51%) ,0.74,12.69,6.1,86.48,203.94,70.2,(連),3.09,299.48,-0.75,-2.57,3.77,1.60
2026-08-20,5216,倉元製作所,東S,151,-1.0 (-0.66%) ,,,,,,,,,,,,,
2026-08-20,5218,オハラ,東S,"1,605",+14.0 (+0.88%) ,0.75,22.59,3.4,55.47,-11.52,77.64,(連),1.56,,,,,
2026-08-20,521A,ｉＦ　ＥＴＦ　ＦＡＮＧゴールド,東ETF,"2,060",+76.0 (+3.83%) ,,,,,,,,,,,,,
2026-08-20,522A,ＣＯＥＬ,東PRO,--,-- (--%) ,,,,,,,,,,,,,
2026-08-20,5232,住友大阪セメント,東P,"5,591",+59.0 (+1.07%) ,0.91,15.99,5.8,0.00,53.78,53.95,(連),2.15,324.80,-2.43,0.41,-29.61,3.37
2026-08-20,5233,太平洋セメント,東P,"4,135",+75.0 (+1.85%) ,0.68,18.15,3.8,39.49,-0.38,46.01,(連),2.42,461.85,0.09,-0.45,-26.18,5.48
2026-08-20,5237,ノザワ,東S,"1,194",-11.0 (-0.91%) ,,,,,,,,,,,,,
2026-08-20,523A,セイワＨＬＤＧ,東G,"1,757",-59.0 (-3.25%) ,,,,,,,,,,,,,
2026-08-20,5240,ｍｏｎｏＡＩ　ｔｅｃｈｎｏｌｏ,東G,244,+50.0 (+25.77%) ,,,,,,,,,,,,,
2026-08-20,5241,日本オーエー研究所,名M,773,-3.0 (-0.39%) ,,,,,,,,,,,,,
2026-08-20,5242,アイズ,東G,"1,908",-30.0 (-1.55%) ,,,,,,,,,,,,,
2026-08-20,5243,ｎｏｔｅ,東G,"2,596",+106.0 (+4.26%) ,15.11,96.76,19.5,0.00,249.33,45.91,(連),0.00,,,,,
2026-08-20,5244,ｊｉｇ．ｊｐ,東G,179,+4.0 (+2.29%) ,1.47,6.44,25.3,0.00,-1.99,66.93,(連),1.64,,,,,
2026-08-20,5246,ＥＬＥＭＥＮＴＳ,東G,862,+42.0 (+5.12%) ,,,,,,,,,,,,,
2026-08-20,5247,ＢＴＭ,東G,573,-2.0 (-0.35%) ,,,,,,,,,,,,,
2026-08-20,5248,テクノロジーズ,東G,498,+13.0 (+2.68%) ,5.5,31.58,19.2,0.00,4.79,6.54,(連),0.00,,,,,
2026-08-20,5249,あさかわシステムズ,東PRO,--,-- (--%) ,,,,,,,,,,,,,
2026-08-20,524A,田村ビルズグループ,東PRO,--,-- (--%) ,,,,,,,,,,,,,
2026-08-20,5250,ＧＭＯプライム・ストラテジー,東S,"1,027",+8.0 (+0.79%) ,2.54,33.47,7.6,0.00,-32.08,88.51,(連),2.14,,,,,
2026-08-20,5251,ウイズ・ワン,東PRO,--,-- (--%) ,,,,,,,,,,,,,
2026-08-20,5252,日本ナレッジ,東G,802,+9.0 (+1.13%) ,2.76,38.41,7.2,0.00,11.30,53.52,(連),1.25,,,,,
2026-08-20,5253,カバー,東G,"1,540",+45.0 (+3.01%) ,5.06,33.51,16.3,26.15,-11.23,57.19,(単),0.00,98.71,0.14,1.33,-30.49,10.71
2026-08-20,5254,Ａｒｅｎｔ,東G,"4,375",+40.0 (+0.92%) ,5.87,43.36,14.2,0.00,-9.68,78.86,(連),0.00,232.50,0.14,0.00,-37.50,40.47
2026-08-20,5255,モンスターラボ,東G,92,+5.0 (+5.75%) ,,,,,,,,,,,,,
2026-08-20,5256,Ｆｕｓｉｃ,東G,"2,493",+95.0 (+3.96%) ,,,,,,,,,,,,,
2026-08-20,5257,ノバシステム,東S,"2,705",-10.0 (-0.37%) ,,,,,,,,,,,,,
2026-08-20,5258,トランザクション・メディア・,東G,437,+17.0 (+4.05%) ,,,,,,,,,,,,,
2026-08-20,525A,ｍａｎｅｂｉ,東PRO,--,-- (--%) ,,,,,,,,,,,,,
2026-08-20,5261,リソルＨＬＤＧ,東P,"7,710",+130.0 (+1.72%) ,,,,,,,,,,,,,
2026-08-20,5262,日本ヒューム,東P,"1,149",+25.0 (+2.22%) ,1.12,15.87,7.1,0.00,24.60,75.68,(連),2.09,66.70,-2.18,5.10,17.86,11.65
2026-08-20,5268,旭コンクリート工業,東S,817,-6.0 (-0.73%) ,,,,,,,,,,,,,
2026-08-20,5269,日本コンクリート工業,東P,383,0.0 (0.00%) ,0.45,30.42,1.7,0.00,-11.64,52.1,(連),2.09,29.50,0.10,52.94,18.18,2.76
2026-08-20,526A,ＪＰＸスターアップ急成長１００,東ETF,"2,285",+25.0 (+1.11%) ,,,,,,,,,,,,,
2026-08-20,5271,トーヨーアサノ,東S,"2,302",-43.0 (-1.83%) ,,,,,,,,,,,,,
2026-08-20,5273,三谷セキサン,東S,"1,962",+36.0 (+1.87%) ,1.36,10.02,14.5,0.00,26.59,71.9,(連),2.56,,,,,
2026-08-20,5279,日本興業,東S,"1,189",+1.0 (+0.08%) ,0.4,5.99,7.0,0.00,28.44,50.12,(連),4.63,,,,,
2026-08-20,527A,ＮＯＳＥ　ＳＨＯＰ,東PRO,--,-- (--%) ,,,,,,,,,,,,,
2026-08-20,5280,ヨシコン,東S,"2,170",-2.0 (-0.09%) ,0.52,5.75,9.4,0.00,-11.61,66.68,(連),3.92,,,,,
2026-08-20,5282,ジオスター,東S,404,+5.0 (+1.25%) ,,,,,,,,,65.30,0.62,76.47,50.00,-0.93
2026-08-20,5283,高見澤,東S,"3,110",-5.0 (-0.16%) ,,,,,,,,,,,,,
2026-08-20,5284,ヤマウＨＬＤＧ,東S,"2,251",+10.0 (+0.45%) ,0.99,6.19,16.9,0.00,-4.38,61.2,(連),4.89,,,,,
2026-08-20,5285,ヤマックス,東S,"1,400",+22.0 (+1.60%) ,1.34,6.55,22.0,0.00,7.76,60.44,(連),4.71,,,,,
2026-08-20,5287,イトーヨーギョー,東S,851,+3.0 (+0.35%) ,0.63,7.82,8.3,0.00,68.69,70.62,(単),2.59,,,,,
2026-08-20,5288,アジアパイルＨＬＤＧ,東P,"1,555",+30.0 (+1.97%) ,1.13,7.80,15.5,18.16,180.60,49.38,(連),3.54,217.90,0.77,4.35,42.86,9.11
2026-08-20,528A,フリースタイル,東PRO,--,-- (--%) ,,,,,,,,,,,,,
2026-08-20,5290,ベルテクスコーポレーション,東S,"1,172",+43.0 (+3.81%) ,,,,,,,,,107.40,-0.23,-0.62,10.42,18.39
2026-08-20,5301,東海カーボン,東P,"1,709",-26.0 (-1.50%) ,1.15,18.17,6.6,78.18,16.53,47.94,(連),1.76,71.76,-1.00,3.11,-17.99,4.07
2026-08-20,5302,日本カーボン,東P,"4,925",+10.0 (+0.20%) ,1.0,11.27,9.1,43.13,-23.74,63.54,(連),4.06,237.40,-0.45,-22.03,-35.21,2.01
2026-08-20,5304,ＳＥＣカーボン,東S,"2,547",+37.0 (+1.47%) ,,,,,,,,,,,,,
2026-08-20,530A,ＮＺＡＭ　東証ＲＥＩＴ指数,東ETF,"1,829",+11.0 (+0.61%) ,,,,,,,,,,,,,
2026-08-20,5310,東洋炭素,東P,"6,910",+110.0 (+1.62%) ,1.49,26.52,5.7,57.25,-39.98,82.68,(連),2.10,254.08,-10.90,0.49,-42.96,-4.26
2026-08-20,531A,ＮＺＡＭ　日経平均高配当５０,東ETF,"2,281",+25.0 (+1.11%) ,,,,,,,,,,,,,
2026-08-20,532A,ＮＺＡＭ　ＴＯＰＩＸ高４０,東ETF,"2,227",+16.0 (+0.72%) ,,,,,,,,,,,,,
2026-08-20,5331,ノリタケ,東P,"3,635",+45.0 (+1.25%) ,1.2,14.28,9.0,45.29,8.31,72.47,(連),2.48,266.30,2.98,-2.98,3.11,4.76
2026-08-20,5332,ＴＯＴＯ,東P,"6,363",+187.0 (+3.03%) ,1.98,26.18,7.7,34.85,20.49,63.82,(連),1.73,289.80,1.14,-0.06,4.00,4.05
2026-08-20,5333,ＮＧＫ,東P,"5,567",+57.0 (+1.03%) ,1.98,26.98,7.8,78.24,21.67,65.03,(連),1.44,311.23,0.35,0.45,42.16,8.04
2026-08-20,5334,日本特殊陶業,東P,"8,933",+42.0 (+0.47%) ,2.28,15.66,15.7,78.13,24.13,62.85,(連),2.29,571.43,89.00,1.77,16.47,9.21
2026-08-20,5337,ダントーＨＬＤＧ,東S,829,+2.0 (+0.24%) ,3.18,35.89,9.4,0.00,34.11,77.01,(連),0.00,,,,,
2026-08-20,533A,ＮＺＡＭ　ＳＰ５００ヘッジなし,東ETF,--,-- (--%) ,,,,,,,,,,,,,
2026-08-20,5341,ＡＳＡＨＩ　ＥＩＴＯＨＬＤＧ,東S,148,-2.0 (-1.33%) ,,,,,,,,,,,,,
2026-08-20,5342,ジャニス工業,名M,--,-- (--%) ,,,,,,,,,,,,,
2026-08-20,5343,ニッコー,名M,185,0.0 (0.00%) ,1.93,6.59,35.7,11.10,105.26,27.6,(連),0.00,,,,,
2026-08-20,5344,ＭＡＲＵＷＡ,東P,"55,200",+180.0 (+0.33%) ,4.63,37.50,13.2,72.63,-2.63,90.52,(連),0.18,"2,053.80",0.68,-2.15,-2.55,12.49
2026-08-20,534A,ＮＺＡＭ　ＮＡＳＤＡＱ１００,東ETF,"2,382",+4.0 (+0.17%) ,,,,,,,,,,,,,
2026-08-20,5351,品川リフラ,東P,"2,052",+37.0 (+1.84%) ,0.88,3.59,26.6,71.47,17.07,46.13,(連),4.39,,,,,
2026-08-20,5355,日本坩堝,東S,674,0.0 (0.00%) ,0.72,10.49,7.3,0.00,-3.33,51.27,(連),2.67,,,,,
2026-08-20,5356,美濃窯業,東S,"1,300",+32.0 (+2.52%) ,0.85,10.66,8.3,0.00,0.54,70.78,(連),3.23,,,,,
2026-08-20,5357,ヨータイ,東P,"1,755",+7.0 (+0.40%) ,,,,,,,,,,,,,
2026-08-20,535A,ＮＺＡＭ　ＤＡＸ　ヘッジなし,東ETF,--,-- (--%) ,,,,,,,,,,,,,
2026-08-20,5363,東京窯業,東S,693,+4.0 (+0.58%) ,0.65,8.23,8.5,35.78,-15.18,70.41,(連),3.65,,,,,
2026-08-20,5367,ニッカトー,東S,"1,217",-2.0 (-0.16%) ,,,,,,,,,,,,,
2026-08-20,5368,日本インシュレーション,東S,"1,019",+7.0 (+0.69%) ,0.6,7.50,8.3,0.00,55.63,78.55,(連),3.93,,,,,
2026-08-20,536A,ＮＺＡＭ　先進国株　ヘッジなし,東ETF,"2,274",-1.0 (-0.04%) ,,,,,,,,,,,,,
2026-08-20,537A,ＮＺＡＭ　全世界株　ヘッジなし,東ETF,"1,137",-1.0 (-0.09%) ,,,,,,,,,,,,,
2026-08-20,5380,新東,東S,"1,281",+91.0 (+7.65%) ,,,,,,,,,,,,,
2026-08-20,5381,マイポックス,東S,939,+32.0 (+3.53%) ,1.46,25.92,5.8,61.78,-28.30,49.51,(連),1.06,,,,,
2026-08-20,5384,フジミインコーポレーテッド,東P,"3,710",-5.0 (-0.13%) ,3.28,30.38,11.3,77.96,15.66,69.14,(連),2.02,152.85,0.96,1.25,18.74,11.89
2026-08-20,5386,鶴弥,名M,381,0.0 (0.00%) ,,,,,,,,,,,,,
2026-08-20,5388,クニミネ工業,東S,"1,309",+40.0 (+3.15%) ,0.72,11.89,6.1,0.00,23.44,82.96,(連),3.06,,,,,
2026-08-20,538A,ＮＺＡＭ　米国国債　７−１０年,東ETF,"4,887",-18.0 (-0.37%) ,,,,,,,,,,,,,
2026-08-20,5391,エーアンドエーマテリアル,東S,"1,515",+27.0 (+1.81%) ,,,,,,,,,,,,,
2026-08-20,5393,ニチアス,東P,"3,276",-18.0 (-0.55%) ,2.6,19.78,13.9,20.58,-5.55,77.66,(連),1.67,183.81,1.62,1.10,7.11,4.44
2026-08-20,539A,ＮＺＡＭ　海外債券　除く日本,東ETF,"4,960",-1.0 (-0.02%) ,,,,,,,,,,,,,
2026-08-20,5401,日本製鉄,東P,663,-14.9 (-2.20%) ,0.63,202.13,0.3,51.70,-67.04,37.72,(連),3.62,54.28,0.01,1.82,-29.97,14.55
2026-08-20,5406,神戸製鋼所,東P,"2,009.5",+20.5 (+1.03%) ,0.63,8.45,7.7,34.80,-22.81,44.02,(連),3.98,248.98,1.72,-1.21,-4.92,0.13
2026-08-20,5408,中山製鋼所,東P,641,+6.0 (+0.94%) ,0.32,14.11,2.3,0.00,-40.81,71.63,(連),2.18,,,,,
2026-08-20,540A,上場日経銀行株トップ１０,東ETF,"1,966",-33.0 (-1.65%) ,,,,,,,,,,,,,
2026-08-20,5410,合同製鐵,東P,"2,984",-31.0 (-1.03%) ,0.3,5.42,5.8,0.00,-28.10,56.28,(連),6.03,,,,,
2026-08-20,5411,ＪＦＥＨＬＤＧ,東P,"1,847.5",+53.0 (+2.95%) ,0.45,16.75,2.7,35.17,-39.43,44.43,(連),4.33,192.68,0.13,1.08,-14.01,-0.31
2026-08-20,541A,ＯｎｅＴＯＰＩＸ高配当グロース,東ETF,"1,126",-16.5 (-1.44%) ,,,,,,,,,,,,,
2026-08-20,5423,東京製鐵,東P,"1,696",-7.0 (-0.41%) ,0.79,15.07,5.4,11.64,-72.69,75.47,(単),2.95,46.10,-0.62,0.43,-72.42,-2.90
2026-08-20,542A,ビタブリッドジャパン,東G,"1,102",-4.0 (-0.36%) ,,,,,,,,,,,,,
2026-08-20,543A,ＡＲＣＨＩＯＮ,東P,276,+1.0 (+0.36%) ,,,,,,,,,,,,,
2026-08-20,5440,共英製鋼,東P,"1,998",+25.0 (+1.27%) ,0.41,8.80,4.8,57.22,2.96,56.73,(連),4.50,187.17,-0.61,1.77,-21.74,5.14
2026-08-20,5444,大和工業,東P,"12,045",-485.0 (-3.87%) ,1.33,11.76,11.4,51.81,19.91,85.51,(連),3.32,985.48,-3.20,-1.55,10.58,0.02
2026-08-20,5445,東京鐵鋼,東P,"2,006",-3.0 (-0.15%) ,0.8,6.36,13.1,0.00,-20.05,78.79,(連),4.99,,,,,
2026-08-20,5446,北越メタル,東S,"1,075",+15.0 (+1.42%) ,,,,,,,,,,,,,
2026-08-20,5449,大阪製鐵,東S,"2,719",+36.0 (+1.34%) ,,,,,,,,,,,,,
2026-08-20,544A,ＧＭＳ　グループ,東P,363,-5.0 (-1.36%) ,,,,,,,,,,,,,
2026-08-20,5451,ヨドコウ,東P,"1,408",-3.0 (-0.21%) ,1.0,11.69,8.8,39.03,-18.72,76.03,(連),6.46,,,,,
2026-08-20,5458,高砂鐵工,東S,"1,380",+10.0 (+0.73%) ,0.81,11.44,7.4,0.00,9.98,52.48,(連),2.90,,,,,
2026-08-20,545A,トランヴィア,東P,982,+22.0 (+2.29%) ,,,,,,,,,,,,,
2026-08-20,5461,中部鋼鈑,東P,"2,071",+8.0 (+0.39%) ,,,,,,,,,,,,,
2026-08-20,5463,丸一鋼管,東P,"1,713.5",-32.0 (-1.83%) ,1.09,14.52,7.7,72.37,28.53,82.47,(連),2.62,124.10,2.67,15.69,15.36,0.81
2026-08-20,5464,モリ工業,東S,947,+7.0 (+0.74%) ,0.61,10.72,5.9,0.00,-14.73,80.5,(連),3.80,,,,,
2026-08-20,546A,ＭＩＲＡＩＮＩ　ＨＬＤＧ,東P,"2,328",+7.0 (+0.30%) ,,,,,,,,,,,,,
2026-08-20,5471,大同特殊鋼,東P,"2,319",+20.0 (+0.87%) ,0.98,14.34,7.2,28.98,4.93,55.18,(連),2.11,160.82,-25.49,0.02,2.11,5.22
2026-08-20,547A,ムニノバＨＬＤＧ,東P,449,+7.0 (+1.58%) ,0.89,7.93,11.8,0.00,32.54,14.72,(連),2.67,69.05,0.30,0.46,8.96,11.52
2026-08-20,5480,日本冶金工業,東P,"5,340",+80.0 (+1.52%) ,0.73,10.27,7.3,25.36,-40.39,46.08,(連),4.12,597.10,0.60,34.04,-20.25,-1.08
2026-08-20,5482,愛知製鋼,東P,"3,230",+105.0 (+3.36%) ,0.88,18.93,4.8,22.87,55.24,59.24,(連),4.49,,,,,
2026-08-20,5484,東北特殊鋼,東S,--,-- (--%) ,1.12,25.91,4.4,16.03,17.35,81.03,(連),0.34,,,,,
2026-08-20,548A,システムエグゼ,東S,948,+17.0 (+1.83%) ,,,,,,,,,,,,,
2026-08-20,5491,日本金属,東S,927,+12.0 (+1.31%) ,0.2,28.66,0.7,21.96,201.90,44.44,(連),0.54,,,,,
2026-08-20,549A,ヒトトヒトＨＬＤＧ,東S,508,-11.0 (-2.12%) ,2.48,11.12,25.1,0.00,77.95,26.55,(連),0.00,,,,,
2026-08-20,550A,ソフトテックス,東S,"2,210",+12.0 (+0.55%) ,,,,,,,,,,,,,
2026-08-20,551A,ＩＺＵＭＩグループ,東PRO,--,-- (--%) ,,,,,,,,,,,,,
2026-08-20,5525,フロンティアＨＬＤＧ,東PRO,--,-- (--%) ,,,,,,,,,,,,,
2026-08-20,5527,ｐｒｏｐｅｒｔｙ　ｔｅｃｈｎｏ,東G,693,+4.0 (+0.58%) ,1.02,7.89,13.6,0.00,65.26,19.26,(連),3.61,,,,,
2026-08-20,5528,フロンティアハウス,東PRO,--,-- (--%) ,0.94,5.07,20.3,0.00,214.39,13.67,(連),0.59,,,,,
2026-08-20,552A,ＭＡＸＩＳ米国ＡＩインフラ株,東ETF,"2,475",-5.0 (-0.20%) ,,,,,,,,,,,,,
2026-08-20,5530,日本システムバンク,名M,"1,090",+11.0 (+1.02%) ,,,,,,,,,,,,,
2026-08-20,5531,エヌバイテクノロジーズ,東PRO,--,-- (--%) ,,,,,,,,,,,,,
2026-08-20,5532,リアルゲイト,東G,"3,485",+30.0 (+0.87%) ,5.97,35.50,18.7,0.00,31.48,15.52,(単),0.00,,,,,
2026-08-20,5533,エリッツＨＬＤＧ,東S,"1,960",+9.0 (+0.46%) ,1.28,9.70,13.9,0.00,5.37,55.59,(連),3.47,,,,,
2026-08-20,5534,エンゼルグループ,東PRO,--,-- (--%) ,,,,,,,,,,,,,
2026-08-20,5535,ミガロＨＬＤＧ,東P,281,-2.0 (-0.71%) ,1.19,11.99,10.9,0.00,10.66,26.34,(連),3.02,,,,,
2026-08-20,5536,京橋アートレジデンス,東PRO,--,-- (--%) ,0.57,1.66,39.9,0.00,64.95,16.08,(連),12.07,,,,,
2026-08-20,5537,ＡｌｂａＬｉｎｋ,東G,"3,100",+20.0 (+0.65%) ,12.58,25.49,67.1,0.00,142.42,38.29,(単),0.00,,,,,
2026-08-20,5541,大平洋金属,東P,"2,662",+75.0 (+2.90%) ,0.74,18.23,4.0,3.65,304.87,93.48,(連),5.07,,,,,
2026-08-20,5542,新報国マテリアル,東S,965,-19.0 (-1.93%) ,1.11,16.04,7.0,0.00,-17.68,75.16,(単),2.59,,,,,
2026-08-20,554A,バトンズ,東G,"1,586",+67.0 (+4.41%) ,,,,,,,,,,,,,
2026-08-20,555A,北王ＧＲＯＵＰ,東PRO,--,-- (--%) ,,,,,,,,,,,,,
2026-08-20,5563,新日本電工,東P,454,+9.0 (+2.02%) ,0.8,42.43,2.0,0.00,-44.37,76.03,(連),2.64,,,,,
2026-08-20,556A,犬猫生活,東G,"2,235",+88.0 (+4.10%) ,,,,,,,,,,,,,
2026-08-20,5570,ジェノバ,東G,609,0.0 (0.00%) ,2.42,14.92,15.8,0.00,12.36,88.19,(単),0.99,,,,,
2026-08-20,5571,エキサイトＨＬＤＧ,東S,986,+36.0 (+3.79%) ,1.32,18.79,7.2,0.00,18.93,32.32,(連),3.19,,,,,
2026-08-20,5572,Ｒｉｄｇｅ−ｉ,東G,"2,804",+151.0 (+5.69%) ,4.99,77.89,6.5,0.00,89.54,76.94,(連),0.00,81.10,0.28,42.86,66.67,64.48
2026-08-20,5573,働楽ＨＬＤＧ,東PRO,--,-- (--%) ,,,,,,,,,,,,,
2026-08-20,5574,ＡＢＥＪＡ,東G,"2,910",+93.0 (+3.30%) ,6.36,61.69,10.7,0.00,57.69,84.03,(単),0.00,45.40,-17.08,12.72,15.20,27.23
2026-08-20,5575,Ｇｌｏｂｅｅ,東G,"1,188",+68.0 (+6.07%) ,,,,,,,,,,,,,
2026-08-20,5576,オービーシステム,東S,"2,947",+27.0 (+0.92%) ,1.2,11.36,11.1,0.00,19.15,74.78,(連),3.56,,,,,
2026-08-20,5578,ＡＲアドバンストテクノロジ,東G,857,+24.0 (+2.88%) ,3.94,18.89,21.8,0.00,73.44,31.39,(連),0.78,,,,,
2026-08-20,557A,フェリエスト,東PRO,--,-- (--%) ,,,,,,,,,,,,,
2026-08-20,5580,プロディライト,東G,"1,720",+15.0 (+0.88%) ,3.03,24.12,12.5,0.00,-5.88,55.69,(連),0.00,,,,,
2026-08-20,5581,カイテクノロジー,東PRO,--,-- (--%) ,1.2,11.49,11.0,0.00,284.38,31.1,(連),3.11,,,,,
2026-08-20,5582,グリッド,東G,"2,022",+49.0 (+2.48%) ,,,,,,,,,94.00,0.72,0.00,16.67,39.23
2026-08-20,5584,Ｓｔｒａｗｂｅｒｒｙ　ｊａｍｓ,東PRO,--,-- (--%) ,,,,,,,,,,,,,
2026-08-20,5586,Ｌａｂｏｒｏ．ＡＩ,東G,904,+49.0 (+5.73%) ,5.65,97.94,5.8,0.00,-9.29,90.53,(連),0.00,,,,,
2026-08-20,5587,インバウンドプラットフォーム,東G,820,+13.0 (+1.61%) ,1.99,13.95,14.3,7.58,62.01,52.44,(連),0.00,,,,,
2026-08-20,5588,ファーストアカウンティング,東G,814,+43.0 (+5.58%) ,5.33,44.53,12.2,0.00,59.02,57.32,(連),0.45,,,,,
2026-08-20,5589,オートサーバー,東S,"2,831",+39.0 (+1.40%) ,1.56,13.56,12.0,0.00,-3.82,64.15,(単),2.33,,,,,
2026-08-20,558A,ＳＱＵＥＥＺＥ,東G,"5,750",+240.0 (+4.36%) ,,,,,,,,,,,,,
2026-08-20,5590,ネットスターズ,東G,689,+21.0 (+3.14%) ,1.52,23.77,6.6,0.16,"2,113.64",19.9,(連),0.00,29.70,9.47,-21.11,18.33,21.39
2026-08-20,5591,ＡＶＩＬＥＮ,東G,836,+33.0 (+4.11%) ,,,,,,,,,,,,,
2026-08-20,5592,くすりの窓口,東G,"2,731",+79.0 (+2.98%) ,2.76,10.37,29.8,0.00,37.42,63.71,(連),1.39,,,,,
2026-08-20,5594,エム・デー・ビー,東PRO,--,-- (--%) ,0.99,3.64,31.6,0.00,179.73,44.8,(単),0.00,,,,,
2026-08-20,5597,ブルーイノベーション,東G,"1,367",+70.0 (+5.40%) ,,,,,,,,,,,,,
2026-08-20,5598,Ｙｏｔｔａｖｉａｓ,東PRO,--,-- (--%) ,,,,,,,,,,,,,
2026-08-20,5599,Ｓ＆Ｊ,東G,995,+17.0 (+1.74%) ,2.58,13.64,19.5,0.00,31.21,71.16,(単),1.51,78.50,1.67,-11.54,-8.00,19.19
2026-08-20,559A,梅乃宿酒造,東S,"1,150",+26.0 (+2.31%) ,,,,,,,,,,,,,
2026-08-20,5602,栗本鐵工所,東P,"1,729",+23.0 (+1.35%) ,,,,,,,,,,,,,
2026-08-20,5603,虹技,東S,"1,320",0.0 (0.00%) ,0.28,9.20,3.2,31.43,-40.90,43.25,(連),3.79,,,,,
2026-08-20,5607,中央可鍛工業,名M,601,-1.0 (-0.17%) ,0.3,4.29,7.2,19.85,10.53,67.69,(連),3.00,,,,,
2026-08-20,5609,日本鋳造,東S,912,+4.0 (+0.44%) ,0.38,28.48,1.3,0.00,50.90,54.23,(単),2.19,,,,,
2026-08-20,560A,オカダ,東PRO,--,-- (--%) ,,,,,,,,,,,,,
2026-08-20,5612,日本鋳鉄管,東S,"1,610",+23.0 (+1.45%) ,0.52,56.71,0.9,0.00,-19.48,38.58,(連),1.55,,,,,
2026-08-20,5616,雨風太陽,東G,632,-5.0 (-0.78%) ,,,,,,,,,,,,,
2026-08-20,5617,ウィル・ドゥ,東PRO,--,-- (--%) ,,,,,,,,,,,,,
2026-08-20,5618,ナイル,東G,280,-3.0 (-1.06%) ,,,,,,,,,,,,,
2026-08-20,5619,マーソ,東G,--,-- (--%) ,,,,,,,,,,,,,
2026-08-20,561A,マークスライフ,東PRO,--,-- (--%) ,,,,,,,,,,,,,
2026-08-20,5620,エスピーオー,東PRO,--,-- (--%) ,,,,,,,,,,,,,
2026-08-20,5621,ヒューマンテクノロジーズ,東G,"1,637",+49.0 (+3.09%) ,2.98,15.45,21.0,0.00,47.91,77.63,(連),1.95,130.60,0.54,0.84,-13.33,18.77
2026-08-20,5622,ワンビ,東PRO,--,-- (--%) ,2.02,9.78,23.0,0.00,17.17,40.75,(単),0.00,,,,,
2026-08-20,562A,寶結,東PRO,--,-- (--%) ,,,,,,,,,,,,,
2026-08-20,5631,日本製鋼所,東P,"7,771",-58.0 (-0.74%) ,2.69,29.73,9.5,53.42,10.88,49.4,(連),1.18,297.81,1.87,-1.18,-12.28,12.25
2026-08-20,5632,三菱製鋼,東P,"2,444",+33.0 (+1.37%) ,0.76,12.10,6.7,44.14,-17.24,34.4,(連),3.31,,,,,
2026-08-20,563A,ＧＸ　ＮＡＳＤＡＱ１００Ｄ,東ETF,"1,055",+1.0 (+0.09%) ,,,,,,,,,,,,,
2026-08-20,5644,メタルアート,東S,--,-- (--%) ,0.81,7.81,10.9,16.39,28.90,56.28,(連),2.04,,,,,
2026-08-20,564A,ＧＸ　Ｓ＆Ｐ　先進ＣＦ１００,東ETF,"1,103",0.0 (0.00%) ,,,,,,,,,,,,,
2026-08-20,5658,日亜鋼業,東S,401,-2.0 (-0.50%) ,0.34,18.05,1.9,0.00,4.16,73.06,(連),2.49,,,,,
2026-08-20,5659,日本精線,東P,"1,379",+12.0 (+0.88%) ,0.99,19.72,5.1,33.35,-29.31,75.36,(連),3.05,,,,,
2026-08-20,565A,ＦＦＦＨＬＤＧ,東PRO,--,-- (--%) ,,,,,,,,,,,,,
2026-08-20,5660,神鋼鋼線工業,東S,"1,864",+9.0 (+0.49%) ,0.43,9.83,4.5,15.52,-46.56,56.94,(連),3.49,,,,,
2026-08-20,566A,ｉＦ日本株除く金融高配当５０,東ETF,"2,306",+42.0 (+1.86%) ,,,,,,,,,,,,,
2026-08-20,567A,ディープラス,東PRO,--,-- (--%) ,,,,,,,,,,,,,
2026-08-20,568A,ｉシェアーズ　シルバー　ＥＴＦ,東ETF,174.5,+10.6 (+6.47%) ,,,,,,,,,,,,,
2026-08-20,5695,パウダーテック,東S,"2,977",-23.0 (-0.77%) ,,,,,,,,,,,,,
2026-08-20,5697,サンユウ,東S,823,+3.0 (+0.37%) ,,,,,,,,,,,,,
2026-08-20,5698,エンビプロＨＬＤＧ,東S,817,+43.0 (+5.56%) ,,,,,,,,,80.70,-1.93,3.03,36.00,-2.15
2026-08-20,5699,イボキン,東S,"1,630",+73.0 (+4.69%) ,,,,,,,,,,,,,
2026-08-20,569A,ｉシェアーズ　プラチナ　ＥＴＦ,東ETF,180.5,+8.8 (+5.13%) ,,,,,,,,,,,,,
2026-08-20,5702,大紀アルミニウム工業所,東P,"1,825",+31.0 (+1.73%) ,0.94,19.62,4.9,50.77,49.91,42.91,(連),3.01,,,,,
2026-08-20,5703,日本軽金属ＨＬＤＧ,東P,"3,040",+48.0 (+1.60%) ,0.75,12.00,6.5,22.51,19.51,44.7,(連),2.63,269.53,1.75,1.87,8.83,7.47
2026-08-20,5704,ＪＭＣ,東S,379,0.0 (0.00%) ,,,,,,,,,,,,,
2026-08-20,5706,三井金属,東P,"28,570","+1,065.0 (+3.87%) ",3.97,17.91,24.5,43.43,78.95,59.08,(連),0.86,"1,460.94",-2.32,-0.35,121.51,9.49
2026-08-20,5707,東邦亜鉛,東P,"1,154",+99.0 (+9.38%) ,,,,,,,,,,,,,
2026-08-20,570A,ｉシェアーズ　日本国債０−１年,東ETF,901.5,0.0 (0.00%) ,,,,,,,,,,,,,
2026-08-20,5711,三菱マテリアル,東P,"5,345",+295.0 (+5.84%) ,0.95,17.21,5.7,43.01,61.96,24.54,(連),1.87,466.88,0.23,1.67,84.44,0.59
2026-08-20,5713,住友金属鉱山,東P,"10,630","+1,033.0 (+10.76%) ",1.39,16.37,9.0,53.96,714.71,58.3,(連),2.14,797.57,0.58,3.33,137.07,14.17
2026-08-20,5714,ＤＯＷＡ　ＨＬＤＧ,東P,"9,789",+523.0 (+5.64%) ,1.27,9.32,14.6,22.32,24.60,57.34,(連),3.76,988.53,-1.70,6.30,117.49,17.72
2026-08-20,5715,古河機械金属,東P,"4,105",+190.0 (+4.85%) ,0.9,10.67,9.2,18.39,41.50,54.06,(連),1.95,244.30,-0.46,57.77,35.05,8.67
2026-08-20,571A,ｉシェアーズ　日本国債１−３年,東ETF,500,+1.2 (+0.24%) ,,,,,,,,,,,,,
2026-08-20,5721,エスクリプトエナジー,東S,54,+5.0 (+10.20%) ,,,,,,,,,,,,,
2026-08-20,5724,アサカ理研,東S,"2,805",+104.0 (+3.85%) ,2.86,46.93,6.3,0.00,60.90,35.39,(連),0.43,,,,,
2026-08-20,5726,大阪チタニウムテクノロジーズ,東P,"2,975",+204.0 (+7.36%) ,2.47,42.49,5.9,76.29,-29.11,41.39,(単),0.61,74.30,6.55,76.25,-27.32,-1.81
2026-08-20,5729,日本精鉱,東S,"1,800",+20.0 (+1.12%) ,1.14,4.18,30.8,20.48,70.63,62.46,(連),5.56,,,,,
2026-08-20,572A,ｉシェアーズ　日本国債３−７年,東ETF,500,+0.2 (+0.04%) ,,,,,,,,,,,,,
2026-08-20,573A,ｉシェアーズ　日本国債２０年超,東ETF,493.6,+5.8 (+1.19%) ,,,,,,,,,,,,,
2026-08-20,5741,ＵＡＣＪ,東P,"2,268",-63.0 (-2.70%) ,1.18,10.56,12.2,65.78,48.01,30.95,(連),2.43,237.59,0.90,0.56,65.03,17.25
2026-08-20,5742,エヌアイシ・オートテック,東S,751,+1.0 (+0.13%) ,1.25,168.01,0.7,0.00,-97.75,54.76,(単),5.46,,,,,
2026-08-20,574A,ＬＡＳＳＩＣ,東PRO,--,-- (--%) ,,,,,,,,,,,,,
2026-08-20,5753,日本伸銅,東S,"2,502",+63.0 (+2.58%) ,,,,,,,,,,,,,
2026-08-20,5757,ＣＫサンエツ,東P,"5,270",+120.0 (+2.33%) ,,,,,,,,,,,,,
2026-08-20,575A,前澤ＨＬＤＧ,東P,"1,879",+63.0 (+3.47%) ,,,,,,,,,,,,,
2026-08-20,576A,グローバルＸ　チャイテクカバコ,東ETF,990,0.0 (0.00%) ,,,,,,,,,,,,,
2026-08-20,577A,グローバルＸ　シルバー,東ETF,261.4,+15.7 (+6.39%) ,,,,,,,,,,,,,
2026-08-20,578A,グローバルＸ　シルバー為替ヘジ,東ETF,259.1,+16.2 (+6.67%) ,,,,,,,,,,,,,
2026-08-20,579A,グローバルＸ　銀ビジネス,東ETF,"1,048",+69.0 (+7.05%) ,,,,,,,,,,,,,
2026-08-20,5801,古河電気工業,東P,"3,864",+94.0 (+2.49%) ,6.52,37.51,19.1,50.63,56.18,39.11,(連),0.54,128.48,1.22,3.47,79.84,10.59
2026-08-20,5802,住友電気工業,東P,"2,218.5",+8.5 (+0.38%) ,2.52,18.73,14.7,56.84,39.35,56.86,(連),1.74,108.67,-2.47,0.32,37.09,6.80
2026-08-20,5803,フジクラ,東P,"5,341",+13.0 (+0.24%) ,15.78,56.26,32.5,79.58,45.35,57.8,(連),0.70,155.15,0.54,2.70,86.65,25.15
2026-08-20,5805,ＳＷＣＣ,東P,"14,010",+370.0 (+2.71%) ,4.22,22.01,20.7,11.54,131.81,47.56,(連),1.59,689.64,2.43,-0.33,14.83,17.44
2026-08-20,580A,グローバルＸ　銅ビジネス,東ETF,"1,023",+34.0 (+3.44%) ,,,,,,,,,,,,,
2026-08-20,5816,オーナンバ,東S,"1,421",+1.0 (+0.07%) ,0.62,11.43,5.6,34.57,4.90,66.0,(連),2.89,,,,,
2026-08-20,5817,ＪＭＡＣＳ,東S,993,+14.0 (+1.43%) ,0.99,13.95,7.4,0.00,384.82,54.96,(単),1.51,,,,,
2026-08-20,5819,カナレ電気,東S,"1,742",+18.0 (+1.04%) ,0.63,9.91,6.5,52.50,15.89,90.38,(連),3.79,,,,,
2026-08-20,581A,ＧＯ,東G,"3,575",+180.0 (+5.30%) ,,,,,,,,,,,,,
2026-08-20,5820,三ッ星,東S,811,-4.0 (-0.49%) ,,,,,,,,,,,,,
2026-08-20,5821,平河ヒューテック,東P,"3,240",+30.0 (+0.93%) ,1.19,30.60,4.0,79.58,81.42,74.85,(連),1.45,263.80,0.08,1.96,44.44,27.41
2026-08-20,5830,いよぎんＨＬＤＧ,東P,"3,830",+10.0 (+0.26%) ,,,,,,,,,,,,,
2026-08-20,5831,しずおかＦＧ,東P,"3,382",-18.0 (-0.53%) ,,,,,,,,,212.34,0.60,0.64,20.23,-17.24
2026-08-20,5832,ちゅうぎんＦＧ,東P,"3,368",-12.0 (-0.36%) ,,,,,,,,,253.00,0.99,-3.45,-3.61,13.57
2026-08-20,5834,ＳＢＩリーシングサービス,東G,"2,763",+93.0 (+3.48%) ,,,,,,,,,,,,,
2026-08-20,5838,楽天銀行,東P,"5,982",-36.0 (-0.60%) ,,,,,,,,,467.17,1.11,5.32,34.32,11.17
2026-08-20,583A,不動産流通システム,東PRO,--,-- (--%) ,,,,,,,,,,,,,
2026-08-20,5840,日本総険,東PRO,--,-- (--%) ,4.33,14.06,34.9,0.00,22.41,34.68,(連),1.49,,,,,
2026-08-20,5842,インテグラル,東G,"3,115",+60.0 (+1.96%) ,1.7,17.36,10.1,39.04,-64.35,74.93,(連),1.19,,,,,
2026-08-20,5843,ニッポンインシュア,東S,"2,420",+14.0 (+0.58%) ,2.74,12.84,23.6,0.00,89.02,46.73,(単),0.79,,,,,
2026-08-20,5844,京都ＦＧ,東P,"4,803",-21.0 (-0.44%) ,,,,,,,,,220.96,-0.62,3.80,35.05,15.88
2026-08-20,5845,全保連,東S,"1,220",+11.0 (+0.91%) ,3.95,18.47,22.6,0.00,25.22,32.5,(単),3.28,,,,,
2026-08-20,584A,ＬｉＮＫＸ,東G,"2,780",+71.0 (+2.62%) ,,,,,,,,,,,,,
2026-08-20,5851,リョービ,東P,"2,772",+54.0 (+1.99%) ,0.49,8.00,6.4,56.31,26.57,52.21,(連),3.61,333.71,-2.27,3.01,5.08,5.07
2026-08-20,5852,アーレスティ,東P,679,+23.0 (+3.51%) ,0.3,4.71,6.6,31.36,-5.88,41.1,(連),6.19,136.30,-0.91,0.00,-23.33,2.15
2026-08-20,5857,ＡＲＥＨＬＤＧ,東P,"3,755",+250.0 (+7.13%) ,,,,,,,,,295.30,0.22,10.47,75.83,29.34
2026-08-20,5858,ＳＴＧ,東G,"1,147",+3.0 (+0.26%) ,0.68,9.23,9.4,74.48,-25.93,36.84,(連),1.74,,,,,
2026-08-20,585A,日本バリュー・ボトムアップ株式,東ETF,"1,077",+14.0 (+1.32%) ,,,,,,,,,,,,,
2026-08-20,5866,ＷｉｚＢｉｚ,東PRO,--,-- (--%) ,2.68,9.26,32.5,0.00,168.00,41.08,(単),0.00,,,,,
2026-08-20,5867,エスネットワークス,東G,"1,210",-16.0 (-1.31%) ,2.17,16.86,13.4,13.94,14.68,65.07,(連),4.13,,,,,
2026-08-20,5868,ロココ,東S,994,+2.0 (+0.20%) ,1.25,11.65,11.1,0.00,14.51,59.23,(連),3.52,,,,,
2026-08-20,5869,早稲田学習研究会,東S,"1,250",+8.0 (+0.64%) ,,,,,,,,,,,,,
2026-08-20,586A,ＮＦ日経エンタメ・コンテンツ株,東ETF,248.2,+5.7 (+2.35%) ,,,,,,,,,,,,,
2026-08-20,5870,ナルネットコミュニケーションズ,東G,902,+29.0 (+3.32%) ,1.25,9.58,13.8,0.00,85.81,38.55,(単),3.22,99.20,1.68,3.07,9.25,12.00
2026-08-20,5871,ＳＯＬＩＺＥ　ＨＬＤＧ,東S,"1,367",+32.0 (+2.40%) ,,,,,,,,,,,,,
2026-08-20,587A,インベスコＱＱＱトラストＳ１,東ETF,"114,100",+250.0 (+0.22%) ,,,,,,,,,,,,,
2026-08-20,5884,クラダシ,東G,620,+7.0 (+1.14%) ,,,,,,,,,,,,,
2026-08-20,5885,ジーデップ・アドバンス,東S,"2,963",+38.0 (+1.30%) ,,,,,,,,,,,,,
2026-08-20,5886,ＯＯＫＡＢＥ　ＧＬＡＳＳ,東PRO,--,-- (--%) ,,,,,,,,,,,,,
2026-08-20,5887,光響,東PRO,--,-- (--%) ,,,,,,,,,,,,,
2026-08-20,5888,ＤＡＩＷＡ　ＣＹＣＬＥ,東G,"2,806",+43.0 (+1.56%) ,1.23,8.12,16.0,0.00,3.46,65.85,(単),2.49,362.50,1.56,3.40,-15.56,13.89
2026-08-20,5889,Ｊａｐａｎ　Ｅｙｅｗｅａｒ　Ｈ,東P,"2,598",+67.0 (+2.65%) ,,,,,,,,,,,,,
2026-08-20,5890,オフィスバスターズ,東PRO,--,-- (--%) ,,,,,,,,,,,,,
2026-08-20,5891,ＳＡＫＩＧＡＫＥＨＬＤＧ,東S,"1,648",+18.0 (+1.10%) ,1.81,31.32,5.8,0.00,-10.34,53.32,(連),1.40,,,,,
2026-08-20,5892,ｙｕｔｏｒｉ,東G,"2,485",+90.0 (+3.76%) ,5.45,38.60,18.4,0.00,57.12,24.01,(連),0.00,156.60,0.11,-0.74,3.85,49.24
2026-08-20,5893,ＲＡＶＩＰＡ,東PRO,--,-- (--%) ,,,,,,,,,,,,,
2026-08-20,589A,ネイス,東G,"1,325",+51.0 (+4.00%) ,,,,,,,,,,,,,
2026-08-20,5900,ダイケン,東S,869,0.0 (0.00%) ,0.35,16.10,2.2,0.00,-9.23,80.83,(連),2.30,,,,,
2026-08-20,5901,東洋製罐グループＨＬＤＧ,東P,"4,300",-4.0 (-0.09%) ,0.93,11.89,8.1,25.09,55.11,56.23,(連),3.07,,,,,
2026-08-20,5902,ホッカンＨＬＤＧ,東P,"2,671",+14.0 (+0.53%) ,,,,,,,,,,,,,
2026-08-20,5905,日本製罐,東S,--,-- (--%) ,,,,,,,,,,,,,
2026-08-20,5906,エムケー精工,東S,751,0.0 (0.00%) ,0.54,4.48,13.0,0.00,38.37,68.47,(連),2.00,,,,,
2026-08-20,5909,コロナ,東S,985,+6.0 (+0.61%) ,,,,,,,,,,,,,
2026-08-20,590A,ギフティグループ,東P,"1,406",+118.0 (+9.16%) ,,,,,,,,,71.75,0.15,-1.18,-18.20,32.41
2026-08-20,5911,横河ブリッジＨＬＤＧ,東P,"2,969",+12.0 (+0.41%) ,0.87,13.60,6.6,0.00,-16.48,52.87,(連),4.04,220.80,11.93,-2.00,-23.28,8.73
2026-08-20,5915,駒井ハルテック,東S,"2,345",+5.0 (+0.21%) ,0.31,32.43,1.0,0.00,28.06,52.58,(連),2.99,,,,,
2026-08-20,5918,瀧上工業,東S,"7,700",+20.0 (+0.26%) ,0.32,16.66,2.0,0.00,318.10,68.92,(連),1.56,,,,,
2026-08-20,591A,西條,東PRO,--,-- (--%) ,,,,,,,,,,,,,
2026-08-20,5921,川岸工業,東S,"4,280",+20.0 (+0.47%) ,0.41,8.21,5.1,0.00,8.50,82.75,(単),3.74,,,,,
2026-08-20,5922,那須電機鉄工,東S,"20,050",-200.0 (-0.99%) ,,,,,,,,,,,,,
2026-08-20,5923,高田機工,東S,"1,149",+5.0 (+0.44%) ,,,,,,,,,,,,,
2026-08-20,5928,アルメタックス,東S,284,0.0 (0.00%) ,,,,,,,,,,,,,
2026-08-20,5929,三和ＨＬＤＧ,東P,"3,629",+115.0 (+3.27%) ,2.19,12.89,17.8,55.91,-4.01,63.62,(連),3.58,286.33,7.56,-0.51,-6.49,1.37
2026-08-20,5930,文化シヤッター,東P,"1,855",+28.0 (+1.53%) ,1.09,10.36,10.8,11.12,19.28,58.28,(連),3.99,,,,,
2026-08-20,5932,三協立山,東P,676,+13.0 (+1.96%) ,,,,,,,,,,,,,
2026-08-20,5933,アルインコ,東P,"1,136",+10.0 (+0.89%) ,,,,,,,,,,,,,
2026-08-20,5936,東洋シヤッター,東S,890,+3.0 (+0.34%) ,,,,,,,,,,,,,
2026-08-20,5938,ＬＩＸＩＬ,東P,"1,747",+39.0 (+2.28%) ,0.76,61.67,1.3,34.89,-22.04,35.29,(連),5.15,53.07,0.38,-1.81,-33.50,2.44
2026-08-20,5939,大谷工業,東S,"4,795",-55.0 (-1.13%) ,0.85,12.58,7.0,0.00,-20.34,57.77,(単),0.63,,,,,
2026-08-20,593A,ティアフォー,東G,"1,033",+150.0 (+16.99%) ,,,,,,,,,,,,,
2026-08-20,5940,不二サッシ,東S,747,+12.0 (+1.63%) ,0.37,4.62,8.3,0.00,1.97,29.6,(連),4.02,,,,,
2026-08-20,5941,中西製作所,東S,"2,790",+18.0 (+0.65%) ,0.77,7.82,10.3,0.00,13.62,66.3,(単),3.94,,,,,
2026-08-20,5942,日本フイルコン,東S,639,+3.0 (+0.47%) ,,,,,,,,,,,,,
2026-08-20,5943,ノーリツ,東P,"2,425",+22.0 (+0.92%) ,0.79,32.99,2.5,32.28,54.90,58.98,(連),3.05,175.20,0.10,-6.12,-4.17,1.25
2026-08-20,5945,天龍製鋸,東S,"2,379",+10.0 (+0.42%) ,0.54,14.08,4.0,74.26,4.34,91.14,(連),3.57,,,,,
2026-08-20,5946,長府製作所,東P,"2,069",+14.0 (+0.68%) ,0.51,32.35,1.6,0.00,2.09,93.01,(連),2.22,,,,,
2026-08-20,5947,リンナイ,東P,"3,566",-1.0 (-0.03%) ,1.13,13.72,8.6,57.77,14.63,67.31,(連),2.80,260.58,57.38,-0.04,-5.88,4.49
2026-08-20,5949,ユニプレス,東P,"1,342",+35.0 (+2.68%) ,,,,,,,,,149.15,-0.05,0.52,2.09,-2.90
2026-08-20,594A,ＰＲＯ　ＨＬＤＧ,東PRO,--,-- (--%) ,,,,,,,,,,,,,
2026-08-20,5950,日本パワーファスニング,東S,152,0.0 (0.00%) ,,,,,,,,,,,,,
2026-08-20,5951,ダイニチ工業,東S,"1,311",-34.0 (-2.53%) ,,,,,,,,,,,,,
2026-08-20,5952,アマテイ,東S,185,0.0 (0.00%) ,,,,,,,,,,,,,
2026-08-20,5955,ワイズＨＬＤＧ,東S,85,+2.0 (+2.41%) ,0.94,30.69,3.1,13.69,24.74,65.53,(連),1.18,,,,,
2026-08-20,5956,トーソー,東S,574,-1.0 (-0.17%) ,,,,,,,,,,,,,
2026-08-20,5957,日東精工,東P,776,0.0 (0.00%) ,0.78,13.08,6.1,30.83,-4.59,62.96,(連),2.96,70.10,0.61,0.89,-8.14,4.73
2026-08-20,5958,三洋工業,東S,"4,600",-35.0 (-0.76%) ,,,,,,,,,,,,,
2026-08-20,5959,岡部,東P,947,+12.0 (+1.28%) ,0.7,13.19,5.4,30.20,14.90,72.78,(連),4.33,,,,,
2026-08-20,595A,不二興産,東PRO,--,-- (--%) ,,,,,,,,,,,,,
2026-08-20,5962,浅香工業,東S,"2,015",+15.0 (+0.75%) ,0.42,4.72,9.3,0.00,2.98,65.58,(単),4.47,,,,,
2026-08-20,5965,フジマック,東S,"1,203",+28.0 (+2.38%) ,0.6,6.73,9.3,0.00,-3.84,57.37,(連),3.33,,,,,
2026-08-20,5966,京都機械工具,東S,--,-- (--%) ,0.49,12.24,4.0,0.00,-13.45,79.9,(連),3.35,,,,,
2026-08-20,5967,ＴＯＮＥ,東S,472,-11.0 (-2.28%) ,,,,,,,,,,,,,
2026-08-20,5969,ロブテックス,東S,--,-- (--%) ,,,,,,,,,,,,,
2026-08-20,5970,ジーテクト,東P,"2,368",+43.0 (+1.85%) ,0.45,7.53,6.4,77.21,5.43,59.93,(連),4.05,336.30,1.01,15.88,4.52,3.24
2026-08-20,5971,共和工業所,東S,"7,930",-150.0 (-1.86%) ,0.6,11.96,5.2,0.00,34.91,86.42,(連),1.01,,,,,
2026-08-20,5973,トーアミ,東S,618,+12.0 (+1.98%) ,0.32,20.16,1.6,0.00,"1,016.67",58.72,(連),2.75,,,,,
2026-08-20,5974,中国工業,東S,855,+17.0 (+2.03%) ,0.47,8.91,5.5,0.00,-10.26,45.88,(連),2.69,,,,,
2026-08-20,5975,東プレ,東P,"3,175",+55.0 (+1.76%) ,0.64,8.48,8.0,49.08,30.69,62.52,(連),3.15,360.40,-2.34,3.35,2.21,4.02
2026-08-20,5976,高周波熱錬,東P,"1,516",+21.0 (+1.40%) ,0.85,38.13,2.3,39.23,14.74,66.05,(連),4.68,,,,,
2026-08-20,5979,カネソウ,名M,"5,090",0.0 (0.00%) ,0.46,11.60,4.1,0.00,-16.85,87.95,(単),3.93,,,,,
2026-08-20,597A,ａｎｄ　ＵＳ,東PRO,--,-- (--%) ,,,,,,,,,,,,,
2026-08-20,5981,東京製綱,東P,"1,970",+59.0 (+3.09%) ,0.74,8.81,8.9,14.10,32.54,46.25,(連),3.55,233.50,1.93,12.50,14.89,2.46
2026-08-20,5982,マルゼン,東S,"4,070",-5.0 (-0.12%) ,1.24,12.36,10.4,0.00,10.26,70.14,(連),3.07,,,,,
2026-08-20,5983,イワブチ,東S,"12,950",+220.0 (+1.73%) ,0.66,14.57,4.7,0.00,60.27,74.94,(連),2.32,,,,,
2026-08-20,5984,兼房,東S,773,+4.0 (+0.52%) ,0.34,10.41,3.3,53.66,90.10,81.6,(連),3.36,,,,,
2026-08-20,5985,サンコール,東S,"2,482",+125.0 (+5.30%) ,2.2,12.11,20.4,79.43,137.14,59.61,(連),0.81,,,,,
2026-08-20,5986,モリテック　スチール,東S,256,+1.0 (+0.39%) ,0.36,5.50,6.8,13.94,95.65,45.91,(連),4.69,,,,,
2026-08-20,5987,オーネックス,東S,"1,700",0.0 (0.00%) ,,,,,,,,,,,,,
2026-08-20,5988,パイオラックス,東P,"1,707",+11.0 (+0.65%) ,,,,,,,,,49.40,-0.01,-5.00,-38.71,-0.28
2026-08-20,5989,エイチワン,東P,"1,546",+53.0 (+3.55%) ,,,,,,,,,,,,,
2026-08-20,598A,チャットプラス,東G,"1,360",+37.0 (+2.80%) ,,,,,,,,,,,,,
2026-08-20,5990,スーパーツール,東S,--,-- (--%) ,0.45,23.15,1.9,11.89,-20.63,77.34,(連),3.60,,,,,
2026-08-20,5991,ニッパツ,東P,"3,465",+19.0 (+0.55%) ,1.63,25.21,6.6,51.41,-9.96,58.3,(連),1.90,234.00,0.21,-0.34,7.54,3.95
2026-08-20,5992,中央発條,東S,"3,670",+60.0 (+1.66%) ,1.06,7.45,15.1,27.85,-12.67,56.64,(連),1.63,,,,,
2026-08-20,5994,ファインシンター,東S,"1,010",+5.0 (+0.50%) ,,,,,,,,,,,,,
2026-08-20,5997,協立エアテック,東S,945,+4.0 (+0.43%) ,0.46,9.89,4.9,0.00,-11.28,62.64,(連),2.12,,,,,
2026-08-20,5998,アドバネクス,東S,"2,364",+77.0 (+3.37%) ,0.95,9.44,11.3,69.74,690.00,31.06,(連),1.48,523.80,0.04,0.00,16.67,4.23
2026-08-20,599A,元気な介護,東PRO,--,-- (--%) ,,,,,,,,,,,,,
2026-08-20,6005,三浦工業,東P,"3,058",+7.0 (+0.23%) ,1.46,12.81,12.4,50.47,27.76,51.04,(連),2.35,250.03,2.58,0.33,-1.86,6.41
2026-08-20,600A,ニッセイＥＴＦ　ラセル２０００,東ETF,"1,990",+5.0 (+0.25%) ,,,,,,,,,,,,,
2026-08-20,6013,タクマ,東P,"3,095",+5.0 (+0.16%) ,2.0,16.73,12.4,0.00,15.49,59.09,(連),3.00,212.52,0.98,-3.80,18.02,11.82
2026-08-20,6016,ジャパンエンジン,東S,"10,130",+400.0 (+4.11%) ,4.62,17.85,29.5,20.45,18.67,57.54,(単),0.87,,,,,
2026-08-20,6018,阪神内燃機工業,東S,--,-- (--%) ,1.22,25.93,4.8,32.10,39.88,60.5,(単),1.54,,,,,
2026-08-20,601A,ラックス建設,東PRO,--,-- (--%) ,,,,,,,,,,,,,
2026-08-20,6022,赤阪鐵工所,東S,"2,622",0.0 (0.00%) ,0.32,18.86,1.9,7.87,-84.48,60.17,(単),1.14,,,,,
2026-08-20,6023,ダイハツインフィニアース,東S,"2,979",+125.0 (+4.38%) ,1.53,12.79,12.7,51.77,4.68,44.69,(連),2.32,260.95,0.95,11.11,42.86,9.89
2026-08-20,6025,日本ＰＣサービス,名N,--,-- (--%) ,4.68,58.14,8.2,0.00,30.53,12.0,(連),0.00,,,,,
2026-08-20,6027,弁護士ドットコム,東P,"4,320",-100.0 (-2.26%) ,13.7,64.79,24.2,0.00,56.37,53.17,(連),0.00,90.20,1.36,-13.02,-21.52,20.98
2026-08-20,6029,アトラグループ,東S,192,+3.0 (+1.59%) ,,,,,,,,,,,,,
2026-08-20,602A,レックスアドバイザーズ,東PRO,--,-- (--%) ,,,,,,,,,,,,,
2026-08-20,6030,アドベンチャー,東G,"1,497",+8.0 (+0.54%) ,,,,,,,,,,,,,
2026-08-20,6031,ＺＥＴＡ,東G,260,+11.0 (+4.42%) ,5.77,23.19,26.5,0.00,379.55,30.66,(連),1.69,,,,,
2026-08-20,6033,エクストリーム,東G,"1,674",+81.0 (+5.08%) ,,,,,,,,,,,,,
2026-08-20,6034,ＭＲＴ,東G,640,-1.0 (-0.16%) ,0.76,64.58,1.2,0.00,132.70,71.71,(連),0.00,,,,,
2026-08-20,6035,アイ・アールジャパンＨＬＤＧ,東S,740,+1.0 (+0.14%) ,,,,,,,,,,,,,
2026-08-20,6036,ＫｅｅＰｅｒ技研,東P,"3,230",+85.0 (+2.70%) ,4.89,18.03,30.1,0.00,17.38,72.67,(単),1.86,340.20,0.11,0.00,-17.06,11.69
2026-08-20,6037,楽待,東S,"1,046",+34.0 (+3.36%) ,3.97,18.65,21.4,0.00,48.09,86.62,(単),0.96,,,,,
2026-08-20,6038,イード,東G,832,+7.0 (+0.85%) ,,,,,,,,,,,,,
2026-08-20,6039,日本動物高度医療センター,東G,"1,060",+40.0 (+3.92%) ,,,,,,,,,75.00,0.87,-5.00,33.00,13.68
2026-08-20,603A,アイ・グリッド・ソリューション,東G,785,+25.0 (+3.29%) ,,,,,,,,,,,,,
2026-08-20,6040,日本スキー場開発,東G,460,+2.0 (+0.44%) ,2.56,13.26,21.3,0.00,43.89,61.19,(連),0.76,,,,,
2026-08-20,6042,ニッキ,東S,"4,060",+5.0 (+0.12%) ,0.54,7.93,7.1,60.27,81.36,57.31,(連),2.96,,,,,
2026-08-20,6044,三機サービス,東S,"1,919",+19.0 (+1.00%) ,,,,,,,,,,,,,
2026-08-20,6045,レントラックス,東G,"2,000",+35.0 (+1.78%) ,2.66,6.11,54.2,37.14,-7.82,36.06,(連),1.20,,,,,
2026-08-20,6046,リンクバル,東S,142,-2.0 (-1.39%) ,,,,,,,,,,,,,
2026-08-20,6047,Ｇｕｎｏｓｙ,東S,408,+8.0 (+2.00%) ,,,,,,,,,5.90,-0.05,0.00,-64.29,2.85
2026-08-20,6049,イトクロ,東G,246,+3.0 (+1.23%) ,0.54,29.43,1.9,0.00,349.66,91.92,(単),0.00,,,,,
2026-08-20,604A,ビーエイブル,東S,"1,039",+100.0 (+10.65%) ,,,,,,,,,,,,,
2026-08-20,6050,イー・ガーディアン,東P,"1,769",+11.0 (+0.63%) ,1.7,21.70,8.0,12.05,-10.42,87.8,(連),1.98,69.00,-1.67,-7.41,-37.50,-0.40
2026-08-20,6054,リブセンス,東S,112,0.0 (0.00%) ,,,,,,,,,,,,,
2026-08-20,6055,ジャパンマテリアル,東P,"2,083",+5.0 (+0.24%) ,3.42,20.21,18.1,15.90,33.36,83.11,(連),1.54,110.07,2.79,1.66,8.79,9.51
2026-08-20,6058,ベクトル,東P,"1,881",+76.0 (+4.21%) ,4.11,17.27,26.8,0.00,19.45,44.69,(連),1.75,132.45,0.66,1.14,12.83,9.13
2026-08-20,6059,ウチヤマＨＬＤＧ,東S,358,+1.0 (+0.28%) ,0.48,23.46,2.1,0.00,50.62,46.84,(連),2.79,,,,,
2026-08-20,605A,ＮＦ　日本株政策フォーカス,東ETF,198,-0.6 (-0.30%) ,,,,,,,,,,,,,
2026-08-20,6061,ユニバーサル園芸社,東S,"3,055",+40.0 (+1.33%) ,,,,,,,,,,,,,
2026-08-20,6062,チャーム・ケア,東P,"1,412",+24.0 (+1.73%) ,,,,,,,,,,,,,
2026-08-20,6063,日本エマージェンシーアシスタン,東S,"1,010",+10.0 (+1.00%) ,1.35,24.98,5.6,0.00,63.49,48.72,(連),0.89,,,,,
2026-08-20,6069,トレンダーズ,東G,691,+22.0 (+3.29%) ,,,,,,,,,64.40,0.08,-47.44,-48.75,23.87
2026-08-20,606A,金２倍ブルＥＴＦ,東ETF,"23,445","+1,625.0 (+7.45%) ",,,,,,,,,,,,,
2026-08-20,6070,キャリアリンク,東P,"2,625",-10.0 (-0.38%) ,1.95,12.04,16.9,0.00,45.00,70.9,(連),4.57,,,,,
2026-08-20,6071,ＩＢＪ,東P,948,+24.0 (+2.60%) ,3.51,17.27,22.4,0.00,35.53,31.3,(連),1.05,71.85,0.43,7.46,11.23,27.46
2026-08-20,6072,地盤ネットＨＬＤＧ,東S,"1,106",+58.0 (+5.53%) ,17.3,125.40,15.0,0.00,-59.09,69.87,(連),0.00,,,,,
2026-08-20,6073,アサンテ,東P,"1,515",+12.0 (+0.80%) ,1.54,53.93,2.8,0.00,-27.91,68.63,(連),4.09,,,,,
2026-08-20,6074,ジェイエスエス,東S,519,0.0 (0.00%) ,,,,,,,,,,,,,
2026-08-20,6078,バリューＨＲ,東P,"1,592",+27.0 (+1.73%) ,6.16,67.63,9.3,0.00,-18.97,37.73,(連),1.63,,,,,
2026-08-20,607A,エブリー,東G,214,+3.0 (+1.42%) ,,,,,,,,,,,,,
2026-08-20,6080,Ｍ＆Ａキャピタルパートナーズ,東P,"4,160",+160.0 (+4.00%) ,3.05,26.06,12.2,0.00,11.25,77.6,(連),1.25,232.24,0.39,-1.08,-2.00,18.48
2026-08-20,6081,アライドアーキテクツ,東G,160,+2.0 (+1.27%) ,,,,,,,,,,,,,
2026-08-20,6082,ライドオンエクスプレスＨＬＤＧ,東S,"1,021",0.0 (0.00%) ,1.13,14.28,8.3,0.00,77.12,58.11,(連),1.47,,,,,
2026-08-20,6083,ＥＲＩ　ＨＬＤＧ,東S,"1,675",-4.0 (-0.24%) ,,,,,,,,,,,,,
2026-08-20,6085,アーキテクツ・スタジオ・ジャパ,東G,100,+14.0 (+16.28%) ,,,,,,,,,,,,,
2026-08-20,6086,シンメンテＨＬＤＧ,東G,"1,040",+11.0 (+1.07%) ,4.24,15.88,30.3,0.00,21.45,41.82,(連),1.92,74.20,1.06,2.50,7.89,14.15
2026-08-20,6087,アビスト,東S,"3,525",+5.0 (+0.14%) ,1.89,21.59,9.1,0.00,7.96,75.8,(単),2.89,,,,,
2026-08-20,6088,シグマクシス・ＨＬＤＧ,東P,562,+15.0 (+2.74%) ,3.21,11.79,27.8,0.00,8.08,83.55,(連),4.63,54.60,0.71,-0.51,-21.13,-2.06
2026-08-20,6089,ウィルグループ,東P,"1,176",+14.0 (+1.20%) ,1.33,11.64,12.3,39.84,44.19,35.79,(連),3.74,,,,,
2026-08-20,608A,上場東証ＲＥＩＴ高利回り３０,東ETF,"1,485",+5.0 (+0.34%) ,,,,,,,,,,,,,
2026-08-20,6090,ヒューマン・メタボローム・テク,東S,600,+8.0 (+1.35%) ,,,,,,,,,,,,,
2026-08-20,6091,ウエスコＨＬＤＧ,東S,910,+3.0 (+0.33%) ,0.76,16.24,4.8,0.00,-1.06,76.52,(連),2.64,,,,,
2026-08-20,6092,エンバイオＨＬＤＧ,東S,868,+4.0 (+0.46%) ,0.76,26.52,2.9,0.00,127.64,40.48,(連),1.04,,,,,
2026-08-20,6093,ミトラグループ,東S,165,+2.0 (+1.23%) ,2.05,37.93,5.4,0.00,-34.98,73.37,(連),3.64,,,,,
2026-08-20,6094,フリークアウトＨＬＤＧ,東G,578,+20.0 (+3.58%) ,0.92,36.47,2.4,57.15,54.10,26.1,(連),0.00,,,,,
2026-08-20,6098,リクルートＨＬＤＧ,東P,"16,145",+405.0 (+2.57%) ,14.24,46.16,31.0,53.08,22.29,56.77,(連),0.15,507.68,0.70,0.97,35.58,7.94
2026-08-20,6099,エラン,東P,771,+17.0 (+2.25%) ,3.23,16.85,20.5,0.00,18.06,54.93,(連),1.95,52.90,0.94,0.60,-7.41,12.93
2026-08-20,609A,グローバルＸ　総合商社＆資源,東ETF,"1,054",+19.0 (+1.84%) ,,,,,,,,,,,,,
2026-08-20,6101,ツガミ,東P,"5,590",+100.0 (+1.82%) ,3.25,15.48,23.4,94.86,50.23,52.0,(連),1.52,,,,,
2026-08-20,6103,オークマ,東P,"4,980",+30.0 (+0.61%) ,1.2,23.94,5.3,73.25,5.49,71.98,(連),2.01,292.88,0.42,6.51,-3.96,11.39
2026-08-20,6104,芝浦機械,東P,"4,290",+205.0 (+5.02%) ,0.86,98.60,0.9,69.74,-64.49,67.54,(連),3.26,128.95,0.17,-13.64,-44.12,-11.58
2026-08-20,610A,グローバルＸ　宇宙テック１０,東ETF,"1,128",+4.0 (+0.36%) ,,,,,,,,,,,,,
2026-08-20,6111,旭精機工業,名M,"2,017",+10.0 (+0.50%) ,0.33,5.98,5.7,20.38,605.71,59.1,(単),2.97,,,,,
2026-08-20,6113,アマダ,東P,"2,625",+74.0 (+2.90%) ,1.52,27.15,5.8,64.31,-7.02,69.35,(連),2.36,126.52,0.67,1.91,7.74,10.80
2026-08-20,6118,アイダエンジニアリング,東P,"1,268",+6.0 (+0.48%) ,0.8,16.35,5.0,70.83,3.17,69.02,(連),3.08,,,,,
2026-08-20,611A,Ｏｎｅ　ＥＴＦ　Ｊ２７−３０年,東ETF,996,+9.0 (+0.91%) ,,,,,,,,,,,,,
2026-08-20,6125,岡本工作機械製作所,東S,"4,880",+110.0 (+2.31%) ,0.76,26.14,3.0,50.79,-47.36,63.47,(連),3.28,,,,,
2026-08-20,612A,Ｏｎｅ　ＥＴＦ　ＪＧＢ逆連動,東ETF,--,-- (--%) ,,,,,,,,,,,,,
2026-08-20,6134,ＦＵＪＩ,東P,"7,325",-48.0 (-0.65%) ,2.77,40.97,7.0,90.77,104.14,83.46,(連),1.23,423.09,0.13,7.77,140.85,35.69
2026-08-20,6135,牧野フライス製作所,東P,"15,210",+40.0 (+0.26%) ,1.36,16.95,8.6,86.84,35.88,61.71,(連),1.78,"1,163.96",0.44,8.31,26.68,12.27
2026-08-20,6136,オーエスジー,東P,"3,674",+42.0 (+1.16%) ,1.67,21.35,8.3,68.32,12.76,67.54,(連),2.40,221.10,0.58,6.26,28.12,7.79
2026-08-20,6137,小池酸素工業,東S,"1,462",+16.0 (+1.11%) ,0.66,8.91,7.7,23.73,-11.40,59.33,(連),3.42,,,,,
2026-08-20,6138,ダイジェット工業,東S,"2,013",+37.0 (+1.87%) ,0.63,7.63,9.0,57.15,252.31,54.96,(連),2.73,,,,,
2026-08-20,613A,ｉＦ　ドイツ０−３カ月短期国債,東ETF,"1,984",+7.0 (+0.35%) ,,,,,,,,,,,,,
2026-08-20,6140,旭ダイヤモンド工業,東P,"1,183",+4.0 (+0.34%) ,0.92,28.91,3.2,53.52,8.99,78.54,(連),2.54,56.79,0.54,-4.05,11.94,3.53
2026-08-20,6141,ＤＭＧ森精機,東P,"3,031",+23.0 (+0.76%) ,1.24,19.48,7.3,84.79,-70.57,39.18,(連),3.46,106.91,-0.91,-2.56,-45.23,1.69
2026-08-20,6142,富士精工,名M,"1,735",+1.0 (+0.06%) ,0.27,8.29,3.5,58.44,345.37,73.41,(連),0.86,,,,,
2026-08-20,6143,ソディック,東P,"1,725",+9.0 (+0.52%) ,0.97,19.34,5.2,71.26,44.22,58.13,(連),1.68,107.81,0.77,5.03,24.16,11.06
2026-08-20,6144,西部電機,東S,--,-- (--%) ,1.33,12.81,10.9,29.74,31.21,67.8,(連),2.81,,,,,
2026-08-20,6145,ＮＩＴＴＯＫＵ,東S,"2,356",+40.0 (+1.73%) ,0.99,11.56,9.0,80.30,348.33,63.96,(連),3.48,194.84,-2.74,0.68,32.43,13.69
2026-08-20,6146,ディスコ,東P,"60,320",+560.0 (+0.94%) ,11.13,48.26,25.1,89.56,9.47,78.9,(連),0.84,"1,676.99",1.05,-0.42,25.29,18.75
2026-08-20,6147,ヤマザキ,東S,195,0.0 (0.00%) ,,,,,,,,,,,,,
2026-08-20,6149,小田原エンジニアリング,東S,"2,236",-11.0 (-0.49%) ,0.69,5.52,13.2,69.43,145.98,74.54,(連),3.13,,,,,
2026-08-20,614A,山八商事,東PRO,--,-- (--%) ,,,,,,,,,,,,,
2026-08-20,6150,タケダ機械,東S,"2,800",0.0 (0.00%) ,,,,,,,,,,,,,
2026-08-20,6151,日東工器,東P,"1,746",+16.0 (+0.92%) ,0.54,15.24,3.6,35.36,-41.59,88.73,(連),2.29,,,,,
2026-08-20,6155,高松機械工業,東S,549,+7.0 (+1.29%) ,,,,,,,,,,,,,
2026-08-20,6156,エーワン精密,東S,"1,883",-1.0 (-0.05%) ,,,,,,,,,,,,,
2026-08-20,6157,日進工具,東S,857,+8.0 (+0.94%) ,1.13,14.68,8.0,29.27,13.04,90.11,(連),3.50,,,,,
2026-08-20,6158,和井田製作所,東S,990,-9.0 (-0.90%) ,0.61,23.38,2.6,56.50,-51.63,84.3,(連),3.43,,,,,
2026-08-20,6159,ミクロン精密,東S,"1,928",+28.0 (+1.47%) ,0.67,11.86,5.9,74.19,46.66,87.38,(連),1.04,,,,,
2026-08-20,615A,インターパーク,東,--,-- (--%) ,,,,,,,,,,,,,
2026-08-20,6161,エスティック,東S,"1,071",+11.0 (+1.04%) ,0.95,9.18,10.7,67.63,-3.71,87.97,(連),2.71,,,,,
2026-08-20,6165,パンチ工業,東S,525,+12.0 (+2.34%) ,0.63,16.97,3.8,73.83,36.45,67.27,(連),3.73,,,,,
2026-08-20,6166,中村超硬,東G,631,+17.0 (+2.77%) ,6.33,25.17,29.0,49.66,-552.38,63.88,(連),0.79,,,,,
2026-08-20,6167,冨士ダイス,東P,"1,070",+22.0 (+2.10%) ,1.02,36.86,2.8,22.68,46.43,79.6,(連),3.74,,,,,
2026-08-20,6168,ＯＮＥ　ＧＲＯＵＰ,東PRO,--,-- (--%) ,0.2,2.04,10.2,0.00,176.22,20.5,(連),0.00,,,,,
2026-08-20,616A,数理技研,東,--,-- (--%) ,,,,,,,,,,,,,
2026-08-20,6171,土木管理総合試験所,東S,372,0.0 (0.00%) ,1.02,10.95,9.6,0.00,16.47,70.37,(連),3.23,,,,,
2026-08-20,6174,デンタス,東PRO,--,-- (--%) ,45.14,25.82,403.2,0.00,122.22,4.05,(連),0.00,,,,,
2026-08-20,6176,ブランジスタ,東S,986,+9.0 (+0.92%) ,2.12,19.80,13.8,0.00,18.64,67.91,(連),1.01,138.20,0.04,-9.38,-9.38,9.67
2026-08-20,6177,ＡｐｐＢａｎｋ,東G,82,+4.0 (+5.13%) ,,,,,,,,,,,,,
2026-08-20,6178,日本郵政,東P,"2,314",+7.0 (+0.30%) ,0.67,17.92,4.0,0.00,31.96,3.35,(連),2.16,146.36,1.19,0.55,16.98,1.03
2026-08-20,617A,,東,--,-- (--%) ,,,,,,,,,,,,,
2026-08-20,6180,ＧＭＯメディア,東G,"3,795",-10.0 (-0.26%) ,2.18,10.53,21.8,22.84,18.05,49.62,(連),6.35,,,,,
2026-08-20,6181,タメニー,東G,82,+3.0 (+3.80%) ,,,,,,,,,,,,,
2026-08-20,6182,メタリアル,東G,475,+13.0 (+2.81%) ,2.58,107.22,2.4,0.00,62.50,42.92,(連),0.00,,,,,
2026-08-20,6183,ベルシステム２４ＨＬＤＧ,東P,"1,391",-8.0 (-0.57%) ,1.4,12.62,11.4,0.00,9.42,43.53,(連),4.31,118.57,1.55,0.50,-2.90,3.28
2026-08-20,6184,鎌倉新書,東P,602,+12.0 (+2.03%) ,3.95,29.38,15.7,0.00,28.45,75.12,(連),3.32,26.70,0.74,-0.29,-22.95,19.30
2026-08-20,6185,ＳＭＮ,東S,366,+2.0 (+0.55%) ,1.21,12.30,10.4,0.00,227.27,67.31,(連),0.00,,,,,
2026-08-20,6186,一蔵,東S,382,+2.0 (+0.53%) ,,,,,,,,,,,,,
2026-08-20,6189,グローバルキッズＣＯＭＰＡＮＹ,東S,"1,036",-5.0 (-0.48%) ,1.28,135.42,0.9,0.00,-1.46,38.44,(連),3.86,,,,,
2026-08-20,618A,ＫＯＭＰＥＩＴＯ,東,--,-- (--%) ,,,,,,,,,,,,,
2026-08-20,6190,フェニックスバイオ,東G,348,+7.0 (+2.05%) ,0.91,11.30,8.7,72.94,186.75,70.14,(連),0.00,,,,,
2026-08-20,6191,エアトリ,東P,839,+19.0 (+2.32%) ,1.23,10.56,12.3,0.32,58.59,47.44,(連),1.19,45.30,-0.43,-6.14,-15.95,12.70
2026-08-20,6193,バーチャレクスＨＬＤＧ,東G,"1,115",0.0 (0.00%) ,,,,,,,,,,,,,
2026-08-20,6194,アトラエ,東P,910,+2.0 (+0.22%) ,4.0,18.44,26.0,0.00,17.43,60.28,(単),3.41,33.70,-0.85,8.91,-47.62,-0.05
2026-08-20,6195,ホープ,東G,202,0.0 (0.00%) ,2.63,11.19,24.0,0.00,17.29,40.13,(連),0.00,,,,,
2026-08-20,6196,ストライクグループ,東P,"1,353",+47.0 (+3.60%) ,3.63,16.51,23.6,0.00,-6.36,86.72,(単),4.43,88.30,1.97,-1.00,-19.85,12.90
2026-08-20,6198,キャリア,東G,204,0.0 (0.00%) ,,,,,,,,,,,,,
2026-08-20,6199,セラク,東S,"1,385",+14.0 (+1.02%) ,2.06,10.89,20.6,0.00,12.17,66.57,(連),0.95,139.25,1.05,-1.77,-13.53,9.16
2026-08-20,619A,オリバー,東,--,-- (--%) ,,,,,,,,,,,,,
2026-08-20,6200,インソース,東P,742,+19.0 (+2.63%) ,4.99,15.08,36.8,0.00,21.40,77.32,(連),3.37,53.90,1.44,0.27,-7.42,13.96
2026-08-20,6203,豊和工業,東S,"1,478",+30.0 (+2.07%) ,0.85,24.07,3.7,13.12,-2.19,58.69,(連),1.35,99.40,0.24,-10.00,-21.74,-2.71
2026-08-20,6208,石川製作所,東S,"1,628",+14.0 (+0.87%) ,1.66,16.04,11.1,0.00,83.59,22.67,(連),1.23,,,,,
2026-08-20,6209,リケンＮＰＲ,東P,"4,020",+75.0 (+1.90%) ,0.67,7.71,9.2,49.03,18.17,70.01,(連),5.22,,,,,
2026-08-20,6217,津田駒工業,東S,841,+11.0 (+1.33%) ,,,,,,,,,,,,,
2026-08-20,6218,エンシュウ,東S,632,-6.0 (-0.94%) ,0.37,16.84,2.3,25.23,125.66,35.47,(連),1.58,,,,,
2026-08-20,621A,オーディオストック,東,--,-- (--%) ,,,,,,,,,,,,,
2026-08-20,6222,島精機製作所,東P,974,+37.0 (+3.95%) ,0.4,38.60,1.1,81.62,102.51,75.17,(連),2.05,17.70,-1.84,-33.33,-52.94,9.51
2026-08-20,6223,西部技研,東S,"1,917",+19.0 (+1.00%) ,1.19,11.11,11.1,54.43,7.26,66.59,(連),3.65,200.70,0.58,5.51,11.79,5.66
2026-08-20,6224,ＪＲＣ,東G,"1,129",+39.0 (+3.58%) ,2.5,10.11,27.2,0.00,35.32,43.86,(連),2.92,,,,,
2026-08-20,6225,エコム,名M,--,-- (--%) ,1.13,14.11,8.3,0.00,24.09,80.96,(単),1.58,,,,,
2026-08-20,6226,守谷輸送機工業,東S,"2,390",+55.0 (+2.36%) ,5.67,20.35,31.4,0.00,45.95,71.37,(単),1.23,132.73,1.39,1.83,31.38,16.20
2026-08-20,6227,ＡＩメカテック,東S,"6,060",+210.0 (+3.59%) ,,,,,,,,,252.95,0.72,0.00,130.00,32.27
2026-08-20,6228,ジェイ・イー・ティ,東S,495,+7.0 (+1.43%) ,,,,,,,,,,,,,
2026-08-20,6229,オーケーエム,東S,"1,506",+10.0 (+0.67%) ,0.61,8.44,7.6,17.97,73.92,80.95,(連),3.65,,,,,
2026-08-20,622A,テクノクラフト,東,--,-- (--%) ,,,,,,,,,,,,,
2026-08-20,6230,ＳＡＮＥＩ,東S,"2,130",0.0 (0.00%) ,0.64,7.99,8.3,0.00,-2.12,63.02,(連),3.24,,,,,
2026-08-20,6231,木村工機,東S,"12,900",+170.0 (+1.34%) ,,,,,,,,,"1,106.00",0.58,0.00,6.00,12.21
2026-08-20,6232,ＡＣＳＬ,東G,"1,700",+44.0 (+2.66%) ,,,,,,,,,,,,,
2026-08-20,6233,ＫＬＡＳＳ,東S,393,+2.0 (+0.51%) ,0.67,12.24,5.8,0.00,123.21,31.35,(連),2.54,,,,,
2026-08-20,6235,オプトラン,東P,"2,810",+1.0 (+0.04%) ,1.95,38.34,5.1,96.75,-60.90,66.61,(連),1.92,139.95,0.22,-3.12,-13.89,8.29
2026-08-20,6237,イワキポンプ,東P,"4,525",+245.0 (+5.72%) ,2.43,20.74,12.2,52.68,3.18,74.05,(連),1.70,,,,,
2026-08-20,6238,フリュー,東P,"1,424",+54.0 (+3.94%) ,1.6,18.30,8.9,12.46,44.82,77.89,(連),2.81,103.87,0.41,6.44,38.65,4.47
2026-08-20,6239,ナガオカ,東S,"1,400",-15.0 (-1.06%) ,,,,,,,,,,,,,
2026-08-20,623A,ベルテックス,東,--,-- (--%) ,,,,,,,,,,,,,
2026-08-20,6240,ヤマシンフィルタ,東P,543,+20.0 (+3.82%) ,1.66,22.06,7.6,55.52,-5.02,81.33,(連),3.31,29.40,0.95,-1.68,-16.43,6.84
2026-08-20,6245,ヒラノテクシード,東S,"1,749",+29.0 (+1.69%) ,0.67,20.15,3.4,72.58,-9.93,68.18,(連),4.80,72.70,-1.48,-5.88,14.29,-28.10
2026-08-20,6246,テクノスマート,東S,"1,812",+6.0 (+0.33%) ,1.0,11.59,8.9,77.17,-16.51,68.08,(単),4.97,,,,,
2026-08-20,6247,日阪製作所,東P,"1,700",+22.0 (+1.31%) ,0.71,13.06,5.6,21.18,6.75,75.88,(連),3.24,,,,,
2026-08-20,6248,横田製作所,東S,--,-- (--%) ,1.04,9.56,11.2,0.00,3.04,84.45,(単),3.44,,,,,
2026-08-20,6249,ゲームカードＨＬＤＧ,東S,"2,750",+36.0 (+1.33%) ,0.64,11.82,5.5,0.00,-45.86,91.05,(連),3.64,,,,,
2026-08-20,6250,やまびこ,東P,"4,055",+20.0 (+0.50%) ,1.38,11.49,12.7,74.56,-6.52,70.79,(連),2.22,,,,,
2026-08-20,6254,野村マイクロ・サイエンス,東P,"3,590",+90.0 (+2.57%) ,3.45,35.77,10.1,58.57,-57.99,35.64,(連),2.26,284.70,0.07,19.84,21.77,-1.50
2026-08-20,6255,エヌ・ピー・シー,東G,699,+17.0 (+2.49%) ,1.4,11.39,12.9,87.66,-20.77,83.92,(連),1.43,28.60,-0.46,12.50,-52.63,-13.39
2026-08-20,6257,藤商事,東S,"1,006",+3.0 (+0.30%) ,,,,,,,,,,,,,
2026-08-20,6258,平田機工,東P,"3,425",0.0 (0.00%) ,1.37,17.25,8.4,53.10,21.57,58.4,(連),2.04,218.20,1.59,-0.45,0.27,5.62
2026-08-20,625A,Ｓｋｙｆａｌｌ,東,--,-- (--%) ,,,,,,,,,,,,,
2026-08-20,6262,ＰＥＧＡＳＵＳ,東S,535,+2.0 (+0.38%) ,0.39,40.47,1.0,92.88,-29.00,72.54,(連),5.61,12.50,-7.86,-41.67,-77.42,0.59
2026-08-20,6264,マルマエ,東P,"2,084",+59.0 (+2.91%) ,6.47,38.91,17.8,0.00,"4,509.52",32.06,(連),0.96,,,,,
2026-08-20,6265,コンバム,東S,"3,275",+120.0 (+3.80%) ,0.83,20.20,4.2,36.68,-4.39,93.62,(連),1.53,,,,,
2026-08-20,6266,タツモ,東P,"3,620",0.0 (0.00%) ,1.97,14.82,14.0,63.51,-16.49,56.6,(連),0.94,189.20,-0.85,-2.37,-35.62,0.05
2026-08-20,6267,ゼネラルパッカー,東S,"3,990",+80.0 (+2.05%) ,0.94,8.79,11.1,23.76,4.71,68.12,(連),2.76,,,,,
2026-08-20,6268,ナブテスコ,東P,"4,615",+103.0 (+2.28%) ,1.99,35.08,5.8,49.58,37.52,58.61,(連),1.73,193.58,0.51,1.59,41.13,2.52
2026-08-20,6269,三井海洋開発,東P,"10,030",+213.0 (+2.17%) ,,,,,,,,,900.32,0.00,2.68,45.13,"1,227.44"
2026-08-20,626A,ｉＦ　ゴールドプラスインカム,東,--,-- (--%) ,,,,,,,,,,,,,
2026-08-20,6272,レオン自動機,東P,"1,541",+21.0 (+1.38%) ,0.97,10.65,9.5,71.58,3.19,79.09,(連),3.76,137.00,-2.13,0.00,0.88,3.98
2026-08-20,6273,ＳＭＣ,東P,"70,690",-220.0 (-0.31%) ,2.11,26.78,8.3,79.07,12.23,91.49,(連),1.41,"3,099.00",1.31,1.12,13.19,13.74
2026-08-20,6276,シリウスビジョン,東S,405,+5.0 (+1.25%) ,,,,,,,,,,,,,
2026-08-20,6277,ホソカワミクロン,東P,"5,130",+120.0 (+2.40%) ,1.12,16.76,7.0,81.30,-16.51,65.39,(連),2.34,,,,,
2026-08-20,6278,ユニオンツール,東P,"14,900",+70.0 (+0.47%) ,3.24,42.11,8.0,74.57,14.08,90.7,(連),0.87,617.35,0.32,9.26,56.91,28.09
2026-08-20,6279,瑞光,東P,928,+11.0 (+1.20%) ,0.68,12.45,5.6,72.50,334.90,69.09,(連),1.29,,,,,
2026-08-20,627A,ａｋｉｐｐａ,東,--,-- (--%) ,,,,,,,,,,,,,
2026-08-20,6282,オイレス工業,東P,"2,881",+18.0 (+0.63%) ,1.05,16.77,6.4,39.02,-1.92,80.55,(連),2.95,,,,,
2026-08-20,6284,日精エー・エス・ビー機械,東P,"8,830",+200.0 (+2.32%) ,2.25,17.10,13.9,68.31,36.26,75.13,(連),2.27,628.37,0.65,0.73,20.00,17.79
2026-08-20,6286,靜甲,東S,"1,455",+24.0 (+1.68%) ,0.54,7.63,7.4,0.00,3.36,58.7,(連),1.79,,,,,
2026-08-20,6287,サトー,東P,"2,772",+16.0 (+0.58%) ,1.05,17.69,6.3,47.97,-11.33,58.65,(連),2.74,230.45,0.26,-1.51,-17.38,4.51
2026-08-20,6289,技研製作所,東P,"1,959",+22.0 (+1.14%) ,1.29,35.15,3.7,19.04,-23.73,84.21,(連),2.76,91.70,0.33,6.78,21.15,-2.00
2026-08-20,6291,日本エアーテック,東S,"1,358",+3.0 (+0.22%) ,0.92,12.13,7.8,0.00,5.04,74.32,(単),4.05,,,,,
2026-08-20,6292,カワタ,東S,858,-2.0 (-0.23%) ,0.46,162.19,0.3,70.03,-44.63,54.67,(連),4.43,,,,,
2026-08-20,6294,オカダアイヨン,東P,"1,936",+18.0 (+0.94%) ,0.86,10.45,8.5,23.44,4.69,45.2,(連),3.87,223.40,0.42,-5.45,-10.34,4.81
2026-08-20,6298,ワイエイシイＨＬＤＧ,東P,"1,350",+70.0 (+5.47%) ,,,,,,,,,,,,,
2026-08-20,6301,小松製作所,東P,"7,049",+242.0 (+3.56%) ,1.81,17.03,11.3,89.73,-11.17,54.65,(連),2.70,432.69,3.59,1.55,-3.89,2.71
2026-08-20,6302,住友重機械工業,東P,"5,683",+236.0 (+4.33%) ,1.0,22.08,4.7,59.75,-3.81,51.62,(連),2.20,293.40,1.39,0.97,-2.28,1.35
2026-08-20,6305,日立建機,東P,"5,636",+216.0 (+3.99%) ,1.33,16.38,8.6,84.06,-7.41,48.47,(連),3.11,413.83,0.67,-0.05,9.81,2.91
2026-08-20,6306,日工,東P,"1,038",+20.0 (+1.96%) ,1.07,15.76,7.1,9.02,11.53,58.03,(連),3.85,,,,,
2026-08-20,6307,サンセイ,東S,475,+9.0 (+1.93%) ,0.69,4.80,15.4,0.00,129.23,71.73,(連),6.32,,,,,
2026-08-20,6309,巴工業,東P,"1,999",+42.0 (+2.15%) ,1.4,15.54,9.4,14.70,13.11,75.79,(連),3.02,146.30,1.00,1.72,-4.84,10.21
2026-08-20,630A,,東,--,-- (--%) ,,,,,,,,,,,,,
2026-08-20,6310,井関農機,東P,"1,844",+107.0 (+6.16%) ,0.57,15.13,3.9,30.32,161.19,35.23,(連),2.17,,,,,
2026-08-20,6315,ＴＯＷＡ,東P,"2,308",+50.0 (+2.21%) ,2.45,37.70,7.0,87.28,-26.10,66.45,(連),0.87,116.03,0.22,2.02,6.01,12.86
2026-08-20,6316,丸山製作所,東S,"2,844",+42.0 (+1.50%) ,0.55,15.43,3.7,22.45,5.77,52.67,(連),2.81,,,,,
2026-08-20,6317,北川鉄工所,東S,"1,870",+33.0 (+1.80%) ,0.38,5.53,7.1,18.57,9.94,54.12,(連),5.45,,,,,
2026-08-20,6322,タクミナ,東S,"1,590",+19.0 (+1.21%) ,0.96,8.91,11.4,12.36,3.47,78.29,(連),3.40,,,,,
2026-08-20,6323,ローツェ,東P,"3,893",-24.0 (-0.61%) ,5.18,35.61,15.4,92.27,-7.99,66.0,(連),0.44,173.10,0.39,2.19,18.72,16.13
2026-08-20,6324,ハーモニック・ドライブ・システ,東P,"5,830",+160.0 (+2.82%) ,6.87,343.14,2.0,59.05,"1,581.46",72.16,(連),0.34,62.84,0.34,0.74,12.22,15.07
2026-08-20,6325,タカキタ,東S,412,+4.0 (+0.98%) ,0.56,22.62,2.5,3.19,-5.76,84.23,(単),2.43,,,,,
2026-08-20,6326,クボタ,東P,"2,649",+151.0 (+6.04%) ,1.15,16.21,7.3,77.30,-15.85,42.27,(連),1.89,224.66,0.31,1.51,40.36,3.88
2026-08-20,6327,北川精機,東S,"3,470",+160.0 (+4.83%) ,,,,,,,,,128.60,0.68,0.00,36.36,26.72
2026-08-20,6328,荏原実業,東P,"2,414",+87.0 (+3.74%) ,2.06,13.10,17.1,0.00,42.16,57.75,(連),2.49,,,,,
2026-08-20,6330,東洋エンジニアリング,東P,"2,408",+143.0 (+6.31%) ,,,,,,,,,134.80,-0.12,45.21,21.84,-17.41
2026-08-20,6331,三菱化工機,東P,"3,220",+115.0 (+3.70%) ,1.63,9.72,18.2,38.28,68.18,57.54,(連),3.57,,,,,
2026-08-20,6332,月島ＨＬＤＧ,東P,"2,736",+90.0 (+3.40%) ,1.1,6.63,17.7,7.40,7.15,48.36,(連),3.11,205.45,-0.27,-1.19,0.40,5.73
2026-08-20,6333,ＴＥＩＫＯＫＵ,東P,"3,370",+10.0 (+0.30%) ,,,,,,,,,241.40,-1.53,0.00,-21.54,0.74
2026-08-20,6334,明治機械,東S,498,-8.0 (-1.58%) ,,,,,,,,,,,,,
2026-08-20,6335,東京機械製作所,東S,588,+23.0 (+4.07%) ,0.51,4.49,12.0,0.68,3.46,58.43,(連),0.00,,,,,
2026-08-20,6336,石井表記,東S,"1,675",+19.0 (+1.15%) ,1.26,15.14,8.7,73.42,6.76,66.87,(連),1.67,,,,,
2026-08-20,6337,テセック,東S,"3,085",-35.0 (-1.12%) ,1.13,35.67,3.3,88.48,-16.32,89.32,(連),3.24,224.60,0.09,123.08,141.67,12.07
2026-08-20,6338,タカトリ,東S,"1,688",+18.0 (+1.08%) ,0.9,15.75,5.8,54.13,-69.14,64.52,(連),2.37,,,,,
2026-08-20,6339,新東工業,東P,"1,229",+22.0 (+1.82%) ,,,,,,,,,,,,,
2026-08-20,6340,澁谷工業,東P,"5,240",+170.0 (+3.35%) ,1.34,14.42,9.6,41.38,1.58,67.69,(連),1.81,325.30,-1.54,0.00,-17.91,-7.70
2026-08-20,6342,太平製作所,東S,"3,000",+29.0 (+0.98%) ,0.54,8.88,6.2,15.33,-36.99,75.77,(連),2.67,,,,,
2026-08-20,6343,フリージア・マクロス,東S,152,+3.0 (+2.01%) ,0.4,3.97,11.7,0.00,12.20,43.0,(連),0.39,,,,,
2026-08-20,6345,アイチ,東P,"1,410",+20.0 (+1.44%) ,,,,,,,,,103.80,4.46,-11.70,-8.79,1.83
2026-08-20,6346,キクカワエンタープライズ,東S,--,-- (--%) ,0.55,21.75,2.5,20.05,-56.72,87.16,(単),1.71,,,,,
2026-08-20,6347,プラコー,東S,256,+6.0 (+2.40%) ,1.47,29.36,5.1,8.29,197.12,53.34,(連),2.34,,,,,
2026-08-20,6349,小森コーポレーション,東P,"1,985",+51.0 (+2.64%) ,0.86,14.29,6.2,72.76,40.71,68.98,(連),3.53,,,,,
2026-08-20,6351,鶴見製作所,東P,"2,337",+45.0 (+1.96%) ,,,,,,,,,,,,,
2026-08-20,6356,日本ギア工業,東S,"1,310",-12.0 (-0.91%) ,1.29,10.65,13.0,0.00,16.50,84.19,(単),0.76,,,,,
2026-08-20,6357,三精テクノロジーズ,東S,"2,561",+36.0 (+1.43%) ,0.91,9.15,10.6,55.73,28.32,52.74,(連),3.51,,,,,
2026-08-20,6358,酒井重工業,東P,"2,184",+17.0 (+0.78%) ,0.59,10.61,5.7,54.59,5.82,71.91,(連),4.90,139.90,-0.49,41.67,-15.00,3.78
2026-08-20,6360,東京自働機械製作所,東S,"4,705",0.0 (0.00%) ,0.65,8.17,8.2,34.71,-49.74,58.31,(単),3.40,,,,,
2026-08-20,6361,荏原製作所,東P,"5,026",+28.0 (+0.56%) ,4.51,30.22,15.6,66.57,11.14,47.02,(連),1.17,214.41,0.81,0.16,23.40,10.07
2026-08-20,6363,酉島製作所,東P,"3,135",+50.0 (+1.62%) ,1.37,13.94,10.2,60.78,14.63,50.01,(連),2.01,164.35,-0.71,-12.90,-35.71,5.48
2026-08-20,6364,ＡＩＲＭＡＮ,東P,"2,529",+18.0 (+0.72%) ,1.51,12.34,13.0,34.98,16.35,68.51,(連),2.85,159.60,-0.72,-19.23,-17.11,3.12
2026-08-20,6365,電業社機械製作所,東S,"5,640",+90.0 (+1.62%) ,0.76,8.94,8.9,18.46,7.06,73.48,(連),3.72,,,,,
2026-08-20,6366,千代田化工建設,東S,708,+35.0 (+5.20%) ,4.18,2.22,123.1,71.06,187.22,22.16,(連),0.00,76.12,-0.12,11.46,12.08,-10.57
2026-08-20,6367,ダイキン工業,東P,"20,860",+155.0 (+0.75%) ,,,,,,,,,995.82,3.52,-0.05,-3.91,6.10
2026-08-20,6368,オルガノ,東P,"13,425",+305.0 (+2.32%) ,4.32,21.73,21.5,68.72,20.52,63.58,(連),1.49,674.10,2.18,-0.89,13.52,11.32
2026-08-20,6369,トーヨーカネツ,東P,"2,455",+12.0 (+0.49%) ,,,,,,,,,,,,,
2026-08-20,6370,栗田工業,東P,"8,073",+239.0 (+3.05%) ,2.59,55.55,4.7,47.41,82.77,60.44,(連),1.39,387.95,0.12,0.78,32.58,3.82
2026-08-20,6371,椿本チエイン,東P,"2,650",+20.0 (+0.76%) ,0.93,8.96,10.7,63.31,-2.08,64.46,(連),3.02,194.30,-0.40,-5.66,-5.66,2.50
2026-08-20,6376,日機装,東P,"3,565",+175.0 (+5.16%) ,1.47,17.29,9.2,67.21,72.38,44.17,(連),1.12,222.20,2.07,13.43,74.31,7.15
2026-08-20,6378,木村化工機,東S,"1,242",+25.0 (+2.05%) ,,,,,,,,,,,,,
2026-08-20,6379,レイズネクスト,東P,"3,115",+90.0 (+2.98%) ,,,,,,,,,,,,,
2026-08-20,6380,オリエンタルチエン工業,東S,"3,780",-10.0 (-0.26%) ,2.68,41.87,6.4,15.19,-111.72,43.26,(連),0.79,,,,,
2026-08-20,6381,アネスト岩田,東P,"1,959",+51.0 (+2.67%) ,1.52,14.40,11.0,65.43,8.11,67.99,(連),4.44,,,,,
2026-08-20,6382,トリニティ工業,東S,"1,226",+7.0 (+0.57%) ,0.57,7.35,8.0,20.71,5.88,78.51,(連),5.46,,,,,
2026-08-20,6383,ダイフク,東P,"5,838",-3.0 (-0.05%) ,4.75,27.49,18.4,66.63,40.47,59.87,(連),1.34,237.66,2.06,-0.06,19.81,13.45
2026-08-20,6384,昭和真空,東S,"1,641",+20.0 (+1.23%) ,0.83,11.68,7.3,47.88,39.90,80.23,(連),4.27,,,,,
2026-08-20,6387,サムコ,東P,"9,070",+20.0 (+0.22%) ,5.37,42.92,13.1,38.39,13.65,76.28,(単),0.66,236.50,3.22,3.85,-6.90,14.74
2026-08-20,6390,加藤製作所,東P,"1,352",+19.0 (+1.43%) ,0.36,3.39,10.4,21.46,-231.41,45.98,(連),5.18,,,,,
2026-08-20,6391,加地テック,東S,"4,575",0.0 (0.00%) ,0.89,10.46,8.9,14.74,27.05,68.9,(単),1.31,,,,,
2026-08-20,6392,ヤマダコーポレーション,東S,"7,640",-230.0 (-2.92%) ,1.01,10.56,10.0,62.95,23.49,85.68,(連),2.88,,,,,
2026-08-20,6393,油研工業,東S,"3,040",+30.0 (+1.00%) ,0.46,10.69,4.4,22.51,-11.75,48.22,(連),4.93,,,,,
2026-08-20,6395,タダノ,東P,"1,352",+21.0 (+1.58%) ,0.83,9.34,9.3,64.11,-28.38,44.9,(連),3.25,116.52,-0.59,-1.72,2.93,17.19
2026-08-20,6396,宇野澤組鐵工所,東S,"4,500",0.0 (0.00%) ,1.31,11.46,12.1,8.52,-1.78,45.25,(単),1.11,,,,,
2026-08-20,6400,不二精機,東S,286,-3.0 (-1.04%) ,0.63,10.04,6.4,73.49,27.44,37.8,(連),2.45,,,,,
2026-08-20,6402,兼松エンジニアリング,東S,"1,575",+6.0 (+0.38%) ,0.97,7.40,13.8,0.00,39.36,62.85,(単),4.70,,,,,
2026-08-20,6405,鈴茂器工,東S,"1,170",+29.0 (+2.54%) ,1.01,22.98,4.2,36.76,-46.43,67.62,(連),2.99,71.70,0.40,0.00,-52.00,6.17
2026-08-20,6407,ＣＫＤ,東P,"5,670",+60.0 (+1.07%) ,2.47,27.90,9.4,36.04,3.65,67.72,(連),1.43,296.49,0.42,0.33,26.62,11.70
2026-08-20,6408,小倉クラッチ,東S,"4,225",-175.0 (-3.98%) ,0.32,4.21,8.0,52.16,87.58,41.99,(連),2.37,,,,,
2026-08-20,6412,平和,東P,"2,203",+16.0 (+0.73%) ,0.87,18.62,4.7,0.00,57.75,23.08,(連),3.63,199.40,0.16,1.09,-22.32,40.13
2026-08-20,6413,理想科学工業,東P,"1,112",+14.0 (+1.28%) ,1.02,16.18,6.5,52.90,-7.73,72.26,(連),4.50,,,,,
2026-08-20,6417,ＳＡＮＫＹＯ,東P,"1,909",-17.5 (-0.91%) ,1.51,8.39,17.6,0.00,-14.21,86.51,(連),4.71,209.16,-1.12,-1.44,-27.19,-3.24
2026-08-20,6418,日本金銭機械,東P,"1,237",+19.0 (+1.56%) ,0.94,7.14,13.8,82.95,-24.62,68.64,(連),3.23,,,,,
2026-08-20,6419,マースグループＨＬＤＧ,東P,"3,155",-5.0 (-0.16%) ,,,,,,,,,,,,,
2026-08-20,6420,ガリレイＨＬＤＧ,東P,"3,480",+60.0 (+1.75%) ,,,,,,,,,307.40,52.61,-0.80,9.06,4.99
2026-08-20,6424,高見沢サイバネティックス,東S,894,0.0 (0.00%) ,0.59,7.92,7.9,0.00,-54.17,40.36,(連),2.57,,,,,
2026-08-20,6425,ユニバーサルエンターテインメン,東S,725,+29.0 (+4.17%) ,,,,,,,,,,,,,
2026-08-20,6428,オーイズミ,東S,322,0.0 (0.00%) ,0.39,12.14,3.2,0.00,818.06,45.81,(連),3.73,,,,,
2026-08-20,6430,ダイコク電機,東P,"2,461",+27.0 (+1.11%) ,0.72,6.22,12.1,0.00,-19.62,83.79,(連),4.06,,,,,
2026-08-20,6432,竹内製作所,東P,"7,300",+180.0 (+2.53%) ,1.8,11.93,16.0,99.39,10.05,83.03,(連),2.88,581.56,-2.53,1.80,11.74,8.85
2026-08-20,6433,ヒーハイスト,東S,"1,055",+64.0 (+6.46%) ,,,,,,,,,,,,,
2026-08-20,6436,アマノ,東P,"3,841",+18.0 (+0.47%) ,1.92,13.41,14.7,48.02,-1.15,71.79,(連),4.69,257.15,-1.47,-5.24,-10.24,2.63
2026-08-20,6439,中日本鋳工,名M,395,-5.0 (-1.25%) ,,,,,,,,,,,,,
2026-08-20,6440,ＪＵＫＩ,東P,609,+21.0 (+3.57%) ,0.56,12.97,4.4,82.90,142.44,26.8,(連),1.64,71.10,0.17,-3.23,11.11,-2.76
2026-08-20,6444,サンデン,東S,197,+8.0 (+4.23%) ,0.82,80.08,1.1,93.64,"1,107.95",14.39,(連),0.00,,,,,
2026-08-20,6445,ジャノメ,東P,"1,459",+59.0 (+4.21%) ,0.71,43.70,1.7,74.65,-7.25,68.45,(連),3.77,,,,,
2026-08-20,6448,ブラザー工業,東P,"4,560",+51.0 (+1.13%) ,1.49,17.01,9.3,90.04,9.75,74.92,(連),2.19,325.16,0.66,7.52,21.63,4.27
2026-08-20,6454,マックス,東P,"1,771",+21.0 (+1.20%) ,2.76,23.14,12.6,52.30,24.13,83.6,(連),2.09,86.40,1.59,3.01,16.10,8.69
2026-08-20,6455,モリタＨＬＤＧ,東P,"2,420",+49.0 (+2.07%) ,0.98,10.77,9.6,20.22,9.47,69.32,(連),2.64,,,,,
2026-08-20,6457,グローリー,東P,"4,757",+69.0 (+1.47%) ,1.18,16.71,7.3,31.82,-28.76,48.15,(連),2.35,342.30,0.69,0.61,-2.24,-0.66
2026-08-20,6458,新晃工業,東P,"1,237",+21.0 (+1.73%) ,1.31,12.42,11.0,14.62,-5.22,67.9,(連),4.04,96.80,-4.56,-5.66,-14.53,4.71
2026-08-20,6459,だいわ,東P,"1,659",+4.0 (+0.24%) ,,,,,,,,,,,,,
2026-08-20,6460,セガサミーＨＬＤＧ,東P,"2,781",+34.5 (+1.26%) ,,,,,,,,,177.18,-0.02,-0.09,-29.46,9.15
2026-08-20,6463,ＴＰＲ,東P,"1,556",+33.0 (+2.17%) ,,,,,,,,,159.20,0.87,23.10,32.22,1.70
2026-08-20,6464,ツバキ・ナカシマ,東P,354,-6.0 (-1.67%) ,,,,,,,,,,,,,
2026-08-20,6465,ホシザキ,東P,"5,656",+74.0 (+1.33%) ,2.04,20.97,10.1,53.30,-2.63,68.2,(連),2.03,300.89,1.62,0.18,-2.94,9.82
2026-08-20,6466,ＴＶＥ,東S,"3,720",+15.0 (+0.40%) ,,,,,,,,,,,,,
2026-08-20,6467,ニチダイ,東S,345,0.0 (0.00%) ,,,,,,,,,,,,,
2026-08-20,6469,放電精密加工研究所,東S,"2,905",-8.0 (-0.27%) ,,,,,,,,,81.50,6.20,5.88,22.73,13.96
2026-08-20,6470,大豊工業,東S,"1,188",+38.0 (+3.30%) ,,,,,,,,,,,,,
2026-08-20,6471,日本精工,東P,"1,115.5",+20.5 (+1.87%) ,,,,,,,,,63.48,0.49,1.02,36.27,14.14
2026-08-20,6472,ＮＴＮ,東P,371.9,+2.7 (+0.73%) ,0.74,15.89,4.9,74.39,124.19,33.79,(連),2.96,26.75,0.97,3.39,24.49,2.49
2026-08-20,6473,ジェイテクト,東P,"2,089",+45.0 (+2.20%) ,0.84,55.53,1.6,61.94,-11.33,50.09,(連),2.87,163.37,0.04,-1.63,26.56,1.97
2026-08-20,6474,不二越,東P,"5,510",+80.0 (+1.47%) ,0.7,23.60,3.2,50.84,97.59,51.49,(連),1.81,330.80,0.40,6.37,32.32,2.03
2026-08-20,6479,ミネベアミツミ,東P,"3,417",+5.0 (+0.15%) ,1.53,13.86,12.1,71.29,61.94,49.53,(連),1.46,207.21,-1.03,-0.09,8.63,5.91
2026-08-20,6480,日本トムソン,東P,"1,725",+38.0 (+2.25%) ,,,,,,,,,141.86,0.09,35.79,200.00,21.36
2026-08-20,6481,ＴＨＫ,東P,"7,003",+109.0 (+1.58%) ,,,,,,,,,324.88,-0.14,0.39,48.40,-5.43
2026-08-20,6482,ＹＵＳＨＩＮ,東S,734,+19.0 (+2.66%) ,0.7,86.25,0.8,60.16,-64.18,86.3,(連),2.72,,,,,
2026-08-20,6484,ＫＶＫ,東S,"2,221",+8.0 (+0.36%) ,,,,,,,,,,,,,
2026-08-20,6485,前澤給装工業,東S,"1,658",+12.0 (+0.73%) ,0.83,12.67,6.7,0.00,-6.34,85.62,(単),3.80,,,,,
2026-08-20,6486,イーグル工業,東P,"3,005",+48.0 (+1.62%) ,1.03,13.86,8.0,64.33,42.80,58.21,(連),4.16,,,,,
2026-08-20,6488,ヨシタケ,東S,"1,042",+5.0 (+0.48%) ,0.72,8.96,8.4,41.38,58.45,86.05,(連),3.36,,,,,
2026-08-20,6490,ＰＩＬＬＡＲ,東P,"10,040",+180.0 (+1.83%) ,2.89,25.86,11.7,34.70,12.83,75.19,(連),1.29,634.27,0.25,14.81,72.22,15.78
2026-08-20,6492,岡野バルブ製造,東S,"14,620",+680.0 (+4.88%) ,1.96,28.39,7.1,4.93,-23.69,82.5,(連),0.41,,,,,
2026-08-20,6493,ＮＩＴＴＡＮ,東S,508,+12.0 (+2.42%) ,0.47,6.57,7.4,64.27,133.28,46.29,(連),3.94,,,,,
2026-08-20,6494,ＮＦＫ　ＨＬＤＧ,東S,97,+2.0 (+2.11%) ,0.81,51.60,1.5,0.00,81.70,71.42,(連),0.00,,,,,
2026-08-20,6495,宮入バルブ製作所,東S,123,0.0 (0.00%) ,,,,,,,,,,,,,
2026-08-20,6496,中北製作所,東S,"5,560",+70.0 (+1.28%) ,,,,,,,,,,,,,
2026-08-20,6497,ハマイ,東S,"1,412",+15.0 (+1.07%) ,0.55,9.76,5.8,0.00,12.28,76.66,(連),2.83,,,,,
2026-08-20,6498,キッツ,東P,"1,939",+27.0 (+1.41%) ,1.43,14.71,10.1,34.08,5.20,64.1,(連),2.73,163.90,0.49,-4.11,10.28,9.82
2026-08-20,6501,日立製作所,東P,"5,263",+38.0 (+0.73%) ,3.61,29.77,12.9,63.04,32.24,43.67,(連),0.95,215.59,1.11,0.57,9.96,8.90
2026-08-20,6503,三菱電機,東P,"5,655",+14.0 (+0.25%) ,2.58,28.52,9.7,50.25,20.31,60.95,(連),0.97,248.64,0.90,0.08,39.05,7.03
2026-08-20,6504,富士電機,東P,"13,635",+130.0 (+0.96%) ,2.51,20.50,13.1,20.86,17.30,56.88,(連),1.47,721.00,2.25,-2.66,14.54,7.48
2026-08-20,6505,東洋電機製造,東S,"2,388",+62.0 (+2.67%) ,,,,,,,,,310.30,-1.30,0.00,14.81,4.18
2026-08-20,6506,安川電機,東P,"5,023",+94.0 (+1.91%) ,,,,,,,,,183.78,0.78,0.29,7.85,5.21
2026-08-20,6507,シンフォニア　テクノロジー,東P,"12,500",+160.0 (+1.30%) ,3.57,24.33,16.2,28.43,17.89,62.31,(連),1.24,569.45,2.03,0.03,15.37,10.13
2026-08-20,6508,明電舎,東P,"11,230",-80.0 (-0.71%) ,2.91,21.56,15.1,27.85,31.60,46.8,(連),1.40,481.62,-3.10,8.57,42.34,10.09
2026-08-20,6513,オリジン,東S,"1,280",-4.0 (-0.31%) ,,,,,,,,,,,,,
2026-08-20,6516,山洋電気,東P,"5,500",-10.0 (-0.18%) ,,,,,,,,,345.15,0.38,6.07,35.93,17.21
2026-08-20,6517,デンヨー,東P,"4,075",+35.0 (+0.87%) ,1.01,14.74,7.1,43.45,6.55,78.28,(連),2.45,292.30,2.44,3.57,3.57,2.61
2026-08-20,6518,三相電機,東S,"1,749",+13.0 (+0.75%) ,0.64,14.07,4.6,28.10,534.56,63.1,(連),1.43,,,,,
2026-08-20,6521,オキサイド,東G,"3,350",+185.0 (+5.85%) ,,,,,,,,,,,,,
2026-08-20,6522,アスタリスク,東G,"2,018",-40.0 (-1.94%) ,,,,,,,,,,,,,
2026-08-20,6523,ＰＨＣＨＬＤＧ,東P,"1,486",+80.0 (+5.69%) ,,,,,,,,,132.72,0.00,5.72,42.16,1.04
2026-08-20,6524,湖北工業,東S,"4,710",+190.0 (+4.20%) ,5.21,41.05,12.8,67.99,-6.36,82.77,(連),0.70,143.57,1.31,3.69,12.50,13.46
2026-08-20,6525,ＫＯＫＵＳＡＩ　ＥＬＥＣＴＲＩ,東P,"8,115",+10.0 (+0.12%) ,8.65,62.91,14.5,90.30,-19.79,60.97,(連),0.46,213.88,0.58,1.25,18.53,17.23
2026-08-20,6526,ソシオネクスト,東P,"1,934",+39.0 (+2.06%) ,2.55,38.88,6.5,63.13,-53.20,79.38,(連),2.59,77.46,0.45,-2.21,-36.30,11.21
2026-08-20,6527,ワカ製作所,東PRO,--,-- (--%) ,1.0,21.75,4.7,0.00,140.00,70.8,(単),0.00,,,,,
2026-08-20,6532,ベイカレント,東P,"7,715",+288.0 (+3.88%) ,,,,,,,,,319.64,0.85,0.02,1.37,28.87
2026-08-20,6533,Ｏｒｃｈｅｓｔｒａ　ＨＬＤＧ,東P,"1,210",+20.0 (+1.68%) ,1.76,14.25,13.0,0.00,5.55,40.22,(連),0.99,,,,,
2026-08-20,6535,アイモバイル,東P,519,+12.0 (+2.37%) ,1.79,10.10,18.7,0.00,17.64,59.26,(連),5.01,,,,,
2026-08-20,6537,ＷＡＳＨハウス,東G,300,+2.0 (+0.67%) ,,,,,,,,,,,,,
2026-08-20,6538,ディスラプターズ,東S,243,+6.0 (+2.53%) ,1.85,7.31,27.9,0.00,106.27,63.46,(連),2.88,,,,,
2026-08-20,6539,ＭＳ―Ｊａｐａｎ,東P,"1,013",+10.0 (+1.00%) ,2.64,24.33,10.8,0.00,0.18,88.06,(連),5.53,,,,,
2026-08-20,6540,船場,東S,"1,541",+1.0 (+0.06%) ,1.13,10.84,10.7,12.01,17.10,65.9,(連),4.93,,,,,
2026-08-20,6543,日宣,東S,"1,220",+10.0 (+0.83%) ,1.2,7.09,17.8,0.00,163.17,69.56,(連),2.62,,,,,
2026-08-20,6544,ジャパンエレベーターサービスＨ,東P,"1,563",+38.0 (+2.49%) ,11.36,38.08,32.9,0.00,27.67,61.27,(連),1.34,49.26,1.59,-0.20,-1.12,16.05
2026-08-20,6545,インターネットインフィニティー,東G,821,+3.0 (+0.37%) ,2.45,13.59,18.6,0.00,43.31,39.32,(連),2.19,84.20,0.25,14.52,18.33,8.89
2026-08-20,6546,フルテック,東S,"1,136",+7.0 (+0.62%) ,0.87,24.38,3.7,0.00,-22.01,61.21,(連),2.82,,,,,
2026-08-20,6547,グリーンズ,東S,"2,030",+93.0 (+4.80%) ,,,,,,,,,367.65,2.03,0.00,10.29,8.78
2026-08-20,6548,旅工房,東G,112,+1.0 (+0.90%) ,,,,,,,,,,,,,
2026-08-20,6549,ディーエムソリューションズ,東S,"1,068",+11.0 (+1.04%) ,1.51,9.21,18.0,0.00,41.17,38.92,(連),1.69,,,,,
2026-08-20,6551,ツナググループＨＬＤＧ,東S,619,+15.0 (+2.48%) ,2.56,10.18,27.1,0.00,43.29,45.19,(連),2.26,,,,,
2026-08-20,6552,ＧａｍｅＷｉｔｈ,東S,176,+1.0 (+0.57%) ,,,,,,,,,,,,,
2026-08-20,6554,エスユーエス,東G,"1,073",+13.0 (+1.23%) ,2.26,10.38,23.5,0.00,46.28,62.93,(連),4.19,,,,,
2026-08-20,6555,ＭＳ＆Ｃｏｎｓｕｌｔｉｎｇ,東S,419,0.0 (0.00%) ,0.64,10.42,6.2,0.00,204.85,79.81,(連),0.00,,,,,
2026-08-20,6557,ＡＩＡＩグループ,東G,766,+5.0 (+0.66%) ,1.53,8.03,20.5,0.00,7.00,12.06,(連),0.00,,,,,
2026-08-20,6558,クックビズ,東G,662,0.0 (0.00%) ,,,,,,,,,,,,,
2026-08-20,6560,エル・ティー・エス,東P,"1,667",+11.0 (+0.66%) ,1.54,10.84,15.3,0.00,20.95,46.34,(連),2.10,,,,,
2026-08-20,6561,ＨＡＮＡＴＯＵＲ　ＪＡＰＡＮ,東G,806,+7.0 (+0.88%) ,2.26,7.31,34.8,55.89,18.02,39.97,(連),4.96,,,,,
2026-08-20,6562,ジーニー,東G,868,+2.0 (+0.23%) ,1.69,9.10,14.1,16.35,-41.26,37.51,(連),0.00,207.70,0.04,0.00,-0.26,92.17
2026-08-20,6563,みらいワークス,東G,468,-1.0 (-0.21%) ,1.87,27.26,7.0,0.00,-49.40,42.05,(連),0.00,,,,,
2026-08-20,6564,ミダックＨＬＤＧ,東P,"2,079",-20.0 (-0.95%) ,3.19,19.92,17.3,0.00,4.47,45.61,(連),0.87,125.40,0.82,2.34,-0.64,12.23
2026-08-20,6565,ＡＢホテル,名M,"1,310",+30.0 (+2.34%) ,,,,,,,,,,,,,
2026-08-20,6566,要興業,東S,"1,340",-6.0 (-0.45%) ,1.02,13.46,7.8,0.00,4.48,80.93,(連),2.16,,,,,
2026-08-20,6568,神戸天然物化学,東G,"1,246",+15.0 (+1.22%) ,,,,,,,,,,,,,
2026-08-20,6570,共和コーポレーション,東S,"3,970",+460.0 (+13.11%) ,4.03,21.10,20.8,0.00,35.17,31.65,(連),0.63,,,,,
2026-08-20,6571,キュービーネットＨＬＤＧ,東P,"1,310",+8.0 (+0.61%) ,,,,,,,,,102.20,0.18,0.00,-15.62,6.37
2026-08-20,6572,オープングループ,東P,279,+17.0 (+6.49%) ,1.46,25.20,5.7,0.00,305.56,54.2,(連),1.76,,,,,
2026-08-20,6573,ＣＲＡＶＩＡ,東G,28,0.0 (0.00%) ,,,,,,,,,,,,,
2026-08-20,6574,コンヴァノ,東G,116,+7.0 (+6.42%) ,,,,,,,,,,,,,
2026-08-20,6576,揚工舎,東PRO,--,-- (--%) ,0.66,5.33,12.4,0.00,-13.04,35.42,(連),0.00,,,,,
2026-08-20,6577,ベストワンドットコム,東G,"1,917",+10.0 (+0.52%) ,2.53,303.80,0.8,0.00,-90.29,28.41,(連),0.94,,,,,
2026-08-20,6578,コレックＨＬＤＧ,東S,500,-1.0 (-0.20%) ,3.42,91.07,3.8,0.00,-68.92,34.34,(連),1.80,,,,,
2026-08-20,6579,ログリー,東G,350,+4.0 (+1.16%) ,,,,,,,,,,,,,
2026-08-20,6580,ライトアップ,東G,870,+22.0 (+2.59%) ,1.36,17.27,8.1,0.00,-32.83,86.87,(連),1.61,,,,,
2026-08-20,6584,三櫻工業,東P,813,+12.0 (+1.50%) ,0.61,19.10,3.3,80.54,-33.96,33.82,(連),3.44,87.00,0.09,11.11,-23.08,2.92
2026-08-20,6586,マキタ,東P,"5,261",+180.0 (+3.54%) ,1.36,17.54,8.3,83.01,-0.42,84.44,(連),2.85,325.43,1.90,0.15,16.23,4.98
2026-08-20,6588,東芝テック,東P,"3,040",+92.0 (+3.12%) ,,,,,,,,,205.40,-0.03,0.00,-13.97,2.38
2026-08-20,6590,芝浦メカトロニクス,東P,"4,040",-70.0 (-1.70%) ,4.77,23.73,21.7,75.80,6.60,55.11,(連),1.49,230.00,0.50,2.13,42.61,15.99
2026-08-20,6592,マブチモーター,東P,"1,751.5",+30.0 (+1.74%) ,1.29,16.54,8.0,87.88,8.11,90.28,(連),3.03,87.92,-1.17,0.49,18.86,4.32
2026-08-20,6594,ニデック,東P,"2,619",-14.0 (-0.53%) ,1.75,18.31,9.8,84.58,15.15,51.79,(連),1.53,118.69,-1.30,-3.61,-40.51,5.92
2026-08-20,6596,筑波精工,東PRO,--,-- (--%) ,,,,,,,,,,,,,
2026-08-20,6597,ＨＰＣシステムズ,東G,"3,455",+120.0 (+3.60%) ,,,,,,,,,168.10,0.51,0.00,25.00,20.16
2026-08-20,6599,エブレン,東S,"3,330",+140.0 (+4.39%) ,0.98,13.79,7.4,0.00,15.79,80.14,(連),1.44,,,,,
2026-08-20,6612,バルミューダ,東G,599,+4.0 (+0.67%) ,,,,,,,,,,,,,
2026-08-20,6613,ＱＤレーザ,東G,"2,165",+177.0 (+8.90%) ,,,,,,,,,,,,,
2026-08-20,6614,シキノハイテック,東S,881,+12.0 (+1.38%) ,,,,,,,,,,,,,
2026-08-20,6615,ユー・エム・シー・エレクトロニ,東P,244,+9.0 (+3.83%) ,0.68,28.77,1.8,59.36,-32.75,22.5,(連),4.10,,,,,
2026-08-20,6616,トレックス・セミコンダクター,東P,"1,937",+49.0 (+2.60%) ,1.09,17.71,6.4,72.78,254.63,52.4,(連),2.89,,,,,
2026-08-20,6617,東光高岳,東P,"7,250",+110.0 (+1.54%) ,1.71,17.63,10.2,0.00,60.01,56.46,(連),1.66,721.50,0.13,9.09,41.18,4.75
2026-08-20,6619,ダブル・スコープ,東P,153,+1.0 (+0.66%) ,,,,,,,,,,,,,
2026-08-20,6620,宮越ＨＬＤＧ,東P,718,+19.0 (+2.72%) ,,,,,,,,,,,,,
2026-08-20,6622,ダイヘン,東P,"13,170",+120.0 (+0.92%) ,2.02,22.27,9.7,20.60,16.98,48.11,(連),1.37,738.39,0.72,3.50,14.87,11.51
2026-08-20,6623,愛知電機,名P,"8,910",-70.0 (-0.78%) ,0.96,9.82,10.2,40.12,27.91,59.6,(連),3.14,,,,,
2026-08-20,6625,ＪＡＬＣＯ　ＨＬＤＧ,東S,381,+5.0 (+1.33%) ,2.22,23.36,9.5,0.00,278.46,20.62,(連),4.72,,,,,
2026-08-20,6626,ＳＥＭＩＴＥＣ,東S,"2,194",+36.0 (+1.67%) ,0.88,7.94,11.4,82.29,-11.04,77.4,(連),2.14,290.70,1.44,0.00,-8.11,2.27
2026-08-20,6627,テラプローブ,東S,"10,010",-220.0 (-2.15%) ,2.25,27.04,8.6,49.50,24.91,40.24,(連),1.10,549.60,0.38,50.53,68.24,23.94
2026-08-20,6629,テクノホライゾン,東S,960,+24.0 (+2.56%) ,1.05,5.26,22.0,80.64,724.57,31.15,(連),3.12,,,,,
2026-08-20,6630,ヤーマン,東P,826,+11.0 (+1.35%) ,,,,,,,,,5.60,-1.17,28.57,-25.00,4.80
2026-08-20,6632,ＪＶＣケンウッド,東P,"1,004",+13.0 (+1.31%) ,0.99,8.71,12.5,66.53,-7.79,41.38,(連),1.79,112.03,-3.24,-1.38,-12.74,-0.30
2026-08-20,6633,ＣＧＳ　ＨＬＤＧ,東S,316,-2.0 (-0.63%) ,0.89,11.38,8.1,28.43,76.36,47.24,(連),3.16,,,,,
2026-08-20,6634,ＪＮグループ,東S,70,-1.0 (-1.41%) ,,,,,,,,,,,,,
2026-08-20,6635,大日光・エンジニアリング,東S,656,+4.0 (+0.61%) ,0.63,23.64,2.7,49.09,1.77,23.86,(連),2.44,,,,,
2026-08-20,6637,寺崎電気産業,東S,"4,280",+185.0 (+4.52%) ,0.95,13.09,7.8,65.33,7.65,68.1,(連),1.24,387.30,0.60,-1.66,1.96,10.20
2026-08-20,6638,ミマキエンジニアリング,東P,"1,899",+48.0 (+2.59%) ,1.38,8.15,18.7,73.34,5.52,48.13,(連),2.90,259.00,0.66,0.00,-3.60,5.81
2026-08-20,6643,戸上電機製作所,東S,"5,670",+150.0 (+2.72%) ,1.09,10.06,11.5,0.00,11.09,72.24,(連),2.47,,,,,
2026-08-20,6644,大崎電気工業,東P,"1,513",+35.0 (+2.37%) ,1.17,11.71,10.6,40.50,21.93,56.89,(連),3.24,116.50,-1.32,4.85,10.90,1.99
2026-08-20,6645,オムロン,東P,"6,409",-27.0 (-0.42%) ,,,,,,,,,226.38,0.50,2.39,2.71,11.28
2026-08-20,6647,森尾電機,東S,"3,245",+25.0 (+0.78%) ,,,,,,,,,,,,,
2026-08-20,6648,かわでん,東S,"1,688",+48.0 (+2.93%) ,1.33,9.22,15.4,0.00,56.49,73.26,(単),3.85,,,,,
2026-08-20,6651,日東工業,東P,"4,405",+75.0 (+1.73%) ,,,,,,,,,307.05,10.65,3.94,7.19,6.76
2026-08-20,6652,ＩＤＥＣ,東P,"3,665",+105.0 (+2.95%) ,1.55,27.93,5.8,66.42,88.93,61.03,(連),3.55,204.80,0.32,21.08,28.85,13.83
2026-08-20,6653,正興電機製作所,東P,"2,146",+53.0 (+2.53%) ,1.6,14.24,12.0,0.00,32.51,52.11,(連),2.33,199.40,0.33,5.41,18.18,12.76
2026-08-20,6654,不二電機工業,東S,"1,090",-1.0 (-0.09%) ,0.54,24.62,2.3,0.00,-12.43,92.47,(単),2.94,,,,,
2026-08-20,6655,東洋電機,名M,789,+13.0 (+1.68%) ,0.5,12.54,4.1,7.32,20.69,60.15,(連),3.04,,,,,
2026-08-20,6656,インスペック,東S,824,+31.0 (+3.91%) ,3.19,43.03,9.8,37.58,-32.76,22.07,(単),0.00,,,,,
2026-08-20,6658,シライ電子工業,東S,447,+8.0 (+1.82%) ,0.61,5.11,12.5,53.21,-29.76,57.14,(連),7.83,,,,,
2026-08-20,6659,メディアリンクス,東S,51,+4.0 (+8.51%) ,,,,,,,,,,,,,
2026-08-20,6662,ユビテック,東S,225,+2.0 (+0.90%) ,,,,,,,,,,,,,
2026-08-20,6663,太洋テクノレックス,東S,305,+2.0 (+0.66%) ,0.68,13.35,5.3,19.28,436.17,58.39,(連),1.97,,,,,
2026-08-20,6664,オプトエレクトロニクス,東S,242,-1.0 (-0.41%) ,,,,,,,,,,,,,
2026-08-20,6666,リバーエレテック,東S,778,+13.0 (+1.70%) ,,,,,,,,,,,,,
2026-08-20,6668,アドテックプラズマテクノロジー,東S,"3,590",-40.0 (-1.10%) ,,,,,,,,,,,,,
2026-08-20,6674,ジーエスユアサコーポレーション,東P,"5,238",+79.0 (+1.53%) ,1.33,12.55,11.3,47.58,25.64,53.26,(連),1.72,404.37,-4.17,0.03,18.65,6.25
2026-08-20,6675,サクサ,東S,"2,135",+12.0 (+0.57%) ,,,,,,,,,947.00,0.00,-59.26,-59.26,3.94
2026-08-20,6676,バッファロー,東S,"2,827",+49.0 (+1.76%) ,0.78,8.84,18.3,2.35,13.17,60.19,(連),2.12,218.50,-0.41,-0.77,65.38,-11.55
2026-08-20,6677,エスケーエレクトロニクス,東S,"3,160",+10.0 (+0.32%) ,0.95,12.02,8.2,89.64,25.85,81.35,(連),4.11,310.35,0.57,-2.05,22.44,6.63
2026-08-20,6678,テクノメディカ,東S,"2,115",+35.0 (+1.68%) ,0.98,13.62,7.4,12.76,31.77,80.2,(単),6.10,,,,,
2026-08-20,6694,ズーム,東S,730,+5.0 (+0.69%) ,,,,,,,,,,,,,
2026-08-20,6695,キャストリコ,東PRO,--,-- (--%) ,,,,,,,,,,,,,
2026-08-20,6696,トラース・オン・プロダクト,東G,303,-6.0 (-1.94%) ,,,,,,,,,,,,,
2026-08-20,6699,ダイヤモンドエレクトリックＨＤ,東S,528,+18.0 (+3.53%) ,0.4,5.61,6.3,59.15,121.34,17.38,(連),4.73,,,,,
2026-08-20,6701,日本電気,東P,"4,820",+158.0 (+3.39%) ,2.91,23.75,13.0,19.93,66.06,49.18,(連),0.79,222.27,2.28,0.36,25.33,4.25
2026-08-20,6702,富士通,東P,"3,743",+136.0 (+3.77%) ,3.21,14.69,23.9,27.44,49.59,59.56,(連),1.34,178.45,-0.70,0.05,0.98,-0.25
2026-08-20,6703,沖電気工業,東P,"2,690",+27.0 (+1.01%) ,1.29,10.85,13.2,11.13,23.60,40.5,(連),2.42,194.00,-0.64,-3.55,9.23,-1.85
2026-08-20,6706,電気興業,東P,"3,275",0.0 (0.00%) ,0.78,15.18,5.2,0.00,18.75,69.22,(連),3.05,,,,,
2026-08-20,6707,サンケン電気,東P,"7,578",+29.0 (+0.38%) ,,,,,,,,,57.94,-1.17,-16.67,-79.17,-16.89
2026-08-20,6718,アイホン,東P,"2,854",+36.0 (+1.28%) ,0.67,18.94,3.6,24.66,-23.81,87.59,(連),4.56,195.50,0.49,4.71,-16.04,1.31
2026-08-20,6721,ウインテスト,東S,73,+1.0 (+1.39%) ,,,,,,,,,,,,,
2026-08-20,6723,ルネサスエレクトロニクス,東P,"3,469",+7.0 (+0.20%) ,,,,,,,,,222.62,-0.02,0.72,72.37,9.16
2026-08-20,6724,セイコーエプソン,東P,"3,059",+72.0 (+2.41%) ,1.15,53.85,2.2,83.58,-36.19,55.61,(連),2.42,177.11,0.08,1.51,13.37,3.62
2026-08-20,6727,ワコム,東P,800,+28.0 (+3.63%) ,2.88,11.27,28.0,46.17,34.72,57.6,(連),3.25,72.10,7.03,3.81,4.92,-1.74
2026-08-20,6728,アルバック,東P,"7,574",+124.0 (+1.66%) ,,,,,,,,,487.71,0.38,-2.11,-3.05,4.53
2026-08-20,6730,アクセル,東S,"1,210",+80.0 (+7.08%) ,,,,,,,,,,,,,
2026-08-20,6731,ピクセラ,東S,109,+2.0 (+1.87%) ,,,,,,,,,,,,,
2026-08-20,6736,サン電子,東S,"7,670",+530.0 (+7.42%) ,,,,,,,,,,,,,
2026-08-20,6737,ＥＩＺＯ,東P,"2,971",+35.0 (+1.19%) ,0.86,16.45,5.6,58.86,-17.19,77.15,(連),3.70,190.80,2.77,6.96,-15.75,3.87
2026-08-20,6740,ジャパンディスプレイ,東P,48,+1.0 (+2.13%) ,,,,,,,,,,,,,
2026-08-20,6741,日本信号,東P,"1,778",+52.0 (+3.01%) ,0.97,9.56,10.7,11.33,20.72,66.39,(連),3.15,180.55,-3.43,-4.80,48.76,7.79
2026-08-20,6742,京三製作所,東P,"1,019",+23.0 (+2.31%) ,1.13,12.52,9.4,12.40,-21.71,46.7,(連),2.45,,,,,
2026-08-20,6743,大同信号,東S,"1,059",+34.0 (+3.32%) ,0.6,9.37,6.9,0.00,85.97,54.55,(連),3.31,,,,,
2026-08-20,6744,能美防災,東P,"4,360",+145.0 (+3.44%) ,1.85,18.80,10.2,0.00,19.39,76.21,(連),2.66,244.40,3.30,1.19,10.94,9.00
2026-08-20,6745,ホーチキ,東P,"2,027",+120.0 (+6.29%) ,2.21,16.13,14.7,23.49,26.79,69.84,(連),1.97,117.28,-2.58,0.00,28.57,4.72
2026-08-20,6748,星和電機,東S,792,+2.0 (+0.25%) ,0.54,8.33,6.8,0.00,-9.37,63.06,(連),2.53,,,,,
2026-08-20,6750,エレコム,東P,"1,955",+45.0 (+2.36%) ,1.46,7.55,21.2,0.00,25.89,74.42,(連),2.92,147.65,-0.31,1.09,0.89,11.25
2026-08-20,6752,パナソニック　ＨＬＤＧ,東P,"4,303",-39.0 (-0.90%) ,1.93,53.00,3.8,60.20,-45.89,51.23,(連),0.93,201.45,0.14,0.08,12.83,-3.58
2026-08-20,6753,シャープ,東P,637.4,+21.4 (+3.47%) ,1.47,8.73,21.9,77.41,228.32,19.6,(連),0.00,52.16,-0.43,-8.76,-1.25,-9.74
2026-08-20,6754,アンリツ,東P,"3,359",+24.0 (+0.72%) ,3.24,36.83,9.1,83.02,26.77,76.6,(連),1.49,117.00,1.01,0.26,28.01,10.89
2026-08-20,6757,ＯＳＧコーポレーション,東S,888,+1.0 (+0.11%) ,1.87,43.34,4.2,0.00,72.80,38.34,(連),4.50,,,,,
2026-08-20,6758,ソニーグループ,東P,"3,777",+88.0 (+2.39%) ,,,,,,,,,215.47,-0.04,0.40,7.40,-0.63
2026-08-20,6762,ＴＤＫ,東P,"3,011",+5.0 (+0.17%) ,2.61,29.21,9.8,92.68,16.40,49.54,(連),1.20,125.14,1.13,1.62,15.50,12.44
2026-08-20,6763,帝国通信工業,東P,"2,896",+40.0 (+1.40%) ,0.93,21.25,4.5,53.32,-20.83,82.53,(連),3.45,,,,,
2026-08-20,6768,タムラ製作所,東P,788,+15.0 (+1.94%) ,,,,,,,,,58.22,-0.03,-5.50,17.05,7.79
2026-08-20,6769,ザインエレクトロニクス,東S,"1,067",-7.0 (-0.65%) ,,,,,,,,,,,,,
2026-08-20,6770,アルプスアルパイン,東P,"2,187",+70.0 (+3.31%) ,0.95,16.23,6.2,88.33,61.01,57.14,(連),2.83,146.20,1.76,-3.28,45.41,2.92
2026-08-20,6771,池上通信機,東S,671,-5.0 (-0.74%) ,0.3,11.43,2.7,15.04,23.45,47.81,(連),2.24,85.70,0.17,-75.00,-83.33,0.64
2026-08-20,6772,東京コスモス電機,東S,--,-- (--%) ,0.93,256.73,0.4,36.11,-55.25,67.06,(連),3.75,,,,,
2026-08-20,6775,ＴＢグループ,東S,115,+1.0 (+0.88%) ,,,,,,,,,,,,,
2026-08-20,6776,天昇電気工業,東S,276,+4.0 (+1.47%) ,0.43,9.31,4.7,2.61,-6.30,52.4,(連),1.81,,,,,
2026-08-20,6777,ｓａｎｔｅｃ　ＨＬＤＧ,東S,"18,380",+390.0 (+2.17%) ,7.77,28.19,31.1,77.64,38.94,71.16,(連),1.14,807.80,0.95,23.81,41.30,25.76
2026-08-20,6778,アルチザネットワークス,東S,618,+3.0 (+0.49%) ,0.83,41.67,2.0,0.00,448.89,78.1,(連),3.24,,,,,
2026-08-20,6779,日本電波工業,東P,"2,851",+81.0 (+2.92%) ,2.05,31.77,6.8,91.67,-13.64,41.82,(連),1.05,117.76,0.78,17.24,-37.04,7.17
2026-08-20,6785,鈴木,東P,"2,915",+27.0 (+0.93%) ,,,,,,,,,264.60,8.29,0.00,17.65,13.60
2026-08-20,6786,ＲＶＨ,東S,48,0.0 (0.00%) ,1.56,41.38,3.9,0.00,254.84,45.68,(連),0.00,,,,,
2026-08-20,6787,メイコー,東P,"17,540",+310.0 (+1.80%) ,3.48,23.12,16.2,67.14,41.17,40.64,(連),0.66,995.31,0.56,4.74,61.17,25.10
2026-08-20,6788,日本トリム,東P,"4,955",+40.0 (+0.81%) ,1.55,18.38,8.5,20.56,-10.98,65.82,(連),2.62,289.20,2.35,0.00,-20.93,8.82
2026-08-20,6794,フォスター電機,東P,"3,000",+76.0 (+2.60%) ,1.0,13.57,7.7,82.23,3.57,60.32,(連),2.67,222.50,20.41,0.63,6.00,1.49
2026-08-20,6797,名古屋電機工業,東S,"1,180",+9.0 (+0.77%) ,0.58,9.13,6.5,0.00,-35.51,82.05,(連),3.81,,,,,
2026-08-20,6798,ＳＭＫ,東P,"3,320",+10.0 (+0.30%) ,,,,,,,,,,,,,
2026-08-20,6800,ヨコオ,東P,"3,925",+90.0 (+2.35%) ,1.52,23.54,6.9,66.54,40.80,67.4,(連),1.43,240.20,0.37,6.15,11.00,10.12
2026-08-20,6803,ティアック,東S,99,+2.0 (+2.06%) ,0.7,4.93,15.2,51.88,937.29,38.42,(連),1.01,,,,,
2026-08-20,6804,ホシデン,東P,"2,773",+32.0 (+1.17%) ,0.91,8.59,11.2,17.46,66.78,69.79,(連),3.53,278.60,-0.73,-2.00,9.03,32.16
2026-08-20,6806,ヒロセ電機,東P,"25,570",+410.0 (+1.63%) ,2.21,25.78,8.9,82.79,0.88,87.68,(連),1.97,"1,148.75",1.41,1.21,8.23,12.36
2026-08-20,6807,日本航空電子工業,東P,"2,335",+60.0 (+2.64%) ,1.09,22.27,5.1,61.88,-44.41,62.12,(連),2.57,120.80,1.27,7.46,-41.17,3.57
2026-08-20,6809,ＴＯＡ,東P,"1,706",+28.0 (+1.67%) ,1.01,16.11,6.1,44.51,33.57,75.96,(連),5.28,,,,,
2026-08-20,6810,マクセル,東P,"2,373",+90.0 (+3.94%) ,1.0,11.75,9.3,53.38,-11.97,48.24,(連),2.11,183.42,-1.40,-0.16,-10.52,6.01
2026-08-20,6814,古野電気,東P,"7,760",+170.0 (+2.24%) ,2.75,14.65,20.7,71.07,29.19,63.2,(連),2.06,465.23,-1.37,3.15,44.59,8.30
2026-08-20,6817,スミダコーポレーション,東P,"1,233",+27.0 (+2.24%) ,0.66,11.26,6.0,89.58,272.97,37.89,(連),4.30,,,,,
2026-08-20,6819,伊豆シャボテンリゾート,東S,475,+1.0 (+0.21%) ,1.39,10.46,13.9,0.00,-2.73,81.16,(連),4.21,,,,,
2026-08-20,6820,アイコム,東P,"3,500",-5.0 (-0.14%) ,0.69,18.85,3.8,63.40,-2.31,89.16,(連),2.14,,,,,
2026-08-20,6822,大井電気,東S,"5,050",-190.0 (-3.63%) ,,,,,,,,,,,,,
2026-08-20,6823,リオン,東P,"3,390",0.0 (0.00%) ,1.2,12.49,10.1,26.77,8.21,83.29,(連),2.51,283.90,2.59,-2.08,-7.84,3.22
2026-08-20,6824,新コスモス電機,東S,"4,225",+115.0 (+2.80%) ,0.96,9.94,10.3,51.78,45.31,72.68,(連),2.25,,,,,
2026-08-20,6832,アオイ電子,東S,"2,289",+30.0 (+1.33%) ,0.59,365.65,0.2,8.26,73.75,68.96,(連),2.36,37.50,0.12,181.82,3.33,12.16
2026-08-20,6834,精工技研,東S,"24,840",+970.0 (+4.06%) ,6.56,35.71,20.1,80.19,173.21,81.17,(連),0.40,"1,073.90",0.43,15.45,243.24,46.69
2026-08-20,6835,アライドテレシスＨＬＤＧ,東S,241,+6.0 (+2.55%) ,1.19,8.75,14.3,29.26,1.93,43.77,(連),3.32,,,,,
2026-08-20,6836,ぷらっとホーム,東S,865,+28.0 (+3.35%) ,,,,,,,,,,,,,
2026-08-20,6837,京写,東S,375,+3.0 (+0.81%) ,0.55,69.83,0.8,57.97,-44.86,39.61,(連),1.33,,,,,
2026-08-20,6838,多摩川ＨＬＤＧ,東S,"1,460",+23.0 (+1.60%) ,,,,,,,,,,,,,
2026-08-20,6840,ＡＫＩＢＡ　ＨＬＤＧ,東S,767,-4.0 (-0.52%) ,1.6,7.98,22.2,0.00,107.25,24.85,(連),0.00,,,,,
2026-08-20,6841,横河電機,東P,"5,113",+34.0 (+0.67%) ,2.5,22.45,11.8,73.34,-1.28,65.36,(連),1.53,250.12,2.08,-0.34,1.73,5.53
2026-08-20,6844,新電元工業,東P,"3,095",+65.0 (+2.15%) ,0.43,5.64,8.2,66.58,975.14,50.16,(連),3.23,299.60,-0.23,-7.45,-9.38,7.63
2026-08-20,6845,アズビル,東P,"1,499",+14.0 (+0.94%) ,3.01,19.79,15.7,17.54,15.63,76.11,(連),2.13,73.93,-8.39,1.32,9.27,2.18
2026-08-20,6846,中央製作所,名M,--,-- (--%) ,,,,,,,,,,,,,
2026-08-20,6848,東亜ディーケーケー,東S,864,+1.0 (+0.12%) ,0.73,18.00,4.2,13.30,-59.29,78.91,(連),2.55,,,,,
2026-08-20,6849,日本光電工業,東P,"1,523.5",+40.0 (+2.70%) ,1.36,17.07,8.1,38.58,10.66,70.06,(連),2.10,94.57,2.70,-1.69,-18.25,1.73
2026-08-20,6850,チノー,東P,"1,680",+55.0 (+3.38%) ,1.2,13.95,9.0,22.64,9.62,56.87,(連),2.53,,,,,
2026-08-20,6853,共和電業,東S,761,+7.0 (+0.93%) ,1.06,19.37,5.7,13.08,-0.14,76.71,(連),2.76,,,,,
2026-08-20,6855,日本電子材料,東S,"6,660",-90.0 (-1.33%) ,2.17,15.63,15.0,51.33,54.68,76.75,(連),1.20,498.40,0.79,41.33,96.30,29.56
2026-08-20,6856,堀場製作所,東P,"23,655",+340.0 (+1.46%) ,2.85,26.77,11.2,76.99,8.08,67.14,(連),1.90,"1,151.13",0.68,0.35,24.06,9.62
2026-08-20,6857,アドバンテスト,東P,"35,360",+340.0 (+0.97%) ,32.24,68.64,57.6,97.77,129.88,67.91,(連),0.17,831.60,0.69,1.22,133.48,46.89
2026-08-20,6858,小野測器,東S,825,+12.0 (+1.48%) ,0.53,21.71,2.5,17.02,220.28,74.54,(連),2.67,,,,,
2026-08-20,6859,エスペック,東P,"3,850",-5.0 (-0.13%) ,1.34,14.24,10.0,50.94,-4.11,74.05,(連),2.99,283.80,2.74,-0.40,-14.77,4.52
2026-08-20,6861,キーエンス,東P,"80,690","+1,040.0 (+1.31%) ",,,,,,,,,"2,322.43",1.31,0.71,14.17,16.76
2026-08-20,6862,ミナトＨＬＤＧ,東S,"3,615",+65.0 (+1.83%) ,3.33,12.76,30.1,16.23,594.50,25.17,(連),0.50,"1,013.50",0.01,250.00,761.54,85.01
2026-08-20,6863,ニレコ,東S,935,+12.0 (+1.30%) ,1.18,14.26,8.6,20.33,-11.54,82.57,(連),3.17,74.50,0.92,0.00,-4.35,9.08
2026-08-20,6864,エヌエフＨＬＤＧ,東S,"1,553",+40.0 (+2.64%) ,,,,,,,,,,,,,
2026-08-20,6866,日置電機,東P,"11,140",+190.0 (+1.74%) ,3.43,27.63,13.0,63.64,-11.06,85.36,(連),1.80,538.60,0.62,6.16,31.76,14.57
2026-08-20,6867,リーダー電子,東S,411,-1.0 (-0.24%) ,0.49,20.91,1.9,65.02,152.91,74.28,(連),3.65,,,,,
2026-08-20,6869,シスメックス,東P,"1,918.5",+21.0 (+1.11%) ,2.36,33.72,7.3,88.28,-38.08,71.37,(連),1.98,66.87,1.64,0.96,-37.61,3.64
2026-08-20,6870,日本フェンオール,東S,"2,177",0.0 (0.00%) ,0.84,9.79,8.8,3.10,-15.82,75.97,(連),3.49,,,,,
2026-08-20,6871,日本マイクロニクス,東P,"13,760",-120.0 (-0.86%) ,8.08,44.17,20.9,92.65,39.59,66.7,(連),0.69,519.35,0.40,6.85,57.00,36.57
2026-08-20,6874,協立電機,東S,"2,336",-7.0 (-0.30%) ,,,,,,,,,,,,,
2026-08-20,6875,メガチップス,東P,"11,100",+50.0 (+0.45%) ,,,,,,,,,"2,379.00",0.01,-0.67,-42.43,0.44
2026-08-20,6877,ＯＢＡＲＡ　ＧＲＯＵＰ,東S,"5,870",+110.0 (+1.91%) ,1.21,13.82,9.1,67.41,3.79,71.78,(連),2.56,,,,,
2026-08-20,6882,三社電機製作所,東S,"1,176",+10.0 (+0.86%) ,0.63,41.05,1.5,25.17,-3.64,76.17,(連),3.40,97.70,0.05,-26.32,-33.33,5.84
2026-08-20,6888,アクモス,東S,504,+1.0 (+0.20%) ,,,,,,,,,,,,,
2026-08-20,6890,フェローテック,東S,"8,680",+120.0 (+1.40%) ,1.57,27.31,6.0,86.26,1.98,37.56,(連),1.71,,,,,
2026-08-20,6894,パルステック工業,東S,"2,141",+1.0 (+0.05%) ,0.73,10.25,7.3,13.40,12.18,79.86,(連),3.97,,,,,
2026-08-20,6897,ツインバード,東S,675,+2.0 (+0.30%) ,,,,,,,,,,,,,
2026-08-20,6898,トミタ電機,東S,"3,740",+140.0 (+3.89%) ,0.77,24.63,3.2,54.81,83.83,85.43,(連),0.00,,,,,
2026-08-20,6899,ＡＳＴＩ,東S,"2,253",-5.0 (-0.22%) ,0.28,9.88,2.9,44.22,-16.29,55.52,(連),3.55,,,,,
2026-08-20,6902,デンソー,東P,"1,946",+58.5 (+3.10%) ,0.95,11.94,8.5,79.97,6.80,62.91,(連),3.44,157.93,-3.99,0.21,-18.28,3.95
2026-08-20,6904,原田工業,東S,569,+25.0 (+4.60%) ,0.88,27.74,3.2,56.13,74.02,38.25,(連),1.32,,,,,
2026-08-20,6905,コーセル,東P,"1,298",+5.0 (+0.39%) ,,,,,,,,,40.35,-0.22,0.29,-51.14,4.07
2026-08-20,6907,ジオマテック,東S,765,+15.0 (+2.00%) ,0.6,9.47,6.7,0.00,17.21,61.01,(単),0.00,,,,,
2026-08-20,6908,イリソ電子工業,東P,"2,743",+51.0 (+1.89%) ,0.83,23.20,3.6,83.69,-23.44,77.29,(連),3.65,214.44,0.16,1.68,10.25,3.78
2026-08-20,6912,菊水ＨＬＤＧ,東S,"2,384",+71.0 (+3.07%) ,1.27,12.33,10.8,35.07,6.97,82.09,(連),2.89,,,,,
2026-08-20,6914,オプテックスグループ,東P,"3,285",+55.0 (+1.70%) ,2.08,17.74,12.5,52.57,3.24,72.4,(連),1.70,216.10,0.91,6.13,19.68,8.29
2026-08-20,6915,千代田インテグレ,東S,"3,480",+30.0 (+0.87%) ,0.79,12.77,6.4,74.41,-29.56,80.07,(連),4.60,,,,,
2026-08-20,6918,アバールデータ,東S,"3,525",-20.0 (-0.56%) ,,,,,,,,,,,,,
2026-08-20,6919,ケル,東S,"1,443",+18.0 (+1.26%) ,,,,,,,,,,,,,
2026-08-20,6920,レーザーテック,東P,"34,930",-280.0 (-0.80%) ,,,,,,,,,"1,102.59",1.14,-0.45,31.47,7.43
2026-08-20,6923,スタンレー電気,東P,"3,585",+60.0 (+1.70%) ,0.97,14.91,7.0,75.36,-8.30,56.13,(連),2.90,293.47,0.55,0.07,3.44,11.03
2026-08-20,6925,ウシオ電機,東P,"3,854",+104.0 (+2.77%) ,1.55,40.62,4.0,79.61,7.19,59.9,(連),1.82,131.04,0.77,-2.51,3.43,9.30
2026-08-20,6926,岡谷電機産業,東S,186,0.0 (0.00%) ,,,,,,,,,,,,,
2026-08-20,6927,ヘリオス　テクノ　ＨＬＤＧ,東S,964,+19.0 (+2.01%) ,1.01,10.69,9.8,63.90,144.28,81.83,(連),9.44,,,,,
2026-08-20,6928,エノモト,東S,"3,095",+202.0 (+6.98%) ,0.88,16.19,5.5,58.36,163.98,67.82,(連),2.42,225.85,0.76,5.00,50.00,9.45
2026-08-20,6929,日本セラミック,東P,"3,690",+45.0 (+1.23%) ,1.64,11.37,14.4,43.79,20.59,84.45,(連),4.47,248.70,-0.63,0.48,-4.01,5.62
2026-08-20,6932,遠藤照明,東S,"2,570",+76.0 (+3.05%) ,0.76,8.74,9.2,35.52,9.68,65.32,(連),3.42,311.50,1.39,0.00,-4.41,5.67
2026-08-20,6941,山一電機,東P,"8,010",-30.0 (-0.37%) ,3.18,16.27,21.1,95.55,57.71,73.59,(連),1.85,555.37,1.12,6.02,58.03,20.95
2026-08-20,6942,ソフィアＨＬＤＧ,東S,"1,384",0.0 (0.00%) ,,,,,,,,,,,,,
2026-08-20,6943,ＮＫＫスイッチズ,東S,"5,400",-140.0 (-2.53%) ,0.32,11.58,2.9,60.15,226.65,86.54,(連),2.22,,,,,
2026-08-20,6946,日本アビオニクス,東S,"5,560",+240.0 (+4.51%) ,5.11,21.93,25.4,12.05,97.64,44.64,(連),0.18,344.85,0.45,7.46,84.62,31.89
2026-08-20,6947,図研,東P,"4,955",+110.0 (+2.27%) ,2.53,19.57,13.3,31.77,20.17,61.04,(連),4.04,,,,,
2026-08-20,6951,日本電子,東P,"7,222",+283.0 (+4.08%) ,,,,,,,,,403.19,-2.64,0.14,-12.25,-6.73
2026-08-20,6952,カシオ計算機,東P,"2,373.5",+93.5 (+4.10%) ,2.27,29.65,8.0,81.07,81.76,66.91,(連),1.90,99.16,1.00,3.86,11.28,6.30
2026-08-20,6954,ファナック,東P,"6,116",+53.0 (+0.87%) ,3.06,34.27,9.3,87.09,15.63,89.2,(連),1.75,213.81,1.44,0.20,20.25,9.47
2026-08-20,6955,ＦＤＫ,東S,407,+4.0 (+0.99%) ,0.74,18.84,4.2,44.73,12.29,40.22,(連),0.00,,,,,
2026-08-20,6958,日本シイエムケイ,東P,730,+14.0 (+1.96%) ,0.62,12.92,5.0,39.61,-25.25,55.1,(連),2.74,25.98,-0.52,5.08,-22.50,4.76
2026-08-20,6960,フクダ電子,東S,"11,750",+50.0 (+0.43%) ,1.68,17.19,10.1,2.59,2.66,83.77,(連),1.96,664.75,-6.47,0.00,0.58,1.18
2026-08-20,6961,エンプラス,東P,"10,190",+180.0 (+1.80%) ,1.47,17.33,8.9,84.62,19.02,87.78,(連),0.88,619.80,3.03,9.46,18.77,14.07
2026-08-20,6962,大真空,東P,785,+10.0 (+1.29%) ,0.64,59.42,1.1,87.13,78.16,39.49,(連),3.57,9.44,-2.91,166.85,-47.22,3.20
2026-08-20,6963,ローム,東P,"4,755",-88.0 (-1.82%) ,,,,,,,,,90.25,-0.43,1.39,12.86,8.89
2026-08-20,6964,サンコー,東S,699,+5.0 (+0.72%) ,0.38,10.25,3.8,19.84,11.17,71.22,(連),2.86,,,,,
2026-08-20,6965,浜松ホトニクス,東P,"2,335",-10.0 (-0.43%) ,2.17,49.34,4.4,77.43,-45.52,70.66,(連),1.63,58.91,1.62,1.05,-20.05,7.07
2026-08-20,6966,三井ハイテック,東P,923,+21.0 (+2.33%) ,1.49,53.51,2.8,49.81,-18.46,46.99,(連),1.95,71.40,0.04,7.81,-0.91,8.63
2026-08-20,6969,松尾電機,東S,996,-4.0 (-0.40%) ,,,,,,,,,,,,,
2026-08-20,6971,京セラ,東P,"3,567",-74.0 (-2.03%) ,1.41,34.73,4.3,70.83,165.58,71.87,(連),1.46,111.87,3.57,1.24,29.71,0.75
2026-08-20,6976,太陽誘電,東P,"9,623",-63.0 (-0.65%) ,3.49,81.21,4.5,97.12,129.43,55.95,(連),0.94,217.86,0.53,0.68,56.00,8.48
2026-08-20,6977,日本抵抗器製作所,東S,"1,499",+1.0 (+0.07%) ,,,,,,,,,,,,,
2026-08-20,6981,村田製作所,東P,"7,205",-126.0 (-1.72%) ,4.82,56.44,8.8,92.75,1.39,84.98,(連),0.90,189.27,0.79,0.16,33.69,8.94
2026-08-20,6982,リード,東S,580,+7.0 (+1.22%) ,,,,,,,,,,,,,
2026-08-20,6986,双葉電子工業,東P,730,+53.0 (+7.83%) ,0.37,12.27,3.1,56.77,-231.55,76.96,(連),2.47,,,,,
2026-08-20,6988,日東電工,東P,"3,439",+80.0 (+2.38%) ,2.02,17.44,12.2,86.13,-0.19,79.63,(連),1.74,215.98,1.67,-0.28,5.24,4.10
2026-08-20,6989,北陸電気工業,東S,"2,516",+25.0 (+1.00%) ,0.76,9.94,8.2,45.58,-3.76,55.91,(連),3.78,,,,,
2026-08-20,6993,大黒屋ＨＬＤＧ,東S,91,0.0 (0.00%) ,,,,,,,,,,,,,
2026-08-20,6994,指月電機製作所,東S,"1,161",+17.0 (+1.49%) ,1.16,14.73,8.2,18.99,64.77,60.97,(連),2.07,,,,,
2026-08-20,6995,東海理化電機製作所,東P,"3,120",+65.0 (+2.13%) ,0.76,9.01,9.0,59.69,26.91,63.42,(連),3.69,290.51,-0.67,1.69,6.59,2.64
2026-08-20,6996,ニチコン,東P,"2,738",+39.0 (+1.44%) ,1.54,29.14,5.5,50.74,10.85,61.16,(連),1.35,117.51,0.93,1.12,17.45,3.79
2026-08-20,6997,日本ケミコン,東P,"2,786",+36.0 (+1.31%) ,1.36,26.21,4.0,80.85,33.55,37.64,(連),0.72,145.66,0.52,2.58,25.27,13.12
2026-08-20,6998,日本タングステン,東S,"3,060",-35.0 (-1.13%) ,1.11,54.88,2.1,21.84,19.01,70.43,(連),1.63,,,,,
2026-08-20,6999,ＫＯＡ,東P,"2,218",+4.0 (+0.18%) ,0.93,20.84,4.7,74.70,320.19,58.45,(連),1.44,157.66,0.29,13.04,57.58,12.48
2026-08-20,7003,三井Ｅ＆Ｓ,東P,"4,204",+104.0 (+2.54%) ,1.85,11.03,19.3,33.08,61.74,46.32,(連),1.36,355.12,-1.73,-2.46,85.15,9.40
2026-08-20,7004,カナデビア,東P,"1,182",+20.0 (+1.72%) ,1.01,17.85,5.8,50.80,-44.01,27.39,(連),2.12,124.80,0.11,5.51,-18.97,4.08
2026-08-20,7011,三菱重工業,東P,"4,054",-43.0 (-1.05%) ,4.41,41.01,12.2,52.71,26.74,37.35,(連),0.62,124.13,1.28,-4.03,12.69,5.16
2026-08-20,7012,川崎重工業,東P,"2,672.5",-3.0 (-0.11%) ,2.54,20.65,13.7,59.98,35.35,26.41,(連),1.28,140.29,2.27,0.74,12.44,9.68
2026-08-20,7013,ＩＨＩ,東P,"2,768.5",-4.5 (-0.16%) ,4.5,18.23,28.4,50.65,33.94,26.86,(連),0.72,154.36,10.98,0.79,30.66,6.20
2026-08-20,7014,名村造船所,東S,"4,585",+295.0 (+6.88%) ,2.33,14.75,17.9,71.09,0.11,51.34,(連),1.09,341.67,1.36,7.42,4.07,4.25
2026-08-20,7018,内海造船,東S,"12,010",+410.0 (+3.53%) ,1.51,8.85,18.9,41.78,155.06,28.65,(連),0.83,,,,,
2026-08-20,7021,ニッチツ,東S,"2,168",+69.0 (+3.29%) ,0.35,21.90,1.7,0.00,0.93,71.23,(連),1.61,,,,,
2026-08-20,7022,サノヤスＨＬＤＧ,東S,316,+9.0 (+2.93%) ,0.85,7.39,12.6,3.27,53.77,36.54,(連),2.37,,,,,
2026-08-20,7030,スプリックス,東S,983,+13.0 (+1.34%) ,1.74,15.92,11.2,0.00,95.59,44.21,(連),3.87,102.00,0.15,7.69,33.33,9.21
2026-08-20,7031,インバウンドテック,東G,687,+1.0 (+0.15%) ,,,,,,,,,,,,,
2026-08-20,7033,マネジメントソリューションズ,東P,"1,712",+61.0 (+3.69%) ,4.55,15.30,31.5,0.00,-2.49,67.69,(連),1.87,130.50,0.79,-7.20,-20.58,5.61
2026-08-20,7034,プロレド・パートナーズ,東P,383,-4.0 (-1.03%) ,0.61,20.32,3.1,0.00,288.00,47.11,(連),0.00,,,,,
2026-08-20,7035,ａｎｄ　ｆａｃｔｏｒｙ,東S,284,-5.0 (-1.73%) ,,,,,,,,,,,,,
2026-08-20,7036,イーエムネットジャパン,東G,667,+12.0 (+1.83%) ,,,,,,,,,,,,,
2026-08-20,7037,テノ．ＨＬＤＧ,東S,838,+8.0 (+0.96%) ,2.12,34.80,6.2,0.00,231.87,17.3,(連),1.19,,,,,
2026-08-20,7038,フロンティア・マネジメント,東P,583,+12.0 (+2.10%) ,,,,,,,,,,,,,
2026-08-20,7039,ブリッジインターナショナルグル,東G,"1,372",+10.0 (+0.73%) ,1.05,9.19,11.8,0.00,-13.33,83.53,(連),6.20,,,,,
2026-08-20,7040,サン・ライフＨＬＤＧ,東S,968,-2.0 (-0.21%) ,0.86,9.56,9.2,0.00,-9.79,19.2,(連),3.51,,,,,
2026-08-20,7041,ＣＲＧ　ＨＬＤＧ,東G,345,-2.0 (-0.58%) ,0.66,12.44,5.4,0.00,377.27,32.22,(連),2.61,,,,,
2026-08-20,7042,アクセスグループ・ＨＬＤＧ,東S,708,-14.0 (-1.94%) ,,,,,,,,,,,,,
2026-08-20,7043,アルー,東G,955,+12.0 (+1.27%) ,1.72,10.04,18.6,0.00,632.84,58.78,(連),0.73,,,,,
2026-08-20,7044,ピアラ,東S,517,-11.0 (-2.08%) ,6.49,18.54,39.4,0.00,275.00,13.6,(連),0.00,,,,,
2026-08-20,7046,ＴＤＳＥ,東G,"1,302",+9.0 (+0.70%) ,1.15,15.59,7.6,0.00,15.42,79.72,(単),0.77,,,,,
2026-08-20,7047,ポート,東G,"2,350",+146.0 (+6.62%) ,2.92,11.38,28.5,0.00,36.56,29.28,(連),0.51,251.50,0.43,6.00,12.77,33.26
2026-08-20,7048,ベルトラ,東G,153,+8.0 (+5.52%) ,2.12,39.84,5.5,0.00,133.22,28.31,(連),0.00,,,,,
2026-08-20,7049,識学,東G,870,+10.0 (+1.16%) ,2.55,24.89,11.3,0.00,40.17,57.4,(連),0.00,,,,,
2026-08-20,7050,フロンティアインターナショナル,東G,"1,428",+48.0 (+3.48%) ,1.3,10.21,13.3,0.00,66.38,58.58,(連),4.90,,,,,
2026-08-20,7057,エヌ・シー・エヌ,東S,905,+5.0 (+0.56%) ,1.27,18.58,6.9,0.00,-35.96,34.96,(連),3.43,,,,,
2026-08-20,7058,共栄セキュリティーサービス,東S,"2,932",+30.0 (+1.03%) ,,,,,,,,,,,,,
2026-08-20,7059,コプロ・ＨＬＤＧ,東P,915,+11.0 (+1.22%) ,3.53,12.14,31.7,0.00,31.65,20.84,(連),4.37,,,,,
2026-08-20,7060,ギークス,東S,593,+5.0 (+0.85%) ,1.97,9.45,22.2,35.13,70.45,38.7,(連),5.06,,,,,
2026-08-20,7061,日本ホスピスＨＬＤＧ,東G,477,+2.0 (+0.42%) ,1.09,14.42,7.8,0.00,-45.38,19.43,(連),5.24,17.80,-0.58,-56.14,-86.84,13.11
2026-08-20,7062,フレアス,東G,707,-16.0 (-2.21%) ,,,,,,,,,,,,,
2026-08-20,7063,Ｂｉｒｄｍａｎ,東G,91,+4.0 (+4.60%) ,,,,,,,,,,,,,
2026-08-20,7064,ハウテレビジョン,東S,878,+11.0 (+1.27%) ,1.67,24.73,7.1,0.00,-38.00,52.34,(連),0.00,9.30,-1.28,-73.33,-94.29,104.93
2026-08-20,7065,ユーピーアール,東S,"1,014",+6.0 (+0.60%) ,0.85,23.10,3.7,0.00,-14.69,41.66,(連),2.47,97.90,0.08,15.38,87.50,0.44
2026-08-20,7066,ピアズ,東G,434,-2.0 (-0.46%) ,1.42,9.22,15.4,0.00,9.96,61.87,(連),3.69,,,,,
2026-08-20,7067,ブランディングテクノロジー,東G,"1,030",0.0 (0.00%) ,1.31,36.64,3.6,0.00,-32.77,58.3,(連),0.97,,,,,
2026-08-20,7068,フィードフォースグループ,東G,601,+18.0 (+3.09%) ,,,,,,,,,,,,,
2026-08-20,7069,サイバー・バズ,東G,545,+11.0 (+2.06%) ,5.83,11.36,98.1,0.00,120.09,18.82,(連),0.00,45.85,-2.70,71.93,-18.33,4.83
2026-08-20,7071,アンビスＨＬＤＧ,東P,430,+11.0 (+2.63%) ,1.16,11.46,10.6,0.00,-39.88,43.04,(連),0.93,24.40,-0.50,-11.61,-61.12,9.49
2026-08-20,7072,インティメート・マージャー,東G,"1,177",+64.0 (+5.75%) ,2.38,24.87,9.9,0.00,166.28,69.05,(連),0.00,,,,,
2026-08-20,7073,ジェイック,東G,"2,285",+29.0 (+1.29%) ,1.98,16.25,12.7,0.00,-17.87,34.18,(連),2.41,,,,,
2026-08-20,7074,トゥエンティーフォーセブンＨＤ,東G,191,+1.0 (+0.53%) ,,,,,,,,,,,,,
2026-08-20,7075,ＱＬＳ　ＨＬＤＧ,東G,854,+2.0 (+0.23%) ,3.08,12.52,27.7,0.00,51.52,36.09,(連),1.17,,,,,
2026-08-20,7076,名南Ｍ＆Ａ,名M,"1,037",+1.0 (+0.10%) ,,,,,,,,,,,,,
2026-08-20,7077,ＡＬｉＮＫインターネット,東G,"1,012",+2.0 (+0.20%) ,,,,,,,,,,,,,
2026-08-20,7078,ＩＮＣＬＵＳＩＶＥ　ＨＬＤＧ,東G,357,+13.0 (+3.78%) ,,,,,,,,,,,,,
2026-08-20,7079,ＷＤＢココ,東G,--,-- (--%) ,,,,,,,,,,,,,
2026-08-20,7080,スポーツフィールド,東G,845,+1.0 (+0.12%) ,2.55,7.88,37.4,0.00,24.08,62.53,(連),2.49,,,,,
2026-08-20,7081,コーユーレンティア,東S,"1,312",+6.0 (+0.46%) ,1.16,7.49,16.4,0.00,40.60,61.24,(連),2.74,,,,,
2026-08-20,7082,ジモティー,東G,"1,406",+2.0 (+0.14%) ,,,,,,,,,38.90,-1.96,0.00,-8.33,8.80
2026-08-20,7083,ＡＨＣグループ,東G,"1,086",-13.0 (-1.18%) ,1.91,"2,216.33",0.1,0.00,-17.53,19.38,(連),1.10,,,,,
2026-08-20,7084,Ｓｍｉｌｅ　ＨＬＤＧ,東G,"2,779",+14.0 (+0.51%) ,,,,,,,,,,,,,
2026-08-20,7085,カーブスＨＬＤＧ,東P,960,+3.0 (+0.31%) ,4.38,20.53,21.8,0.00,18.44,51.42,(連),1.77,56.90,0.78,1.96,5.20,9.74
2026-08-20,7087,ウイルテック,東S,"1,391",-7.0 (-0.50%) ,,,,,,,,,,,,,
2026-08-20,7089,フォースタートアップス,東G,"1,623",+53.0 (+3.38%) ,3.81,13.09,33.2,0.00,134.52,55.45,(連),0.00,,,,,
2026-08-20,7090,リグア,東G,868,-3.0 (-0.34%) ,,,,,,,,,,,,,
2026-08-20,7091,リビングプラットフォーム,東G,"1,276",+12.0 (+0.95%) ,2.29,14.41,17.7,0.00,49.20,18.74,(連),0.39,,,,,
2026-08-20,7093,アディッシュ,東G,570,+15.0 (+2.70%) ,2.2,"1,540.54",0.2,0.00,117.95,40.98,(連),0.00,,,,,
2026-08-20,7094,ＮｅｘＴｏｎｅ,東G,"1,794",+123.0 (+7.36%) ,3.15,22.13,15.3,38.74,29.77,35.16,(連),1.11,125.40,0.26,-21.95,-33.33,6.70
2026-08-20,7095,Ｍａｃｂｅｅ　Ｐｌａｎｅｔ,東P,"1,259",+44.0 (+3.62%) ,1.24,7.43,19.0,0.00,-28.69,52.36,(連),4.37,169.24,-51.05,-7.52,-56.51,1.24
2026-08-20,7096,ステムセル研究所,東G,775,+5.0 (+0.65%) ,2.91,50.19,5.8,0.00,-49.30,33.01,(連),0.00,10.90,-2.42,-66.67,-87.50,7.57
2026-08-20,7097,さくらさくプラス,東G,"2,733",+8.0 (+0.29%) ,2.06,19.48,11.0,0.00,18.48,43.91,(連),0.88,,,,,
2026-08-20,7098,エージェント,東PRO,--,-- (--%) ,,,,,,,,,,,,,
2026-08-20,7102,日本車輌製造,東P,"3,600",+50.0 (+1.41%) ,0.63,4.45,15.9,1.38,64.26,53.91,(連),1.25,,,,,
2026-08-20,7110,クラシコム,東G,"2,018",+14.0 (+0.70%) ,2.8,20.77,14.3,0.00,-3.39,84.44,(連),2.38,,,,,
2026-08-20,7111,ＩＮＥＳＴ,東S,497,+1.0 (+0.20%) ,0.71,20.09,3.6,0.00,58.42,45.47,(連),0.00,,,,,
2026-08-20,7112,キューブ,東G,700,+1.0 (+0.14%) ,1.06,122.81,0.9,34.43,-62.94,87.65,(単),0.00,,,,,
2026-08-20,7114,フーディソン,東G,790,+5.0 (+0.64%) ,1.49,24.17,6.3,0.00,10.06,71.18,(連),0.00,,,,,
2026-08-20,7115,アルファパーチェス,東S,"1,518",+19.0 (+1.27%) ,2.2,14.29,16.1,0.00,20.86,33.96,(連),2.44,,,,,
2026-08-20,7119,ハルメクＨＬＤＧ,東G,"1,718",+3.0 (+0.17%) ,2.13,18.01,12.3,0.00,69.31,42.02,(連),1.98,,,,,
2026-08-20,7120,ＳＨＩＮＫＯ,東S,"1,003",+4.0 (+0.40%) ,2.08,6.99,33.6,0.00,34.01,25.92,(単),4.29,,,,,
2026-08-20,7122,近畿車輛,東S,"2,361",-14.0 (-0.59%) ,0.45,10.34,4.5,26.60,-43.36,49.3,(連),2.12,,,,,
2026-08-20,7126,グローバルスタイル,東S,"1,439",+12.0 (+0.84%) ,1.67,9.53,18.7,0.00,25.15,39.03,(単),2.29,,,,,
2026-08-20,7127,一家ＨＬＤＧ,東S,701,+2.0 (+0.29%) ,,,,,,,,,,,,,
2026-08-20,7128,ユニソルＨＬＤＧ,東P,"2,878",+19.0 (+0.66%) ,0.95,36.05,2.6,17.35,-10.30,62.11,(連),3.51,,,,,
2026-08-20,7129,ミアヘルサＨＬＤＧ,東S,"1,153",+1.0 (+0.09%) ,0.83,16.05,5.2,0.00,28.42,25.1,(連),2.60,,,,,
2026-08-20,7130,ヤマエグループＨＬＤＧ,東P,"2,940",+66.0 (+2.30%) ,0.76,7.36,11.3,0.00,6.26,23.74,(連),2.72,,,,,
2026-08-20,7131,のむら産業,東S,"3,640",+20.0 (+0.55%) ,2.07,9.47,24.1,0.00,47.65,47.29,(連),2.45,,,,,
2026-08-20,7132,フローバル,東PRO,--,-- (--%) ,,,,,,,,,,,,,
2026-08-20,7133,ＨＹＵＧＡ　ＰＲＩＭＡＲＹ　Ｃ,東G,"1,310",+2.0 (+0.15%) ,3.42,18.61,19.7,0.00,-24.07,32.94,(連),1.53,,,,,
2026-08-20,7134,アップガレージグループ,東S,"1,417",+35.0 (+2.53%) ,2.19,14.36,16.0,0.00,4.25,69.45,(連),2.58,,,,,
2026-08-20,7135,ジャパンクラフトＨＬＤＧ,東S,182,-1.0 (-0.55%) ,,,,,,,,,,,,,
2026-08-20,7137,グラントマト,東PRO,--,-- (--%) ,1.54,5.30,33.7,0.00,106.38,24.34,(単),3.33,,,,,
2026-08-20,7138,ＴＯＲＩＣＯ,東G,143,+19.0 (+15.32%) ,,,,,,,,,,,,,
2026-08-20,7139,東京高圧山崎,東PRO,--,-- (--%) ,,,,,,,,,,,,,
2026-08-20,7140,ペットゴー,東G,809,+7.0 (+0.87%) ,,,,,,,,,,,,,
2026-08-20,7148,ＦＰＧ,東P,"1,636",+30.0 (+1.87%) ,2.4,7.57,32.9,0.00,-8.36,44.98,(連),7.97,191.10,-0.74,-25.16,-39.43,-26.33
2026-08-20,7150,島根銀行,東S,527,+7.0 (+1.35%) ,,,,,,,,,,,,,
2026-08-20,7157,ライフネット生命保険,東P,"1,489",+60.0 (+4.20%) ,1.25,14.87,8.6,0.00,24.26,78.47,(連),0.00,,,,,
2026-08-20,7161,じもとＨＬＤＧ,東S,551,+3.0 (+0.55%) ,,,,,,,,,,,,,
2026-08-20,7162,アストマックス,東S,269,+6.0 (+2.28%) ,,,,,,,,,,,,,
2026-08-20,7164,全国保証,東P,"3,168",-4.0 (-0.13%) ,1.72,13.00,13.4,0.00,4.57,48.95,(連),3.79,251.75,3.81,-0.56,-1.16,1.24
2026-08-20,7167,めぶきフィナンシャルグループ,東P,"1,608.5",-20.0 (-1.23%) ,,,,,,,,,109.88,0.63,0.64,33.46,8.32
2026-08-20,7170,中央インターナショナルグループ,東PRO,--,-- (--%) ,,,,,,,,,,,,,
2026-08-20,7172,ジャパンインベストメントアドバ,東P,"2,070",+11.0 (+0.53%) ,1.71,11.89,15.0,0.50,42.89,25.03,(連),4.20,201.50,0.65,-26.36,-26.36,23.40
2026-08-20,7173,東京きらぼしＦＧ,東P,"1,692",-9.0 (-0.53%) ,,,,,,,,,,,,,
2026-08-20,7175,今村証券,東S,"1,813",+91.0 (+5.28%) ,0.7,8.79,8.4,0.00,44.01,49.57,(単),4.03,,,,,
2026-08-20,7176,シンプレクス・ファイナンシャル,東PRO,--,-- (--%) ,,,,,,,,,,,,,
2026-08-20,7177,ＧＭＯフィナンシャルＨＬＤＧ,東S,"1,095",+21.0 (+1.96%) ,2.44,12.37,20.7,0.00,80.92,3.76,(連),5.26,,,,,
2026-08-20,7180,九州ＦＧ,東P,"1,498",+7.0 (+0.47%) ,,,,,,,,,103.50,0.79,2.90,0.98,0.00
2026-08-20,7181,かんぽ生命保険,東P,"1,635.5",+3.5 (+0.21%) ,0.43,10.72,4.6,0.00,59.69,7.11,(連),2.53,150.38,-7.64,5.56,6.54,-7.82
2026-08-20,7182,ゆうちょ銀行,東P,"3,120",-53.0 (-1.67%) ,,,,,,,,,187.90,0.60,0.46,22.38,-16.05
2026-08-20,7183,あんしん保証,東S,254,0.0 (0.00%) ,1.7,15.11,11.8,0.00,139.88,17.54,(単),0.00,,,,,
2026-08-20,7184,富山第一銀行,東P,"3,125",+25.0 (+0.81%) ,,,,,,,,,,,,,
2026-08-20,7185,ヒロセ通商,東S,"3,900",0.0 (0.00%) ,1.1,11.61,9.9,0.00,0.10,15.88,(連),1.00,,,,,
2026-08-20,7186,横浜ＦＧ,東P,"1,853",0.0 (0.00%) ,,,,,,,,,125.62,0.44,0.96,24.67,-4.70
2026-08-20,7187,ジェイリース,東P,"1,385",+19.0 (+1.39%) ,,,,,,,,,151.40,0.94,2.50,2.50,20.80
2026-08-20,7189,西日本フィナンシャルＨＬＤＧ,東P,"4,615",+10.0 (+0.22%) ,,,,,,,,,361.75,0.50,0.00,14.20,17.59
2026-08-20,7191,イントラスト,東S,"1,165",-7.0 (-0.60%) ,,,,,,,,,87.20,1.13,6.67,10.34,16.70
2026-08-20,7192,日本モーゲージサービス,東S,629,+5.0 (+0.80%) ,0.96,7.96,12.6,0.00,21.11,38.99,(連),4.77,,,,,
2026-08-20,7196,Ｃａｓａ,東S,742,-1.0 (-0.13%) ,1.02,58.98,1.7,0.00,-97.12,43.46,(連),2.02,,,,,
2026-08-20,7198,ＳＢＩアルヒ,東P,832,+5.0 (+0.60%) ,,,,,,,,,44.78,1.80,0.00,0.07,8.20
2026-08-20,7199,プレミアグループ,東P,"2,144",+55.0 (+2.63%) ,3.3,13.64,27.5,0.00,25.81,12.7,(連),2.52,178.70,0.88,2.88,-6.14,18.53
2026-08-20,7201,日産自動車,東P,337.4,+21.4 (+6.77%) ,,,,,,,,,1.34,-2.49,4.61,-35.63,-0.48
2026-08-20,7202,いすゞ自動車,東P,"2,230",+63.0 (+2.91%) ,1.04,11.55,9.5,60.18,-5.87,40.39,(連),4.13,247.21,0.32,-0.03,-3.35,7.50
2026-08-20,7203,トヨタ自動車,東P,"3,066",+125.0 (+4.25%) ,1.0,10.38,10.1,56.45,-19.67,37.83,(連),3.10,296.78,19.90,1.14,12.59,4.61
2026-08-20,7208,カネミツ,東S,"1,289",-1.0 (-0.08%) ,0.53,8.87,6.2,26.35,15.60,77.21,(連),2.83,,,,,
2026-08-20,7211,三菱自動車工業,東P,353.8,+15.1 (+4.46%) ,0.51,47.30,1.1,16.26,-19.97,38.02,(連),2.83,20.38,0.10,-0.76,-11.21,5.10
2026-08-20,7212,エフテック,東S,726,+8.0 (+1.11%) ,0.23,2.85,8.6,90.11,145.98,31.83,(連),3.31,,,,,
2026-08-20,7213,レシップＨＬＤＧ,東S,665,+17.0 (+2.62%) ,0.94,8.71,11.2,14.76,-56.70,50.55,(連),3.61,,,,,
2026-08-20,7214,ＧＭＢ,東S,"1,110",+1.0 (+0.09%) ,,,,,,,,,,,,,
2026-08-20,7215,ファルテック,東S,438,+7.0 (+1.62%) ,,,,,,,,,,,,,
2026-08-20,7217,テイン,東S,458,-1.0 (-0.22%) ,0.67,13.48,5.2,63.95,16.62,76.02,(連),3.49,,,,,
2026-08-20,7218,田中精密工業,東S,"1,080",-5.0 (-0.46%) ,0.41,8.78,4.8,44.99,-18.53,54.4,(連),2.96,,,,,
2026-08-20,7219,エッチ・ケー・エス,東S,"2,667",+9.0 (+0.34%) ,0.35,10.44,3.4,32.42,-3.99,80.48,(連),2.44,,,,,
2026-08-20,7220,武蔵精密工業,東P,"3,415",+35.0 (+1.04%) ,1.83,177.03,1.1,86.11,12.51,40.46,(連),1.17,131.12,0.04,4.33,-37.56,0.56
2026-08-20,7222,日産車体,東S,970,+34.0 (+3.63%) ,0.71,19.06,3.8,0.00,157.91,66.33,(連),1.60,,,,,
2026-08-20,7224,新明和工業,東P,"1,975",+10.0 (+0.51%) ,1.05,11.35,9.7,9.70,20.60,42.18,(連),2.84,,,,,
2026-08-20,7226,極東開発工業,東P,"2,342",+32.0 (+1.39%) ,0.8,24.39,3.2,0.00,37.56,55.75,(連),5.98,,,,,
2026-08-20,7227,アスカ,名M,"1,850",0.0 (0.00%) ,0.73,6.94,11.1,19.92,13.16,35.97,(連),2.92,,,,,
2026-08-20,7228,デイトナ,東S,"3,965",0.0 (0.00%) ,1.0,8.21,12.9,20.08,-4.88,80.08,(連),3.40,,,,,
2026-08-20,7231,トピー工業,東P,"3,065",+66.0 (+2.20%) ,0.46,6.59,7.3,26.43,37.98,53.01,(連),4.24,348.00,-0.35,8.84,15.56,4.06
2026-08-20,7235,東京ラヂエーター製造,東S,"1,580",+24.0 (+1.54%) ,0.63,7.35,8.9,18.88,32.34,71.97,(連),4.11,,,,,
2026-08-20,7236,ティラド,東P,"1,529",+27.0 (+1.80%) ,1.63,10.35,17.2,54.32,52.80,53.15,(連),3.66,,,,,
2026-08-20,7238,曙ブレーキ工業,東P,109,+3.0 (+2.83%) ,0.8,16.05,3.7,65.85,310.92,39.22,(連),0.00,,,,,
2026-08-20,7239,タチエス,東P,"2,326",+47.0 (+2.06%) ,0.76,8.58,9.2,60.15,28.25,61.56,(連),4.51,262.80,-2.91,12.77,12.77,-1.75
2026-08-20,7240,ＮＯＫ,東P,"3,008",+32.5 (+1.09%) ,0.76,10.56,7.7,66.78,3.70,65.66,(連),4.32,305.95,1.33,-1.16,-8.35,-0.35
2026-08-20,7241,フタバ産業,東P,"1,107",+21.0 (+1.93%) ,,,,,,,,,158.45,-0.60,1.71,-0.48,-0.88
2026-08-20,7242,カヤバ,東P,"4,665",+65.0 (+1.41%) ,0.85,7.38,12.2,61.77,58.84,50.59,(連),3.34,595.30,-1.35,-13.43,5.45,6.80
2026-08-20,7244,市光工業,東P,572,+16.0 (+2.88%) ,0.7,8.87,8.3,32.39,16.10,61.02,(連),2.45,57.30,-0.90,-0.62,-6.10,-1.35
2026-08-20,7245,大同メタル工業,東P,"1,290",-4.0 (-0.31%) ,0.74,13.76,5.7,60.66,8.53,39.2,(連),2.40,112.70,0.57,20.49,19.87,5.88
2026-08-20,7246,プレス工業,東P,978,+19.0 (+1.98%) ,0.79,11.39,7.2,51.10,36.45,58.01,(連),3.78,82.90,-3.43,-2.55,25.94,2.29
2026-08-20,7247,ミクニ,東S,367,+5.0 (+1.38%) ,0.31,10.31,3.1,61.20,17.40,38.03,(連),3.81,,,,,
2026-08-20,7254,ユニバンス,東S,795,-17.0 (-2.09%) ,0.57,17.96,3.3,68.81,19.86,59.94,(連),2.26,,,,,
2026-08-20,7255,桜井製作所,東S,513,-12.0 (-2.29%) ,0.34,7.30,4.7,31.08,19.11,67.73,(連),2.92,,,,,
2026-08-20,7256,河西工業,東S,440,0.0 (0.00%) ,1.59,4.69,27.8,86.82,542.70,11.51,(連),0.00,,,,,
2026-08-20,7259,アイシン,東P,"2,267",+70.5 (+3.21%) ,0.75,9.74,8.2,54.73,42.95,48.77,(連),3.09,229.52,-7.37,-0.17,5.86,3.86
2026-08-20,7261,マツダ,東P,"1,201.5",+67.0 (+5.91%) ,0.4,21.59,1.9,87.47,-30.24,42.54,(連),4.58,149.99,0.05,2.53,12.08,2.84
2026-08-20,7264,ムロコーポレーション,東S,"1,321",+1.0 (+0.08%) ,,,,,,,,,,,,,
2026-08-20,7265,エイケン工業,東S,"3,860",+5.0 (+0.13%) ,0.65,12.09,5.5,51.98,49.50,77.8,(単),2.85,,,,,
2026-08-20,7266,今仙電機製作所,東S,986,+27.0 (+2.82%) ,0.38,8.53,4.4,56.35,315.26,68.73,(連),2.74,,,,,
2026-08-20,7267,本田技研工業,東P,"1,741.5",+79.5 (+4.78%) ,,,,,,,,,102.31,-0.09,3.79,-34.47,3.55
2026-08-20,7269,スズキ,東P,"2,087",+65.0 (+3.21%) ,1.19,9.17,13.8,74.61,0.07,50.96,(連),2.20,215.54,-1.81,0.96,6.52,8.08
2026-08-20,7270,ＳＵＢＡＲＵ,東P,"2,633.5",+115.0 (+4.57%) ,0.68,20.98,3.3,85.37,-76.04,50.62,(連),4.39,0.71,-37.30,1.04,-21.17,4.31
2026-08-20,7271,安永,東S,810,+17.0 (+2.14%) ,0.57,4.46,14.4,40.18,130.99,34.76,(連),2.84,,,,,
2026-08-20,7272,ヤマハ発動機,東P,"1,932.5",+58.5 (+3.12%) ,1.66,116.49,1.4,93.87,-27.28,39.01,(連),1.81,137.29,0.02,3.63,20.93,3.86
2026-08-20,7273,イクヨ,東S,586,+1.0 (+0.17%) ,1.28,5.43,27.3,43.90,406.06,40.56,(連),5.63,,,,,
2026-08-20,7276,小糸製作所,東P,"2,671.5",+51.5 (+1.97%) ,1.14,44.35,2.7,61.87,19.62,68.06,(連),2.10,173.20,0.08,-0.24,36.17,2.43
2026-08-20,7277,ＴＢＫ,東S,355,+3.0 (+0.85%) ,0.36,75.37,0.5,45.34,470.23,55.49,(連),2.25,,,,,
2026-08-20,7278,エクセディ,東P,"6,100",+30.0 (+0.49%) ,1.16,16.30,7.3,61.98,15.90,60.2,(連),4.92,,,,,
2026-08-20,7279,ハイレックスコーポレーション,東S,"2,535",+36.0 (+1.44%) ,0.54,11.27,4.9,82.98,166.67,63.22,(連),1.81,,,,,
2026-08-20,7280,ミツバ,東P,"1,335",+41.0 (+3.17%) ,0.56,5.56,11.0,82.89,21.01,34.37,(連),1.87,,,,,
2026-08-20,7282,豊田合成,東P,"5,339",+286.0 (+5.66%) ,1.1,10.81,11.2,61.28,52.48,57.26,(連),2.58,506.40,4.24,0.63,22.67,7.32
2026-08-20,7283,愛三工業,東P,"2,308",+75.0 (+3.36%) ,0.93,10.14,9.4,70.46,-0.33,45.54,(連),3.47,234.95,3.05,-0.95,-19.38,1.63
2026-08-20,7284,盟和産業,東S,"1,199",0.0 (0.00%) ,0.35,54.08,0.6,22.03,-43.91,52.93,(連),4.17,,,,,
2026-08-20,7287,日本精機,東S,"2,558",+47.0 (+1.87%) ,0.63,17.86,3.7,35.95,48.49,66.69,(連),3.13,175.50,0.65,-1.85,-1.85,2.25
2026-08-20,7291,日本プラスト,東S,457,+3.0 (+0.66%) ,0.23,4.30,5.6,56.97,24.58,43.89,(連),6.56,,,,,
2026-08-20,7292,村上開明堂,東S,"6,700",+60.0 (+0.90%) ,0.82,12.76,6.6,56.39,5.07,77.63,(連),3.58,,,,,
2026-08-20,7294,ヨロズ,東P,931,+19.0 (+2.08%) ,0.35,10.25,3.9,69.14,281.80,39.17,(連),3.54,,,,,
2026-08-20,7296,エフ・シー・シー,東P,"4,170",+85.0 (+2.08%) ,0.99,10.77,9.6,92.89,7.56,77.55,(連),4.65,365.50,-2.02,-1.09,12.65,1.69
2026-08-20,7297,カーメイト,東S,854,+2.0 (+0.23%) ,0.4,21.42,1.9,13.21,73.21,75.22,(連),3.51,,,,,
2026-08-20,7299,フジオーゼックス,東S,"1,856",+30.0 (+1.64%) ,0.57,8.72,6.9,33.96,17.22,83.87,(連),2.91,,,,,
2026-08-20,7305,新家工業,東S,"2,697",+16.0 (+0.60%) ,,,,,,,,,,,,,
2026-08-20,7309,シマノ,東P,"20,485","+1,050.0 (+5.40%) ",2.04,52.77,3.9,90.92,-52.34,92.54,(連),1.65,547.75,0.91,-0.15,-30.84,4.11
2026-08-20,7313,テイ・エス　テック,東P,"1,843.5",+26.5 (+1.46%) ,0.69,30.54,2.3,80.05,-22.92,73.31,(連),4.88,76.30,0.92,-6.87,-27.68,-1.71
2026-08-20,7314,小田原機器,東S,"1,301",+15.0 (+1.17%) ,1.0,42.92,2.3,0.00,-47.64,56.96,(連),3.07,,,,,
2026-08-20,7318,セレンディップＨＬＤＧ,東G,"1,470",+60.0 (+4.26%) ,1.98,6.47,38.6,0.00,228.98,23.39,(連),0.00,,,,,
2026-08-20,7320,Ｓｏｌｖｖｙ,東G,"1,432",+59.0 (+4.30%) ,,,,,,,,,184.60,0.39,0.00,18.52,15.85
2026-08-20,7322,三十三ＦＧ,東P,"2,025",+43.0 (+2.17%) ,,,,,,,,,,,,,
2026-08-20,7325,アイリックコーポレーション,東G,698,+11.0 (+1.60%) ,1.47,13.14,11.6,0.00,39.78,64.16,(連),4.30,,,,,
2026-08-20,7326,ＳＢＩインシュアランスグループ,東G,"2,095",+16.0 (+0.77%) ,1.08,18.05,6.4,0.00,38.95,20.28,(連),2.22,,,,,
2026-08-20,7327,第四北越ＦＧ,東P,"2,427",0.0 (0.00%) ,,,,,,,,,,,,,
2026-08-20,7337,ひろぎんＨＬＤＧ,東P,"2,269.5",-10.5 (-0.46%) ,,,,,,,,,168.23,0.88,-0.07,-2.87,5.88
2026-08-20,7343,ブロードマインド,東G,"1,253",+3.0 (+0.24%) ,1.78,18.14,9.9,0.00,14.95,75.63,(連),5.51,,,,,
2026-08-20,7345,アイ・パートナーズフィナンシャ,東G,940,-5.0 (-0.53%) ,,,,,,,,,,,,,
2026-08-20,7347,マーキュリアＨＬＤＧ,東P,773,-6.0 (-0.77%) ,0.83,8.88,9.5,36.09,120.74,76.63,(連),2.85,,,,,
2026-08-20,7350,おきなわＦＧ,東P,"7,690",-20.0 (-0.26%) ,,,,,,,,,585.60,1.23,2.86,11.11,12.23
2026-08-20,7351,グッドパッチ,東G,471,+4.0 (+0.86%) ,0.99,10.16,10.2,0.00,"1,232.61",78.56,(連),2.12,,,,,
2026-08-20,7352,ＴＷＯＳＴＯＮＥ＆Ｓｏｎｓ,東G,365,+9.0 (+2.53%) ,4.72,32.07,15.9,0.00,81.35,33.69,(連),0.14,12.10,4.77,-23.08,-41.18,22.66
2026-08-20,7353,ＫＩＹＯラーニング,東G,538,+1.0 (+0.19%) ,2.31,12.52,20.3,0.00,40.28,32.13,(単),0.00,,,,,
2026-08-20,7354,ＤｍＭＩＸ,東S,383,+8.0 (+2.13%) ,1.2,13.22,9.4,0.00,49.02,54.28,(連),1.83,,,,,
2026-08-20,7355,一寸房,東PRO,--,-- (--%) ,1.49,8.67,18.8,0.00,900.00,18.48,(単),0.00,,,,,
2026-08-20,7356,ＲＥＴＴＹ,東G,118,+2.0 (+1.72%) ,5.21,149.37,3.6,0.00,113.83,36.04,(単),0.00,,,,,
2026-08-20,7357,ジオコード,東S,"1,770",+8.0 (+0.45%) ,,,,,,,,,,,,,
2026-08-20,7358,ポピンズ,東S,"1,757",-4.0 (-0.23%) ,1.85,15.00,12.9,0.00,13.68,56.13,(連),2.56,,,,,
2026-08-20,7359,東京通信グループ,東G,260,+13.0 (+5.26%) ,3.31,11.37,35.5,46.62,415.17,20.81,(連),0.00,,,,,
2026-08-20,7360,オンデック,東G,649,-1.0 (-0.15%) ,,,,,,,,,,,,,
2026-08-20,7361,ヒューマンクリエイションＨＬＤ,東G,"1,209",-1.0 (-0.08%) ,2.44,9.60,28.1,0.00,22.89,33.48,(連),2.23,,,,,
2026-08-20,7362,Ｔ．Ｓ．Ｉ,東G,856,+17.0 (+2.03%) ,0.92,15.86,6.0,0.00,-20.23,24.35,(連),0.00,,,,,
2026-08-20,7363,ベビーカレンダー,東G,"1,299",+40.0 (+3.18%) ,1.59,25.98,6.4,0.00,374.42,39.82,(単),0.00,,,,,
2026-08-20,7364,琉球アスティーダスポーツクラブ,東PRO,--,-- (--%) ,,,,,,,,,,,,,
2026-08-20,7366,ＬＩＴＡＬＩＣＯ,東P,"1,869",+48.0 (+2.64%) ,4.52,24.10,20.4,54.78,31.95,32.79,(連),0.59,97.13,0.76,0.99,6.39,15.17
2026-08-20,7367,セルム,東S,335,0.0 (0.00%) ,2.33,12.44,20.6,0.00,7.50,41.94,(連),4.48,,,,,
2026-08-20,7368,表示灯,東S,"1,705",-5.0 (-0.29%) ,,,,,,,,,,,,,
2026-08-20,7369,メイホーＨＬＤＧ,東G,350,-1.0 (-0.28%) ,,,,,,,,,,,,,
2026-08-20,7370,Ｅｎｊｉｎ,東G,715,+6.0 (+0.85%) ,,,,,,,,,,,,,
2026-08-20,7371,Ｚｅｎｋｅｎ,東G,747,+7.0 (+0.95%) ,,,,,,,,,,,,,
2026-08-20,7372,デコルテＨＬＤＧ,東G,392,+2.0 (+0.51%) ,0.4,13.79,3.0,0.00,60.38,40.43,(連),0.00,52.70,0.09,42.86,33.33,8.91
2026-08-20,7373,アイドマＨＬＤＧ,東G,956,+26.0 (+2.80%) ,1.98,7.41,28.1,0.00,29.38,65.99,(連),3.14,115.15,-0.77,-34.38,-40.00,20.82
2026-08-20,7374,コンフィデンス・インターワーク,東G,"1,525",+6.0 (+0.39%) ,1.51,11.87,13.3,0.00,-3.20,80.46,(連),4.92,162.70,0.35,-13.61,-99.91,17.58
2026-08-20,7375,リファインバースグループ,東G,"1,185",+17.0 (+1.46%) ,,,,,,,,,,,,,
2026-08-20,7376,ＢＣＣ,東G,927,-15.0 (-1.59%) ,,,,,,,,,,,,,
2026-08-20,7377,ＤＮ　ＨＬＤＧ,東S,"1,688",-1.0 (-0.06%) ,,,,,,,,,,,,,
2026-08-20,7378,アシロ,東G,"1,516",+12.0 (+0.80%) ,3.53,10.79,37.8,0.00,344.25,64.84,(連),2.78,,,,,
2026-08-20,7380,十六ＦＧ,東P,"2,510",+5.0 (+0.20%) ,,,,,,,,,,,,,
2026-08-20,7381,ＣＣＩグループ,東P,"1,220",+12.0 (+0.99%) ,,,,,,,,,,,,,
2026-08-20,7383,ネットプロテクションズＨＬＤＧ,東P,438,+27.0 (+6.57%) ,2.07,25.11,8.6,0.00,33.38,24.71,(連),0.00,22.25,0.71,-1.13,13.39,10.58
2026-08-20,7384,プロクレアＨＬＤＧ,東P,"4,410",-120.0 (-2.65%) ,,,,,,,,,,,,,
2026-08-20,7388,ＦＰパートナー,東P,"2,245",-13.0 (-0.58%) ,4.41,25.28,17.3,0.00,-42.60,64.22,(単),4.19,75.08,-1.94,-5.24,-37.46,-4.23
2026-08-20,7389,あいちＦＧ,東P,"1,809",+40.0 (+2.26%) ,,,,,,,,,,,,,
2026-08-20,7399,ナンシン,東S,596,-2.0 (-0.33%) ,,,,,,,,,,,,,
2026-08-20,7409,ＡｅｒｏＥｄｇｅ,東G,"1,432",+82.0 (+6.07%) ,,,,,,,,,68.20,0.22,-6.06,19.23,50.91
2026-08-20,7412,アトム,東S,362,+5.0 (+1.40%) ,,,,,,,,,,,,,
2026-08-20,7413,創健社,東S,--,-- (--%) ,,,,,,,,,,,,,
2026-08-20,7414,小野建,東P,"1,453",+7.0 (+0.48%) ,,,,,,,,,,,,,
2026-08-20,7416,はるやまＨＬＤＧ,東S,681,+1.0 (+0.15%) ,,,,,,,,,,,,,
2026-08-20,7417,南陽,東S,"1,860",+19.0 (+1.03%) ,0.83,9.79,8.9,0.00,-2.06,65.24,(連),3.66,,,,,
2026-08-20,7419,ノジマ,東P,"1,278",-2.0 (-0.16%) ,1.51,9.49,17.5,0.00,21.68,40.79,(連),1.38,,,,,
2026-08-20,7421,カッパ・クリエイト,東P,"1,594",+6.0 (+0.38%) ,,,,,,,,,,,,,
2026-08-20,7422,東邦レマック,東S,358,+2.0 (+0.56%) ,0.4,104.07,0.4,0.00,-197.06,67.43,(単),3.18,,,,,
2026-08-20,7425,初穂商事,東S,--,-- (--%) ,,,,,,,,,,,,,
2026-08-20,7426,山大,東S,625,0.0 (0.00%) ,,,,,,,,,,,,,
2026-08-20,7427,エコートレーディング,東S,830,+1.0 (+0.12%) ,0.41,6.45,6.6,0.00,-19.14,31.31,(連),3.61,,,,,
2026-08-20,7433,伯東,東P,"5,050",-10.0 (-0.20%) ,1.39,18.97,7.5,38.52,-23.79,41.48,(連),3.96,,,,,
2026-08-20,7434,オータケ,東S,"1,810",0.0 (0.00%) ,0.46,8.36,5.6,0.00,8.50,59.04,(連),2.04,,,,,
2026-08-20,7435,ナ・デックス,東S,"1,382",+78.0 (+5.98%) ,0.54,17.04,3.4,32.00,42.06,62.93,(連),2.24,,,,,
2026-08-20,7438,コンドーテック,東P,"1,612",+16.0 (+1.00%) ,,,,,,,,,,,,,
2026-08-20,7442,中山福,東S,492,+2.0 (+0.41%) ,,,,,,,,,,,,,
2026-08-20,7443,横浜魚類,東S,665,0.0 (0.00%) ,1.54,22.41,7.1,0.00,30.39,47.71,(単),1.20,,,,,
2026-08-20,7444,ハリマ共和物産,東S,--,-- (--%) ,0.41,7.05,5.9,0.00,8.04,69.38,(連),3.03,,,,,
2026-08-20,7446,東北化学薬品,東S,"4,445",0.0 (0.00%) ,0.51,9.34,5.6,0.00,46.19,43.03,(連),2.81,,,,,
2026-08-20,7447,ナガイレーベン,東P,"1,791",+10.0 (+0.56%) ,1.32,21.52,6.1,0.00,-9.03,92.45,(連),5.58,85.40,8.08,-7.50,-13.95,1.77
2026-08-20,7453,良品計画,東P,"4,379",+138.0 (+3.25%) ,6.99,45.65,16.3,40.08,29.63,58.95,(連),0.57,122.50,1.29,0.56,19.52,17.00
2026-08-20,7456,松田産業,東P,"6,650",+190.0 (+2.94%) ,1.45,10.27,15.4,10.09,74.14,52.01,(連),1.50,709.05,0.99,-35.93,9.49,16.84
2026-08-20,7458,第一興商,東P,"1,870",+20.0 (+1.08%) ,1.56,12.19,13.2,0.00,-0.71,56.09,(連),3.58,130.85,-0.97,1.56,-3.03,5.54
2026-08-20,7459,メディパルＨＬＤＧ,東P,"2,886.5",+16.0 (+0.56%) ,0.91,13.97,6.7,0.00,16.04,33.93,(連),2.29,208.97,12.44,-1.53,-0.37,3.44
2026-08-20,7460,ヤギ,東S,"1,683",+26.0 (+1.57%) ,,,,,,,,,,,,,
2026-08-20,7461,キムラ,東S,481,+6.0 (+1.26%) ,0.42,10.09,4.3,0.00,-45.60,45.74,(連),2.91,,,,,
2026-08-20,7462,ＣＡＰＩＴＡ,東S,384,+12.0 (+3.23%) ,1.7,20.91,8.1,0.00,-171.01,34.2,(連),2.08,,,,,
2026-08-20,7463,アドヴァングループ,東S,945,+4.0 (+0.43%) ,0.53,4.01,14.1,0.00,38.41,71.54,(連),10.58,,,,,
2026-08-20,7464,セフテック,東S,"1,559",0.0 (0.00%) ,0.38,19.25,2.0,0.00,-26.26,62.48,(連),3.85,,,,,
2026-08-20,7466,ＳＰＫ,東P,"1,450",+53.0 (+3.79%) ,1.0,10.87,9.6,38.92,9.00,61.04,(連),2.52,,,,,
2026-08-20,7472,鳥羽洋行,東S,"3,900",+35.0 (+0.91%) ,0.7,13.84,5.2,11.24,-11.04,74.62,(連),3.85,,,,,
2026-08-20,7475,アルビス,東P,"2,532",+8.0 (+0.32%) ,0.64,16.05,4.1,0.00,-7.22,56.34,(連),2.76,,,,,
2026-08-20,7476,アズワン,東P,"2,408",+33.0 (+1.39%) ,2.41,18.76,13.3,0.00,9.58,69.39,(連),2.70,132.61,5.47,-0.54,-3.94,7.12
2026-08-20,7477,ムラキ,東S,"1,600",+100.0 (+6.67%) ,,,,,,,,,,,,,
2026-08-20,7480,スズデン,東S,"3,195",-5.0 (-0.16%) ,,,,,,,,,,,,,
2026-08-20,7481,尾家産業,東S,"2,583",+3.0 (+0.12%) ,1.26,7.63,17.9,0.00,7.23,41.28,(連),3.95,,,,,
2026-08-20,7482,シモジマ,東P,"1,480",-1.0 (-0.07%) ,,,,,,,,,,,,,
2026-08-20,7483,ドウシシャ,東P,"3,005",+30.0 (+1.01%) ,1.14,12.32,9.5,0.00,32.30,85.68,(連),3.66,,,,,
2026-08-20,7485,岡谷鋼機,名P,"5,090",+10.0 (+0.20%) ,0.39,6.42,6.9,28.74,8.50,49.57,(連),1.58,831.55,1.25,13.95,13.95,4.71
2026-08-20,7486,サンリン,東S,806,+13.0 (+1.64%) ,0.44,19.58,2.4,0.00,-16.90,70.32,(連),2.98,,,,,
2026-08-20,7487,小津産業,東S,"1,788",+7.0 (+0.39%) ,,,,,,,,,,,,,
2026-08-20,7488,ヤガミ,名M,"5,100",+20.0 (+0.39%) ,1.92,16.84,11.6,17.25,15.42,77.02,(連),5.94,,,,,
2026-08-20,7490,日新商事,東S,"2,185",0.0 (0.00%) ,0.56,3.98,14.8,0.00,-42.99,61.21,(連),0.96,,,,,
2026-08-20,7494,コナカ,東S,242,+5.0 (+2.11%) ,0.49,17.01,2.9,0.00,70.23,37.51,(連),4.13,,,,,
2026-08-20,7500,西川計測,東S,"9,620",+60.0 (+0.63%) ,,,,,,,,,,,,,
2026-08-20,7501,ティムコ,東S,"1,470",0.0 (0.00%) ,,,,,,,,,,,,,
2026-08-20,7502,プラザＨＬＤＧ,東S,"1,681",+3.0 (+0.18%) ,1.69,18.96,9.1,0.00,-16.24,20.76,(連),2.97,,,,,
2026-08-20,7504,高速,東P,"4,925",+90.0 (+1.86%) ,,,,,,,,,,,,,
2026-08-20,7505,扶桑電通,東S,"2,081",+16.0 (+0.77%) ,1.57,9.59,18.0,0.00,77.90,38.79,(単),4.18,,,,,
2026-08-20,7506,ハウス　オブ　ローゼ,東S,"1,378",-2.0 (-0.14%) ,,,,,,,,,,,,,
2026-08-20,7508,Ｇ―７ＨＬＤＧ,東P,"1,446",+8.0 (+0.56%) ,,,,,,,,,137.20,0.41,-6.52,-6.52,5.55
2026-08-20,7509,アイエーグループ,東S,"4,920",0.0 (0.00%) ,,,,,,,,,,,,,
2026-08-20,7510,たけびし,東P,"2,745",+26.0 (+0.96%) ,1.0,14.87,7.0,20.97,18.40,68.12,(連),2.62,262.10,0.25,24.49,41.86,10.82
2026-08-20,7512,イオン北海道,東S,857,0.0 (0.00%) ,,,,,,,,,,,,,
2026-08-20,7513,コジマ,東P,"1,470",+60.0 (+4.26%) ,1.62,24.08,6.9,0.00,16.67,58.04,(単),1.50,,,,,
2026-08-20,7514,ヒマラヤ,東S,881,0.0 (0.00%) ,0.66,978.89,0.1,0.00,-11.57,47.11,(連),2.95,,,,,
2026-08-20,7515,マルヨシセンター,東S,"4,660",+75.0 (+1.64%) ,1.33,33.18,4.2,0.00,122.76,19.66,(連),0.64,,,,,
2026-08-20,7516,コーナン商事,東P,"4,465",+70.0 (+1.59%) ,0.73,10.33,7.2,0.00,-10.95,34.35,(連),2.91,,,,,
2026-08-20,7520,エコス,東P,"2,590",+62.0 (+2.45%) ,1.0,10.99,9.4,0.00,-6.27,51.75,(連),2.70,,,,,
2026-08-20,7521,ムサシ,東S,"2,700",0.0 (0.00%) ,0.5,6.56,7.9,0.00,-0.46,69.9,(連),2.81,73.40,-0.45,-30.77,-40.00,-3.25
2026-08-20,7522,ワタミ,東P,969,+4.0 (+0.41%) ,2.14,10.71,14.4,12.86,22.66,40.45,(連),1.03,,,,,
2026-08-20,7523,アールビバン,東S,"1,899",+1.0 (+0.05%) ,1.07,10.26,10.7,0.00,18.31,44.34,(連),3.16,,,,,
2026-08-20,7524,マルシェ,東S,179,-1.0 (-0.56%) ,,,,,,,,,,,,,
2026-08-20,7525,リックス,東P,"3,685",+35.0 (+0.96%) ,1.04,9.39,11.7,12.13,-7.15,60.41,(連),4.26,,,,,
2026-08-20,7527,システムソフト,東S,55,+2.0 (+3.77%) ,,,,,,,,,,,,,
2026-08-20,7531,清和中央ＨＬＤＧ,東S,--,-- (--%) ,0.32,14.66,2.2,0.00,"2,777.78",44.06,(連),1.54,,,,,
2026-08-20,7532,パン・パシフィック・インターナ,東P,810.2,-3.9 (-0.48%) ,,,,,,,,,39.97,2.38,-0.28,-0.88,8.27
2026-08-20,7537,丸文,東P,"1,761",+31.0 (+1.79%) ,,,,,,,,,163.90,0.36,-2.99,3.17,5.57
2026-08-20,7538,大水,東S,391,-1.0 (-0.26%) ,0.41,7.28,6.0,0.00,27.91,45.26,(連),1.79,,,,,
2026-08-20,7539,アイナボＨＬＤＧ,東S,790,0.0 (0.00%) ,0.7,10.91,6.6,0.00,15.02,55.39,(連),3.29,,,,,
2026-08-20,7544,スリーエフ,東S,558,-1.0 (-0.18%) ,1.02,11.06,9.6,0.00,42.37,71.9,(連),3.23,,,,,
2026-08-20,7545,西松屋チェーン,東P,"1,993",+1.0 (+0.05%) ,1.21,17.46,7.2,0.00,-16.48,61.32,(連),1.61,137.93,0.69,2.16,-14.28,4.05
2026-08-20,7550,ゼンショーＨＬＤＧ,東P,"11,410",-75.0 (-0.65%) ,5.74,41.36,15.8,27.96,8.86,35.5,(連),0.66,338.31,1.49,1.41,-5.13,10.76
2026-08-20,7551,ウェッズ,東S,735,+9.0 (+1.24%) ,0.66,12.08,5.6,0.00,-14.89,67.23,(連),3.67,,,,,
2026-08-20,7552,ハピネット,東P,"3,760",+280.0 (+8.05%) ,,,,,,,,,259.60,1.17,-18.17,-6.63,11.63
2026-08-20,7554,幸楽苑,東P,"1,158",+5.0 (+0.43%) ,3.08,19.15,17.6,0.00,269.73,53.06,(単),0.86,,,,,
2026-08-20,7555,大田花き,東S,742,-2.0 (-0.27%) ,0.72,45.89,1.6,0.00,-63.64,63.71,(連),1.35,,,,,
2026-08-20,7561,ハークスレイＨＬＤＧ,東S,691,+4.0 (+0.58%) ,0.5,8.61,5.9,0.00,44.24,35.7,(連),4.05,75.20,-1.46,-3.57,92.86,10.34
2026-08-20,7562,安楽亭,東S,"3,810",+10.0 (+0.26%) ,,,,,,,,,,,,,
2026-08-20,7564,ワークマン,東S,"6,300",+20.0 (+0.32%) ,3.35,24.94,14.3,0.00,22.74,82.83,(単),1.41,287.31,1.60,0.48,16.63,16.46
2026-08-20,7565,萬世電機,東S,"8,210",-100.0 (-1.20%) ,1.01,11.96,9.0,0.00,36.70,53.48,(連),2.44,,,,,
2026-08-20,7567,栄電子,東S,620,+18.0 (+2.99%) ,0.65,27.65,2.4,0.00,83.33,65.46,(連),1.77,,,,,
2026-08-20,7570,橋本総業ＨＬＤＧ,東S,"1,420",+23.0 (+1.65%) ,0.76,9.80,8.2,0.00,-0.58,42.88,(連),3.52,,,,,
2026-08-20,7571,ヤマノＨＬＤＧ,東S,87,+3.0 (+3.57%) ,,,,,,,,,,,,,
2026-08-20,7575,日本ライフライン,東P,"1,594",+48.0 (+3.10%) ,1.7,11.96,14.9,0.00,2.05,82.1,(連),3.39,119.42,-1.28,-7.40,-10.80,5.01
2026-08-20,7578,ニチリョク,東S,70,0.0 (0.00%) ,,,,,,,,,,,,,
2026-08-20,7581,サイゼリヤ,東P,"7,340",+10.0 (+0.14%) ,3.08,32.27,9.8,32.65,1.41,64.95,(連),0.41,245.84,3.70,0.36,0.99,15.28
2026-08-20,7585,かんなん丸,東S,407,+2.0 (+0.49%) ,,,,,,,,,,,,,
2026-08-20,7590,タカショー,東S,401,+1.0 (+0.25%) ,,,,,,,,,,,,,
2026-08-20,7593,ＶＴ　ＨＬＤＧ,東P,535,+4.0 (+0.75%) ,0.88,12.89,6.9,47.85,4.08,23.32,(連),4.49,,,,,
2026-08-20,7595,アルゴグラフィックス,東P,"1,343",+27.0 (+2.05%) ,,,,,,,,,,,,,
2026-08-20,7596,魚力,東P,"2,357",+10.0 (+0.43%) ,1.75,25.25,7.2,0.00,10.78,76.91,(連),2.21,,,,,
2026-08-20,7599,ＩＤＯＭ,東P,"1,280",+21.0 (+1.67%) ,1.46,10.79,14.2,1.17,-2.65,33.36,(連),2.78,138.42,0.56,-1.98,-3.11,12.65
2026-08-20,7600,日本エム・ディ・エム,東P,845,+38.0 (+4.71%) ,0.88,84.58,1.1,45.19,-64.11,71.19,(連),2.01,2.30,-4.77,-85.00,-92.86,0.37
2026-08-20,7601,ポプラ,東S,166,-1.0 (-0.60%) ,-13.88,19.64,16.2,0.00,-25.97,22.23,(連),0.00,,,,,
2026-08-20,7602,レダックス,東S,162,-1.0 (-0.61%) ,0.7,19.73,3.6,19.66,32.17,66.74,(連),0.62,,,,,
2026-08-20,7603,ジーイエット,東S,47,0.0 (0.00%) ,,,,,,,,,,,,,
2026-08-20,7604,梅の花グループ,東S,896,+1.0 (+0.11%) ,6.13,33.52,12.9,0.00,-4.90,9.35,(連),1.12,,,,,
2026-08-20,7606,ユナイテッドアローズ,東P,"2,593",-1.0 (-0.04%) ,,,,,,,,,237.61,1.48,2.92,15.00,5.31
2026-08-20,7607,進和,東P,"3,130",+35.0 (+1.13%) ,0.97,12.66,7.8,31.56,23.28,58.41,(連),3.96,,,,,
2026-08-20,7608,エスケイジャパン,東S,848,+26.0 (+3.16%) ,2.14,10.66,21.8,0.00,49.25,77.97,(連),2.77,,,,,
2026-08-20,7609,ダイトロン,東P,"4,175",-95.0 (-2.22%) ,2.47,17.97,14.4,26.21,12.96,44.82,(連),2.28,294.30,0.53,28.57,28.57,13.26
2026-08-20,7610,テイツー,東S,141,+4.0 (+2.92%) ,1.29,10.33,13.2,0.00,47.44,48.75,(連),3.55,,,,,
2026-08-20,7611,ハイデイ日高,東P,"2,952",+8.0 (+0.27%) ,4.27,22.58,18.7,0.00,16.54,72.75,(単),1.76,128.30,-12.33,-6.85,-1.45,9.74
2026-08-20,7613,シークス,東P,"1,615",+15.0 (+0.94%) ,0.74,30.58,2.4,75.44,11.39,49.66,(連),3.03,134.70,0.08,5.56,4.40,-0.38
2026-08-20,7614,オーエムツーネットワーク,東S,"1,535",+7.0 (+0.46%) ,0.56,10.82,5.3,0.00,-5.79,77.42,(連),2.35,,,,,
2026-08-20,7615,京都きもの友禅ＨＬＤＧ,東S,93,+2.0 (+2.20%) ,,,,,,,,,,,,,
2026-08-20,7616,コロワイド,東P,"2,011.5",+2.0 (+0.10%) ,3.09,127.88,2.8,18.48,37.05,24.0,(連),0.25,,,,,
2026-08-20,7619,田中商事,東S,957,+2.0 (+0.21%) ,0.5,8.02,6.3,0.00,15.11,50.8,(連),3.24,,,,,
2026-08-20,7621,うかい,東S,"3,430",0.0 (0.00%) ,3.84,65.16,6.0,0.00,21.03,47.88,(単),0.44,,,,,
2026-08-20,7624,ＮａＩＴＯ,東S,150,+2.0 (+1.35%) ,0.63,28.90,2.2,0.00,-9.76,74.71,(連),2.67,,,,,
2026-08-20,7625,グローバルダイニング,東S,473,-3.0 (-0.63%) ,0.88,16.01,5.6,18.38,-12.12,50.22,(連),1.06,,,,,
2026-08-20,7628,オーハシテクニカ,東P,"1,208",+23.0 (+1.94%) ,0.76,14.84,5.2,51.14,25.57,84.2,(連),3.06,,,,,
2026-08-20,7630,壱番屋,東P,942,0.0 (0.00%) ,4.66,58.66,8.0,15.99,-4.02,67.04,(連),1.70,19.40,2.33,-10.53,-16.39,9.09
2026-08-20,7634,星医療酸器,東S,"5,290",+20.0 (+0.38%) ,,,,,,,,,,,,,
2026-08-20,7636,ハンズマン,東S,794,-3.0 (-0.38%) ,,,,,,,,,,,,,
2026-08-20,7637,白銅,東P,"3,680",+85.0 (+2.36%) ,1.64,19.45,8.7,15.22,-0.75,53.54,(連),2.34,,,,,
2026-08-20,7638,ＮＥＷ　ＡＲＴ　ＨＬＤＧ,東S,"1,413",+7.0 (+0.50%) ,2.17,10.31,22.3,26.93,35.20,39.69,(連),5.66,,,,,
2026-08-20,7640,トップカルチャー,東S,182,+3.0 (+1.68%) ,,,,,,,,,,,,,
2026-08-20,7643,ダイイチ,東S,"1,750",+2.0 (+0.11%) ,1.14,20.15,5.8,0.00,-34.27,62.97,(単),2.06,,,,,
2026-08-20,7646,ＰＬＡＮＴ,東S,"1,853",+21.0 (+1.15%) ,0.84,9.51,9.1,0.00,-5.25,41.4,(単),4.05,,,,,
2026-08-20,7649,スギＨＬＤＧ,東P,"2,769.5",+68.5 (+2.54%) ,1.73,11.14,16.6,0.00,19.22,47.27,(連),1.26,179.41,-0.55,-0.23,1.86,11.96
2026-08-20,7670,オーウエル,東S,"1,202",-17.0 (-1.39%) ,0.53,6.72,8.2,14.77,5.53,53.41,(連),3.74,,,,,
2026-08-20,7673,ダイコー通産,東S,"1,636",+1.0 (+0.06%) ,,,,,,,,,,,,,
2026-08-20,7674,ＮＡＴＴＹ　ＳＷＡＮＫＹＨＬＤ,東G,"2,589",+22.0 (+0.86%) ,,,,,,,,,,,,,
2026-08-20,7675,セントラルフォレストグループ,名M,--,-- (--%) ,0.66,9.32,7.3,0.00,9.03,27.13,(連),2.22,,,,,
2026-08-20,7677,ヤシマキザイ,東S,"2,736",+50.0 (+1.86%) ,0.76,15.64,5.1,3.33,248.34,37.06,(連),0.91,,,,,
2026-08-20,7678,あさくま,東S,"3,080",+60.0 (+1.99%) ,9.64,100.69,10.1,0.00,185.87,68.56,(単),0.00,,,,,
2026-08-20,7679,薬王堂ＨＬＤＧ,東P,"1,754",+11.0 (+0.63%) ,0.85,8.49,10.4,0.00,-5.31,38.99,(連),1.65,,,,,
2026-08-20,7680,軽自動車館,東PRO,--,-- (--%) ,,,,,,,,,,,,,
2026-08-20,7681,レオクラン,東S,"1,046",-10.0 (-0.95%) ,1.1,40.45,2.7,0.00,70.17,51.83,(連),1.63,,,,,
2026-08-20,7682,浜木綿,東S,"3,910",0.0 (0.00%) ,5.27,104.10,5.2,0.00,-14.29,34.0,(単),0.38,,,,,
2026-08-20,7683,ダブルエー,東P,"1,404",+7.0 (+0.50%) ,2.42,38.92,6.3,0.00,-25.20,82.21,(連),1.21,,,,,
2026-08-20,7685,ＢｕｙＳｅｌｌ　Ｔｅｃｈ,東G,"3,340",+75.0 (+2.30%) ,9.62,38.09,31.9,0.00,102.17,38.2,(連),0.37,153.69,0.29,4.48,74.84,51.98
2026-08-20,7686,ひとまいる,東S,441,+5.0 (+1.15%) ,,,,,,,,,22.30,-0.44,2.56,-42.86,3.82
2026-08-20,7687,ミクリード,東G,428,+1.0 (+0.23%) ,1.74,10.12,18.5,0.00,9.92,58.53,(単),1.99,,,,,
2026-08-20,7689,コパ・コーポレーション,東G,--,-- (--%) ,,,,,,,,,,,,,
2026-08-20,7690,カレント自動車,東PRO,--,-- (--%) ,1.23,5.65,24.4,0.00,90.00,42.11,(単),0.00,,,,,
2026-08-20,7691,Ｃ　Ｃｈａｎｎｅｌ,東PRO,--,-- (--%) ,,,,,,,,,,,,,
2026-08-20,7692,アースインフィニティ,東S,81,+2.0 (+2.53%) ,7.4,19.33,44.0,0.00,186.81,39.36,(単),2.59,,,,,
2026-08-20,7693,北海道歯科産業,東PRO,--,-- (--%) ,0.66,6.26,11.1,0.00,-27.78,56.38,(単),0.24,,,,,
2026-08-20,7694,いつも,東G,488,-1.0 (-0.20%) ,1.14,18.35,6.5,0.00,479.07,26.44,(連),0.00,,,,,
2026-08-20,7695,交換できるくん,東G,873,+18.0 (+2.11%) ,3.14,68.74,4.9,0.00,4.60,35.95,(連),0.00,40.20,0.10,0.00,-2.00,24.37
2026-08-20,7698,アイスコ,東S,"2,635",-7.0 (-0.26%) ,,,,,,,,,,,,,
2026-08-20,7699,オムニ・プラス・システム,東G,700,-4.0 (-0.57%) ,,,,,,,,,,,,,
2026-08-20,7701,島津製作所,東P,"4,100",+119.0 (+2.99%) ,2.1,19.58,11.4,56.74,14.91,76.58,(連),1.68,199.75,-4.46,0.37,2.82,5.73
2026-08-20,7702,ＪＭＳ,東S,458,+6.0 (+1.33%) ,,,,,,,,,,,,,
2026-08-20,7707,プレシジョン・システム・サイエ,東G,218,+6.0 (+2.83%) ,,,,,,,,,,,,,
2026-08-20,7709,クボテック,東S,38,0.0 (0.00%) ,,,,,,,,,,,,,
2026-08-20,7711,助川電気工業,東S,"4,720",+30.0 (+0.64%) ,5.32,32.76,17.4,0.00,28.49,64.8,(単),0.85,,,,,
2026-08-20,7713,シグマ光機,東S,"2,154",+23.0 (+1.08%) ,,,,,,,,,,,,,
2026-08-20,7715,長野計器,東P,"3,850",+60.0 (+1.58%) ,1.49,13.47,11.8,56.18,-9.41,62.86,(連),1.35,366.10,0.37,24.05,15.29,4.19
2026-08-20,7716,ナカニシ,東S,"3,095",+5.0 (+0.16%) ,,,,,,,,,153.99,-0.03,-2.51,1.94,9.26
2026-08-20,7717,ブイ・テクノロジー,東P,"5,450",+20.0 (+0.37%) ,1.42,22.38,6.6,76.93,83.71,49.56,(連),1.47,356.65,0.33,3.95,-0.66,11.78
2026-08-20,7719,東京衡機,東S,435,+12.0 (+2.84%) ,1.74,23.25,8.1,0.00,336.11,33.97,(連),0.00,,,,,
2026-08-20,7721,東京計器,東P,"7,120",+20.0 (+0.28%) ,2.57,29.21,9.3,18.37,9.82,53.69,(連),0.56,316.90,0.75,0.87,11.72,9.68
2026-08-20,7722,国際計測器,東S,788,+13.0 (+1.68%) ,0.85,7.10,12.6,70.97,62.72,60.06,(連),4.44,,,,,
2026-08-20,7723,愛知時計電機,東P,"2,851",+31.0 (+1.10%) ,,,,,,,,,,,,,
2026-08-20,7725,インターアクション,東P,"1,898",+135.0 (+7.66%) ,,,,,,,,,108.40,0.16,0.00,25.00,4.63
2026-08-20,7726,黒田精工,東S,"1,309",+12.0 (+0.93%) ,,,,,,,,,,,,,
2026-08-20,7727,オーバル,東S,815,+19.0 (+2.39%) ,1.05,12.55,8.9,24.75,22.65,63.71,(連),2.45,,,,,
2026-08-20,7729,東京精密,東P,"17,340",-290.0 (-1.64%) ,3.69,28.43,13.6,76.23,16.32,75.97,(連),1.51,732.54,1.18,0.76,18.04,12.26
2026-08-20,7730,マニー,東P,"1,612",+32.0 (+2.03%) ,2.96,34.20,8.8,83.74,-2.28,92.37,(連),2.42,70.80,0.45,-0.56,11.65,7.80
2026-08-20,7731,ニコン,東P,"1,966",+36.0 (+1.87%) ,,,,,,,,,28.65,-0.62,1.00,-70.46,0.29
2026-08-20,7733,オリンパス,東P,"2,187",+55.5 (+2.60%) ,2.97,35.67,8.7,89.72,-40.91,52.83,(連),1.37,92.02,0.47,0.13,-9.22,4.13
2026-08-20,7734,理研計器,東P,"3,240",+95.0 (+3.02%) ,1.72,14.91,12.2,47.25,24.13,84.49,(連),1.70,225.20,3.97,0.56,-0.88,11.63
2026-08-20,7735,ＳＣＲＥＥＮ　ＨＬＤＧ,東P,"13,080",-100.0 (-0.76%) ,5.08,26.88,20.3,85.86,-10.08,67.35,(連),1.12,608.40,0.86,-0.12,16.92,9.46
2026-08-20,7740,タムロン,東P,"1,384",+22.0 (+1.62%) ,2.6,19.01,14.0,81.21,-13.49,81.01,(連),2.62,84.45,1.02,-0.53,-5.30,1.89
2026-08-20,7741,ＨＯＹＡ,東P,"25,240",-175.0 (-0.69%) ,8.3,33.93,25.4,79.63,26.04,78.44,(連),1.17,805.51,3.79,0.53,8.91,9.36
2026-08-20,7743,シード,東S,536,+3.0 (+0.56%) ,0.84,14.29,6.1,13.36,5.48,30.84,(連),2.80,29.10,-0.82,-23.33,-36.11,4.08
2026-08-20,7744,ノーリツ鋼機,東P,"1,962",-8.0 (-0.41%) ,0.92,13.35,6.9,91.55,7.40,75.7,(連),3.75,169.20,0.77,2.52,30.05,26.86
2026-08-20,7745,Ａ＆ＤホロンＨＬＤＧ,東P,"2,782",+42.0 (+1.53%) ,1.54,12.86,12.9,61.89,5.76,65.73,(連),1.98,180.30,-0.93,-8.19,-30.00,1.14
2026-08-20,7746,岡本硝子,東S,753,+6.0 (+0.80%) ,,,,,,,,,,,,,
2026-08-20,7747,朝日インテック,東P,"4,124",+152.0 (+3.83%) ,7.39,87.89,8.4,84.27,34.57,77.93,(連),0.59,117.92,0.23,0.42,41.62,15.41
2026-08-20,7749,メディキット,東S,"2,868",+41.0 (+1.45%) ,0.89,13.90,6.5,17.85,-3.74,87.82,(連),3.49,,,,,
2026-08-20,7751,キヤノン,東P,"4,515",+40.0 (+0.89%) ,1.14,12.29,9.7,79.21,60.07,56.92,(連),3.54,373.27,7.68,-0.21,-3.06,2.97
2026-08-20,7752,リコー,東P,"1,599.5",+11.0 (+0.69%) ,0.79,16.35,5.1,59.68,31.69,45.51,(連),2.50,113.97,0.85,1.00,2.59,2.47
2026-08-20,7760,ＩＭＶ,東S,"1,961",+49.0 (+2.56%) ,2.63,16.12,17.5,44.78,38.64,51.0,(連),1.53,138.00,1.06,11.11,15.38,17.00
2026-08-20,7762,シチズン時計,東P,"2,567",+22.0 (+0.86%) ,2.14,20.14,11.3,76.98,67.03,62.61,(連),1.83,115.78,-2.42,1.72,58.12,9.04
2026-08-20,7769,リズム,東P,"4,000",+25.0 (+0.63%) ,0.94,13.89,7.1,50.60,70.60,69.31,(連),4.19,,,,,
2026-08-20,7771,日本精密,東S,296,-1.0 (-0.34%) ,3.48,18.71,20.0,42.63,"26,550.00",33.86,(連),0.00,,,,,
2026-08-20,7774,ジャパン・ティッシュエンジニア,東G,832,+24.0 (+2.97%) ,,,,,,,,,,,,,
2026-08-20,7775,大研医器,東S,425,+1.0 (+0.24%) ,1.57,13.23,12.1,0.00,-15.63,68.15,(単),4.71,20.50,-0.57,-33.60,-56.32,2.72
2026-08-20,7776,セルシード,東G,235,+9.0 (+3.98%) ,,,,,,,,,,,,,
2026-08-20,7777,スリー・ディー・マトリックス,東G,371,+14.0 (+3.92%) ,6.99,10.63,100.4,88.45,259.93,66.72,(連),0.00,,,,,
2026-08-20,7779,ＣＹＢＥＲＤＹＮＥ,東G,242,+7.0 (+2.98%) ,,,,,,,,,3.25,0.22,-41.71,50.25,3.71
2026-08-20,7780,メニコン,東P,"1,941",+18.0 (+0.94%) ,1.52,24.54,6.6,30.83,14.72,48.47,(連),1.44,92.54,1.24,0.74,-2.37,4.55
2026-08-20,7781,平山ＨＬＤＧ,東S,888,+28.0 (+3.26%) ,2.72,15.81,18.1,6.88,11.49,40.45,(連),2.82,,,,,
2026-08-20,7782,シンシア,東S,462,-5.0 (-1.07%) ,,,,,,,,,,,,,
2026-08-20,7790,バルコス,名N,"1,042",-29.0 (-2.71%) ,1.62,24.71,7.1,0.00,-52.19,16.99,(連),0.00,,,,,
2026-08-20,7791,ドリームベッド,東S,829,+7.0 (+0.85%) ,0.69,7.09,10.3,0.00,17.67,42.07,(単),4.34,,,,,
2026-08-20,7792,コラントッテ,東G,"1,442",+5.0 (+0.35%) ,2.54,9.84,28.6,0.00,22.21,76.92,(単),2.91,,,,,
2026-08-20,7793,イメージ・マジック,東G,"1,531",+1.0 (+0.07%) ,1.87,11.33,17.1,0.00,24.28,58.58,(単),2.09,,,,,
2026-08-20,7794,イーディーピー,東G,948,+14.0 (+1.50%) ,,,,,,,,,,,,,
2026-08-20,7795,ＫＹＯＲＩＴＳＵ,東S,225,+5.0 (+2.27%) ,,,,,,,,,,,,,
2026-08-20,7800,アミファ,東S,"1,023",+28.0 (+2.81%) ,1.44,15.88,9.7,0.00,183.57,58.32,(単),2.54,,,,,
2026-08-20,7803,ブシロード,東G,420,+18.0 (+4.48%) ,,,,,,,,,30.95,-1.70,0.00,-6.99,3.10
2026-08-20,7804,ビーアンドピー,東S,"2,308",+8.0 (+0.35%) ,1.41,10.81,12.9,0.00,28.68,81.14,(連),3.47,,,,,
2026-08-20,7805,プリントネット,東S,748,+1.0 (+0.13%) ,0.87,8.35,10.9,0.00,23.90,55.6,(単),1.74,,,,,
2026-08-20,7806,ＭＴＧ,東G,"8,640",+740.0 (+9.37%) ,6.66,42.84,16.6,1.82,191.92,67.81,(連),0.29,269.30,0.96,-0.47,32.56,38.08
2026-08-20,7807,幸和製作所,東S,849,-23.0 (-2.64%) ,1.03,8.25,13.5,0.00,-19.47,67.41,(連),1.53,,,,,
2026-08-20,7808,シー・エス・ランバー,東S,"2,732",0.0 (0.00%) ,,,,,,,,,,,,,
2026-08-20,7809,壽屋,東S,"1,323",-1.0 (-0.08%) ,,,,,,,,,173.30,0.04,0.00,-18.00,11.18
2026-08-20,7810,クロスフォー,東S,147,+1.0 (+0.68%) ,1.39,113.08,1.2,31.32,483.33,35.71,(連),0.24,,,,,
2026-08-20,7811,中本パックス,東S,"1,950",+10.0 (+0.52%) ,0.82,7.96,10.8,0.00,5.02,51.89,(連),3.64,248.60,5.45,0.00,-5.41,2.38
2026-08-20,7812,クレステック,東S,"2,148",+6.0 (+0.28%) ,,,,,,,,,,,,,
2026-08-20,7813,プラッツ,東S,818,+11.0 (+1.36%) ,,,,,,,,,,,,,
2026-08-20,7814,日本創発グループ,東S,628,-1.0 (-0.16%) ,1.43,4.52,36.2,0.00,-23.75,24.39,(連),9.55,,,,,
2026-08-20,7815,東京ボード工業,東S,369,+1.0 (+0.27%) ,,,,,,,,,,,,,
2026-08-20,7818,トランザクション,東P,"1,261",+69.0 (+5.79%) ,3.62,17.79,21.6,0.00,6.86,82.62,(連),2.26,77.50,1.74,1.54,-1.49,10.71
2026-08-20,7819,粧美堂,東S,976,+16.0 (+1.67%) ,,,,,,,,,,,,,
2026-08-20,7820,ニホンフラッシュ,東P,712,+8.0 (+1.14%) ,0.51,11.45,4.6,57.80,84.85,71.75,(連),5.06,,,,,
2026-08-20,7821,前田工繊,東P,"2,040",+60.0 (+3.03%) ,,,,,,,,,146.95,4.62,0.00,-1.40,8.14
2026-08-20,7822,永大産業,東S,255,+2.0 (+0.79%) ,,,,,,,,,,,,,
2026-08-20,7823,アートネイチャー,東S,860,+21.0 (+2.50%) ,0.99,14.75,6.9,0.00,53.45,53.37,(連),3.49,,,,,
2026-08-20,7826,フルヤ金属,東P,"8,270",+250.0 (+3.12%) ,,,,,,,,,703.68,1.48,5.08,72.90,29.58
2026-08-20,7827,オービス,東S,"1,735",+17.0 (+0.99%) ,0.54,7.28,7.6,0.00,11.25,45.39,(連),3.46,,,,,
2026-08-20,7831,ウイルコＨＬＤＧ,東S,70,+3.0 (+4.48%) ,,,,,,,,,,,,,
2026-08-20,7832,バンダイナムコＨＬＤＧ,東P,"5,554",+195.0 (+3.64%) ,4.14,25.54,17.0,42.15,8.29,72.3,(連),1.31,226.78,5.73,1.12,8.64,6.23
2026-08-20,7833,アイフィスジャパン,東S,653,+3.0 (+0.46%) ,,,,,,,,,,,,,
2026-08-20,7836,アビックス,東S,79,+2.0 (+2.60%) ,1.41,11.90,12.6,0.00,-7.38,53.3,(連),0.00,,,,,
2026-08-20,7837,アールシーコア,東S,337,+7.0 (+2.12%) ,,,,,,,,,,,,,
2026-08-20,7839,ＳＨＯＥＩ,東P,"2,089",+49.0 (+2.40%) ,3.41,17.38,20.5,82.34,-15.25,85.14,(連),2.87,129.77,2.03,1.83,-4.41,-1.85
2026-08-20,7840,フランスベッドＨＬＤＧ,東P,"1,279",+10.0 (+0.79%) ,,,,,,,,,,,,,
2026-08-20,7841,遠藤製作所,東S,"1,119",-9.0 (-0.80%) ,0.42,16.35,2.6,52.47,-28.85,83.28,(連),3.57,,,,,
2026-08-20,7844,マーベラス,東P,504,+19.0 (+3.92%) ,1.1,15.31,7.4,38.68,58.67,78.13,(連),2.38,33.00,71.85,0.00,25.00,6.30
2026-08-20,7846,パイロットコーポレーション,東P,"1,930",+8.0 (+0.42%) ,1.48,18.26,8.5,76.78,-11.21,80.84,(連),2.07,130.17,0.64,-0.08,-3.74,3.77
2026-08-20,7847,グラファイトデザイン,東S,664,+9.0 (+1.37%) ,0.86,29.83,2.9,49.32,-61.47,71.55,(単),4.52,37.00,0.27,56.00,-22.00,2.66
2026-08-20,7849,スターツ出版,東S,"2,963",+3.0 (+0.10%) ,1.06,8.26,13.4,0.00,-23.15,83.49,(単),4.05,275.90,-0.47,-28.57,-50.00,-1.65
2026-08-20,7850,総合商研,東S,815,-2.0 (-0.24%) ,0.78,7.65,10.7,0.00,24.57,39.31,(連),3.68,,,,,
2026-08-20,7851,カワセコンピュータサプライ,東S,184,0.0 (0.00%) ,0.35,12.82,2.7,0.00,-31.19,72.35,(単),1.63,,,,,
2026-08-20,7856,萩原工業,東P,"1,875",+6.0 (+0.32%) ,0.85,14.59,6.0,27.67,-17.08,72.31,(連),3.47,106.50,-1.03,-8.33,-12.00,2.80
2026-08-20,7857,セキ,東S,"1,297",+14.0 (+1.09%) ,0.33,21.35,1.6,0.00,-58.19,83.57,(連),2.00,,,,,
2026-08-20,7859,アルメディオ,東S,259,+25.0 (+10.68%) ,,,,,,,,,,,,,
2026-08-20,7860,エイベックス,東P,"1,274",+20.0 (+1.59%) ,1.05,15.22,7.0,0.00,354.43,46.55,(連),3.92,92.20,1.36,11.15,11.65,8.92
2026-08-20,7863,平賀,東S,938,+7.0 (+0.75%) ,0.61,14.30,4.4,0.00,-34.10,59.16,(単),4.26,,,,,
2026-08-20,7864,フジシールインターナショナル,東P,"3,285",+45.0 (+1.39%) ,1.09,8.48,13.5,54.98,20.12,71.33,(連),2.47,294.55,-0.47,3.34,7.04,4.64
2026-08-20,7865,ピープル,東S,337,+3.0 (+0.90%) ,,,,,,,,,,,,,
2026-08-20,7867,タカラトミー,東P,"3,621",+49.0 (+1.37%) ,2.86,27.56,10.7,33.50,2.16,68.03,(連),1.77,214.72,0.27,2.32,-0.95,6.48
2026-08-20,7868,広済堂ＨＬＤＧ,東P,566,+8.0 (+1.43%) ,,,,,,,,,33.10,-5.05,-8.22,-23.86,1.29
2026-08-20,7870,福島印刷,名M,371,-4.0 (-1.07%) ,0.39,12.79,3.1,0.00,"1,437.50",76.33,(単),2.96,,,,,
2026-08-20,7871,フクビ化学工業,東S,"1,009",+14.0 (+1.41%) ,,,,,,,,,,,,,
2026-08-20,7872,エステールＨＬＤＧ,東S,619,+2.0 (+0.32%) ,0.56,140.36,0.4,0.00,120.57,38.73,(連),4.36,,,,,
2026-08-20,7874,レック,東P,963,-7.0 (-0.72%) ,,,,,,,,,,,,,
2026-08-20,7875,竹田ｉＰＨＬＤＧ,東S,824,+24.0 (+3.00%) ,0.69,12.34,5.9,10.49,-1.56,57.3,(連),2.85,,,,,
2026-08-20,7877,永大化工,東S,"2,202",-43.0 (-1.92%) ,0.37,8.30,4.6,0.00,75.09,73.22,(連),3.18,,,,,
2026-08-20,7878,光・彩,東S,"1,295",+15.0 (+1.17%) ,1.25,17.56,7.4,13.97,17.81,45.26,(単),2.32,,,,,
2026-08-20,7879,ノダ,東S,655,+2.0 (+0.31%) ,,,,,,,,,,,,,
2026-08-20,7883,サンメッセ,東S,400,-1.0 (-0.25%) ,,,,,,,,,,,,,
2026-08-20,7885,タカノ,東S,"1,144",+28.0 (+2.51%) ,0.54,28.26,1.9,55.80,89.39,85.7,(連),1.75,,,,,
2026-08-20,7886,ヤマト　モビリティ　＆　Ｍｆｇ,東S,722,+4.0 (+0.56%) ,,,,,,,,,,,,,
2026-08-20,7887,南海プライウッド,東S,"1,533",+13.0 (+0.86%) ,0.28,4.05,7.2,18.76,105.38,55.97,(連),2.61,,,,,
2026-08-20,7888,三光合成,東P,918,+25.0 (+2.80%) ,,,,,,,,,167.30,0.01,20.34,10.94,7.36
2026-08-20,7893,プロネクサス,東P,"1,152",+16.0 (+1.41%) ,1.2,13.85,8.7,0.00,79.14,62.99,(連),3.65,,,,,
2026-08-20,7896,セブン工業,東S,515,+5.0 (+0.98%) ,,,,,,,,,,,,,
2026-08-20,7897,ホクシン,東S,106,+1.0 (+0.95%) ,,,,,,,,,,,,,
2026-08-20,7898,ウッドワン,東S,921,-6.0 (-0.65%) ,,,,,,,,,,,,,
2026-08-20,7901,マツモト,東S,867,+13.0 (+1.52%) ,0.99,6.29,17.2,0.00,67.82,42.08,(単),0.00,,,,,
2026-08-20,7902,ソノコム,東S,"1,080",+6.0 (+0.56%) ,0.42,12.88,3.3,0.00,39.94,92.11,(単),1.20,,,,,
2026-08-20,7906,ヨネックス,東S,"2,811",+36.0 (+1.30%) ,2.99,19.88,16.2,74.41,16.84,62.58,(連),0.89,157.71,1.55,-0.05,11.18,14.39
2026-08-20,7908,きもと,東S,239,+1.0 (+0.42%) ,0.55,18.97,3.0,63.89,-12.05,81.66,(連),2.93,,,,,
2026-08-20,7911,ＴＯＰＰＡＮＨＬＤＧ,東P,"5,112",+22.0 (+0.43%) ,1.08,22.51,4.9,70.23,-14.52,52.27,(連),1.13,278.77,0.81,0.12,-27.67,5.43
2026-08-20,7912,大日本印刷,東P,"3,222",-21.0 (-0.65%) ,1.17,13.68,8.9,25.26,2.86,58.53,(連),1.24,221.82,-2.50,-0.52,8.81,2.86
2026-08-20,7914,共同印刷,東P,"1,746",+17.0 (+0.98%) ,0.74,12.37,6.2,0.00,-0.69,52.69,(連),4.47,,,,,
2026-08-20,7915,ＮＩＳＳＨＡ,東P,"1,291",+38.0 (+3.03%) ,0.53,61.10,0.9,87.07,-42.85,46.1,(連),3.87,72.94,0.07,1.79,-37.36,0.68
2026-08-20,7916,光村印刷,東S,"1,890",-38.0 (-1.97%) ,,,,,,,,,,,,,
2026-08-20,7917,ＺＡＣＲＯＳ,東P,"1,287",+15.0 (+1.18%) ,0.97,12.13,8.3,40.08,18.69,60.49,(連),2.80,98.46,-1.81,2.99,10.55,8.06
2026-08-20,7918,ヴィアＨＬＤＧ,東S,107,0.0 (0.00%) ,,,,,,,,,,,,,
2026-08-20,7919,野崎印刷紙業,東S,223,-1.0 (-0.45%) ,0.78,10.06,7.9,0.00,-24.10,43.51,(連),3.36,,,,,
2026-08-20,7921,ＴＡＫＡＲＡ＆ＣＯＭＰＡＮＹ,東P,"4,200",+40.0 (+0.96%) ,,,,,,,,,,,,,
2026-08-20,7927,ムトー精工,東S,"2,242",+29.0 (+1.31%) ,0.74,7.84,10.1,70.45,7.33,64.34,(連),5.13,,,,,
2026-08-20,7928,旭化学工業,東S,652,-1.0 (-0.15%) ,0.39,43.26,0.9,56.99,-37.91,79.21,(連),1.53,,,,,
2026-08-20,7931,未来工業,東P,"3,630",+60.0 (+1.68%) ,1.06,12.49,8.7,0.00,-2.38,80.72,(連),3.99,300.10,3.75,0.00,-1.37,5.28
2026-08-20,7932,ニッピ,東S,"11,660",+100.0 (+0.87%) ,0.79,11.74,7.0,18.09,16.35,58.62,(連),5.43,,,,,
2026-08-20,7936,アシックス,東P,"4,917",+64.0 (+1.32%) ,12.82,35.60,39.1,80.46,50.42,46.3,(連),0.57,175.69,1.03,0.22,26.08,21.45
2026-08-20,7937,ツツミ,東S,"2,588",+5.0 (+0.19%) ,,,,,,,,,,,,,
2026-08-20,7938,リーガルコーポレーション,東S,"2,193",-1.0 (-0.05%) ,,,,,,,,,,,,,
2026-08-20,7939,研創,東S,611,-2.0 (-0.33%) ,,,,,,,,,,,,,
2026-08-20,7942,ＪＳＰ,東P,"3,080",-25.0 (-0.81%) ,0.74,12.23,6.3,50.83,10.68,65.9,(連),2.92,297.60,0.57,54.17,65.67,9.32
2026-08-20,7943,ニチハ,東P,"3,080",+50.0 (+1.65%) ,,,,,,,,,214.70,0.08,10.37,-25.98,-2.43
2026-08-20,7944,ローランド,東P,"3,900",+50.0 (+1.30%) ,2.5,47.74,5.0,90.83,7.26,49.21,(連),4.36,282.22,0.06,9.56,-0.04,4.04
2026-08-20,7946,光陽社,東S,321,-7.0 (-2.13%) ,0.45,10.06,4.7,0.00,33.98,60.56,(連),3.12,,,,,
2026-08-20,7947,エフピコ,東P,"2,766",+23.0 (+0.84%) ,1.36,15.04,9.4,0.00,17.98,54.08,(連),2.64,171.68,-2.43,4.46,-6.46,4.11
2026-08-20,7949,小松ウオール工業,東P,"2,800",+33.0 (+1.19%) ,1.26,16.16,7.9,0.00,10.49,80.73,(単),4.64,,,,,
2026-08-20,7950,日本デコラックス,名M,--,-- (--%) ,0.45,14.26,3.2,0.00,22.36,87.26,(単),3.94,,,,,
2026-08-20,7951,ヤマハ,東P,"1,295.5",+13.5 (+1.05%) ,1.19,24.58,5.1,75.98,57.10,77.46,(連),2.01,70.20,0.56,1.03,-11.38,2.39
2026-08-20,7952,河合楽器製作所,東P,"3,560",+90.0 (+2.59%) ,0.66,26.82,2.5,35.91,100.84,59.26,(連),2.67,,,,,
2026-08-20,7953,菊水化学工業,東S,398,+6.0 (+1.53%) ,0.49,18.49,2.7,0.00,45.16,60.05,(連),4.27,,,,,
2026-08-20,7955,クリナップ,東P,994,+20.0 (+2.05%) ,,,,,,,,,,,,,
2026-08-20,7956,ピジョン,東P,"2,119",+20.0 (+0.95%) ,3.06,29.57,10.4,66.69,3.00,75.32,(連),3.59,81.15,1.97,0.19,4.04,6.16
2026-08-20,7957,フジコピアン,東S,"2,452",-3.0 (-0.12%) ,,,,,,,,,,,,,
2026-08-20,7962,キングジム,東P,808,0.0 (0.00%) ,,,,,,,,,,,,,
2026-08-20,7963,興研,東S,"1,807",+24.0 (+1.35%) ,0.64,10.05,6.6,0.00,21.76,61.47,(連),2.77,,,,,
2026-08-20,7965,象印マホービン,東P,"1,468",+18.0 (+1.24%) ,1.05,15.90,6.8,32.59,12.09,74.97,(連),5.59,83.40,-1.83,-100.05,-13.48,4.20
2026-08-20,7966,リンテック,東P,"5,730",+60.0 (+1.06%) ,1.46,21.67,6.9,81.38,-1.63,75.12,(連),1.92,324.92,0.77,1.51,10.81,2.85
2026-08-20,7970,信越ポリマー,東P,"2,230",+14.0 (+0.63%) ,1.38,18.11,7.9,55.25,5.98,84.38,(連),2.78,136.80,1.47,0.00,-4.19,4.17
2026-08-20,7971,東リ,東S,702,+14.0 (+2.03%) ,0.77,9.13,8.9,0.00,22.89,52.0,(連),4.84,,,,,
2026-08-20,7972,イトーキ,東P,"2,558",+50.0 (+1.99%) ,2.23,13.45,17.7,4.29,37.34,43.38,(連),2.93,235.82,0.45,-0.98,15.88,11.34
2026-08-20,7974,任天堂,東P,"8,781",+204.0 (+2.38%) ,3.43,24.09,14.9,76.87,45.63,77.63,(連),2.49,356.48,-11.18,0.44,-15.41,40.97
2026-08-20,7975,リヒトラブ,東S,"1,143",+7.0 (+0.62%) ,0.35,57.81,0.6,0.00,-44.93,81.22,(連),2.19,,,,,
2026-08-20,7976,三菱鉛筆,東P,"2,885",+24.0 (+0.84%) ,1.13,25.25,4.7,57.25,-22.58,75.7,(連),1.80,171.60,0.34,8.58,1.01,4.41
2026-08-20,7979,松風,東P,"2,364",+19.0 (+0.81%) ,1.73,17.21,10.7,58.82,6.08,84.12,(連),2.54,133.03,-5.62,18.00,9.20,5.26
2026-08-20,7980,重松製作所,東S,840,+10.0 (+1.20%) ,0.63,8.51,7.8,57.11,-14.95,43.71,(単),1.79,,,,,
2026-08-20,7981,タカラスタンダード,東P,"3,020",+84.0 (+2.86%) ,0.97,13.02,7.7,0.00,22.94,68.85,(連),3.84,,,,,
2026-08-20,7983,ミロク,東S,"1,079",+16.0 (+1.51%) ,,,,,,,,,,,,,
2026-08-20,7984,コクヨ,東P,862.2,+3.4 (+0.40%) ,1.47,17.85,8.4,12.25,11.52,70.89,(連),2.84,50.47,3.81,1.03,-4.58,6.64
2026-08-20,7985,ネポン,東S,777,-7.0 (-0.89%) ,0.3,19.72,1.6,0.00,2.63,41.49,(連),1.54,,,,,
2026-08-20,7986,日本アイ・エス・ケイ,東S,"1,910",-10.0 (-0.52%) ,0.63,7.04,9.4,0.00,5.59,70.43,(連),1.57,,,,,
2026-08-20,7987,ナカバヤシ,東S,570,+3.0 (+0.53%) ,0.5,8.06,6.5,0.00,45.39,56.92,(連),3.86,,,,,
2026-08-20,7988,ニフコ,東P,"5,040",+113.0 (+2.29%) ,1.58,13.94,11.9,69.67,-1.67,75.32,(連),2.18,397.48,1.27,0.14,-1.10,2.19
2026-08-20,7989,立川ブラインド工業,東P,"2,634",-9.0 (-0.34%) ,0.94,16.34,5.9,0.00,5.78,83.2,(連),2.66,,,,,
2026-08-20,7990,グローブライド,東P,"2,500",+59.0 (+2.42%) ,,,,,,,,,238.25,-13.92,0.85,-25.00,3.15
2026-08-20,7991,マミヤ・オーピー,東S,"1,068",+17.0 (+1.62%) ,0.42,6.44,6.7,15.96,-64.83,65.23,(連),4.68,,,,,
2026-08-20,7992,セーラー万年筆,東S,102,0.0 (0.00%) ,,,,,,,,,,,,,
2026-08-20,7994,オカムラ,東P,"2,339",+11.0 (+0.47%) ,1.08,9.88,11.5,0.00,-2.34,67.62,(連),4.45,237.80,23.29,-1.74,-9.64,4.86
2026-08-20,7995,バルカー,東P,"6,600",+260.0 (+4.10%) ,2.17,22.67,9.9,32.45,16.89,64.12,(連),2.27,486.20,0.20,9.21,21.22,6.49
2026-08-20,7997,くろがね工作所,東S,"1,056",-1.0 (-0.09%) ,0.36,4.44,8.6,0.00,-136.84,56.71,(連),3.79,,,,,
2026-08-20,8001,伊藤忠商事,東P,"2,004",+27.0 (+1.37%) ,2.13,15.66,14.6,23.41,3.84,39.38,(連),2.10,138.15,1.83,-0.37,2.36,2.80
2026-08-20,8002,丸紅,東P,"4,856",+60.0 (+1.25%) ,1.82,14.70,13.6,49.16,5.60,41.43,(連),2.21,367.18,1.19,-0.49,11.45,5.28
2026-08-20,8005,スクロール,東P,"1,846",-22.0 (-1.18%) ,1.66,22.87,7.5,0.00,-4.02,63.86,(連),3.20,,,,,
2026-08-20,8006,ユアサ・フナショク,東S,"1,540",-48.0 (-3.02%) ,0.63,12.01,5.4,0.00,7.99,61.05,(連),2.14,,,,,
2026-08-20,8007,高島,東P,810,+15.0 (+1.89%) ,1.19,22.58,5.2,13.98,-24.75,40.58,(連),5.56,,,,,
2026-08-20,8008,ヨンドシーＨＬＤＧ,東P,"2,149",+10.0 (+0.47%) ,1.12,25.75,4.5,0.00,34.58,59.64,(連),3.86,139.70,0.23,57.58,57.58,27.95
2026-08-20,8011,三陽商会,東P,"5,270",+190.0 (+3.74%) ,1.31,13.44,10.3,0.00,-49.17,68.31,(連),2.64,,,,,
2026-08-20,8012,長瀬産業,東P,"1,225.5",+23.0 (+1.91%) ,1.17,15.53,8.0,70.25,14.89,48.82,(連),2.04,91.13,0.87,2.20,11.00,2.82
2026-08-20,8013,ナイガイ,東S,350,-1.0 (-0.28%) ,0.4,54.60,0.8,0.00,-135.76,55.59,(連),0.00,,,,,
2026-08-20,8014,蝶理,東P,"4,185",0.0 (0.00%) ,1.01,8.59,12.4,37.40,-12.38,66.72,(連),3.51,,,,,
2026-08-20,8015,豊田通商,東P,"7,195",+226.0 (+3.24%) ,2.41,20.50,12.8,71.99,5.23,37.04,(連),1.67,443.26,0.62,-0.52,15.17,9.44
2026-08-20,8016,オンワードＨＬＤＧ,東P,770,+10.0 (+1.32%) ,1.12,10.37,11.4,8.33,10.83,49.45,(連),3.90,81.47,0.97,-1.68,0.28,8.69
2026-08-20,8018,三共生興,東S,886,+7.0 (+0.80%) ,0.6,16.32,3.9,25.97,-20.99,70.96,(連),3.05,,,,,
2026-08-20,8020,兼松,東P,"2,147.5",+35.5 (+1.68%) ,1.71,10.98,17.0,15.18,23.34,28.43,(連),2.93,222.30,0.71,0.84,1.57,2.96
2026-08-20,8022,美津濃,東P,"4,140",+160.0 (+4.02%) ,1.82,17.27,11.1,40.11,12.33,68.94,(連),1.45,254.91,2.56,-0.38,7.70,7.53
2026-08-20,8023,ＤＡＩＫＯ　ＸＴＥＣＨ,東S,"1,028",+30.0 (+3.01%) ,0.95,9.02,10.9,0.00,-20.20,49.05,(連),3.50,,,,,
2026-08-20,8025,ツカモトコーポレーション,東S,"1,342",+11.0 (+0.83%) ,,,,,,,,,,,,,
2026-08-20,8029,ルックＨＬＤＧ,東S,"2,650",+6.0 (+0.23%) ,0.49,13.41,3.8,52.21,-27.57,63.17,(連),3.77,,,,,
2026-08-20,8030,中央魚類,東S,"3,715",+45.0 (+1.23%) ,0.4,5.04,8.6,0.00,6.78,44.08,(連),3.23,,,,,
2026-08-20,8031,三井物産,東P,"4,774",-5.0 (-0.10%) ,1.54,16.40,10.2,49.38,-4.24,42.11,(連),2.41,344.26,0.76,-0.73,22.15,1.30
2026-08-20,8032,日本紙パルプ商事,東P,"1,215",+2.0 (+0.16%) ,1.06,30.76,3.6,58.44,-31.19,32.65,(連),2.80,,,,,
2026-08-20,8035,東京エレクトロン,東P,"54,020",-640.0 (-1.17%) ,11.87,43.06,29.6,90.20,-10.93,71.52,(連),1.16,"1,633.63",1.09,3.00,30.76,17.41
2026-08-20,8037,カメイ,東P,"4,330",+65.0 (+1.52%) ,0.76,11.13,7.2,14.39,5.12,52.42,(連),2.66,,,,,
2026-08-20,8039,築地魚市場,東S,"3,610",0.0 (0.00%) ,,,,,,,,,,,,,
2026-08-20,8040,東京ソワール,東S,"1,037",+2.0 (+0.19%) ,0.34,15.14,2.3,0.00,-14.99,75.27,(連),4.34,,,,,
2026-08-20,8041,ＯＵＧ　ＨＬＤＧ,東S,"4,535",+35.0 (+0.78%) ,0.59,4.55,14.0,0.00,15.62,42.83,(連),3.68,,,,,
2026-08-20,8043,スターゼン,東P,"1,537",+17.0 (+1.12%) ,0.92,10.54,9.0,0.00,3.43,47.36,(連),2.80,,,,,
2026-08-20,8045,横浜丸魚,東S,"1,979",-41.0 (-2.03%) ,0.57,20.14,3.2,0.00,27.75,67.95,(連),1.72,,,,,
2026-08-20,8046,丸藤シートパイル,東S,982,-1.0 (-0.10%) ,0.52,8.88,6.2,0.00,28.21,71.23,(連),4.07,,,,,
2026-08-20,8050,セイコーグループ,東P,"11,070",-130.0 (-1.16%) ,5.15,41.16,13.3,47.25,59.46,45.79,(連),0.75,297.67,3.48,0.65,43.73,11.20
2026-08-20,8051,山善,東P,"1,897",+16.0 (+0.85%) ,1.18,17.33,7.0,17.80,29.87,39.32,(連),2.85,,,,,
2026-08-20,8052,椿本興業,東P,"2,789",+26.0 (+0.94%) ,1.03,10.20,10.7,13.22,8.92,49.89,(連),3.23,,,,,
2026-08-20,8053,住友商事,東P,"1,701.5",+23.5 (+1.40%) ,1.75,13.64,12.9,59.42,0.92,33.94,(連),2.20,137.28,1.24,-0.87,8.01,2.82
2026-08-20,8056,ＢＩＰＲＯＧＹ,東P,"4,565",+91.0 (+2.03%) ,2.46,14.24,17.9,0.00,13.03,47.02,(連),2.85,340.45,2.17,-0.53,1.48,8.07
2026-08-20,8057,内田洋行,東P,"2,164",+21.0 (+0.98%) ,1.51,10.85,14.5,0.00,29.51,40.33,(連),2.77,243.30,0.40,3.03,23.19,22.93
2026-08-20,8058,三菱商事,東P,"4,696",+48.0 (+1.03%) ,1.82,22.26,8.5,52.74,-21.34,39.09,(連),2.34,294.02,0.41,-0.13,36.84,5.01
2026-08-20,8059,第一実業,東P,"3,575",+50.0 (+1.42%) ,1.26,11.47,11.7,76.41,5.56,51.52,(連),3.50,,,,,
2026-08-20,8060,キヤノンマーケティングジャパン,東P,"3,552",+18.0 (+0.51%) ,,,,,,,,,209.93,1.68,0.17,8.41,2.78
2026-08-20,8061,西華産業,東P,"2,999",+99.0 (+3.41%) ,1.99,14.39,14.8,21.66,8.88,27.43,(連),2.72,,,,,
2026-08-20,8065,佐藤商事,東P,"3,705",+35.0 (+0.95%) ,1.0,11.79,9.1,22.81,13.50,42.3,(連),2.21,,,,,
2026-08-20,8066,三谷商事,東S,"3,200",+75.0 (+2.40%) ,1.43,11.41,13.2,10.19,8.96,59.23,(連),3.03,,,,,
2026-08-20,8070,東京産業,東P,939,+5.0 (+0.54%) ,0.97,9.75,10.9,10.72,50.04,24.71,(連),4.05,,,,,
2026-08-20,8071,東海エレクトロニクス,名M,"2,968",+18.0 (+0.61%) ,0.33,15.84,2.2,34.54,-13.32,62.66,(連),3.84,,,,,
2026-08-20,8074,ＹＵＡＳＡ,東P,"6,100",+120.0 (+2.01%) ,1.07,10.68,10.5,0.00,7.66,39.51,(連),3.11,,,,,
2026-08-20,8075,神鋼商事,東P,"3,025",+20.0 (+0.67%) ,0.81,9.64,8.7,27.75,-6.30,25.8,(連),3.50,,,,,
2026-08-20,8076,カノークス,東S,"2,106",-6.0 (-0.28%) ,0.62,9.58,6.5,0.00,3.78,39.92,(連),4.94,,,,,
2026-08-20,8077,トルク,東S,211,-2.0 (-0.94%) ,,,,,,,,,,,,,
2026-08-20,8078,阪和興業,東P,"1,836",+33.0 (+1.83%) ,0.84,9.51,9.4,69.19,-12.53,35.25,(連),3.16,204.09,1.58,-3.28,-5.00,5.37
2026-08-20,8079,正栄食品工業,東P,"4,550",+60.0 (+1.34%) ,,,,,,,,,241.30,0.57,5.45,16.00,7.44
2026-08-20,8081,カナデン,東P,"2,500",+60.0 (+2.46%) ,1.1,14.05,8.0,8.28,22.28,51.96,(連),2.88,,,,,
2026-08-20,8084,ＲＹＯＤＥＮ,東P,"4,760",+90.0 (+1.93%) ,1.09,19.44,5.7,23.57,-4.04,61.19,(連),2.90,,,,,
2026-08-20,8085,ナラサキ産業,東S,"4,120",+10.0 (+0.24%) ,0.71,9.35,8.1,0.00,1.25,46.43,(連),3.16,,,,,
2026-08-20,8086,ニプロ,東P,"1,593",+33.0 (+2.12%) ,0.95,19.24,5.1,51.47,82.31,22.59,(連),1.82,100.17,0.76,0.76,9.75,4.87
2026-08-20,8088,岩谷産業,東P,"2,184",-13.0 (-0.59%) ,1.15,10.55,11.6,15.36,-10.19,48.58,(連),2.15,218.36,1.84,-0.02,-5.23,4.42
2026-08-20,8089,ナイス,東S,"1,969",+7.0 (+0.36%) ,0.38,9.02,4.5,0.00,19.91,34.27,(連),3.66,,,,,
2026-08-20,8091,ニチモウ,東P,"2,430",+35.0 (+1.46%) ,,,,,,,,,,,,,
2026-08-20,8093,極東貿易,東P,"1,857",+17.0 (+0.92%) ,0.7,12.24,6.0,42.15,12.71,53.48,(連),3.98,,,,,
2026-08-20,8095,アステナＨＬＤＧ,東P,537,+3.0 (+0.56%) ,0.8,9.90,8.4,0.00,3.78,35.92,(連),3.35,,,,,
2026-08-20,8097,三愛オブリ,東P,"2,378",+15.0 (+0.63%) ,1.27,16.10,8.0,0.00,4.53,54.67,(連),4.21,,,,,
2026-08-20,8098,稲畑産業,東P,"4,160",+45.0 (+1.09%) ,0.94,10.81,9.3,57.97,6.18,47.33,(連),3.08,,,,,
2026-08-20,8101,ＧＳＩクレオス,東P,"2,805",+52.0 (+1.89%) ,1.07,13.54,8.2,69.41,54.00,36.07,(連),3.71,,,,,
2026-08-20,8103,明和産業,東P,952,+16.0 (+1.71%) ,0.92,11.33,8.5,33.38,-1.81,48.92,(連),4.41,,,,,
2026-08-20,8104,クワザワＨＬＤＧ,東S,693,+8.0 (+1.17%) ,,,,,,,,,,,,,
2026-08-20,8105,Ｂｉｔｃｏｉｎ　Ｊａｐａｎ,東S,93,+4.0 (+4.49%) ,,,,,,,,,,,,,
2026-08-20,8107,キムラタン,東S,31,0.0 (0.00%) ,,,,,,,,,,,,,
2026-08-20,8111,ゴールドウイン,東P,"2,138.5",+38.5 (+1.83%) ,,,,,,,,,185.24,2.14,0.60,-7.41,4.27
2026-08-20,8113,ユニ・チャーム,東P,999.6,+19.2 (+1.96%) ,2.19,26.80,8.3,63.77,-21.67,64.97,(連),1.80,45.27,1.03,-0.44,-17.82,0.70
2026-08-20,8115,ムーンバット,東S,"1,294",-6.0 (-0.46%) ,1.0,10.22,10.1,0.00,1.50,58.86,(連),4.71,,,,,
2026-08-20,8117,中央自動車工業,東S,"2,119",-1.0 (-0.05%) ,1.86,12.14,16.3,22.53,4.11,88.36,(連),3.02,173.20,-15.48,2.21,-1.42,10.23
2026-08-20,8118,キング,東S,"1,214",-13.0 (-1.06%) ,0.84,30.99,2.7,0.00,-0.63,86.45,(連),1.48,,,,,
2026-08-20,8119,三栄コーポレーション,東S,776,-4.0 (-0.51%) ,0.5,12.97,4.1,29.16,-46.21,59.58,(連),3.99,,,,,
2026-08-20,8123,川辺,東S,"1,385",+11.0 (+0.80%) ,0.34,13.52,2.6,0.00,-23.02,58.39,(連),3.61,,,,,
2026-08-20,8125,ワキタ,東P,"1,954",+28.0 (+1.45%) ,0.96,28.01,3.4,0.00,-15.69,69.13,(連),5.12,,,,,
2026-08-20,8127,ヤマトインターナショナル,東S,577,+1.0 (+0.17%) ,0.68,82.78,0.8,0.00,-116.10,74.31,(連),2.77,,,,,
2026-08-20,8129,東邦ＨＬＤＧ,東P,"3,984",+39.0 (+0.99%) ,0.95,14.69,6.6,0.00,-19.72,36.62,(連),4.14,187.65,-0.69,-1.35,-33.20,3.38
2026-08-20,8130,サンゲツ,東P,"3,180",+15.0 (+0.47%) ,1.54,12.77,12.5,16.96,8.31,64.34,(連),4.87,227.60,-1.62,-6.83,-15.11,3.08
2026-08-20,8131,ミツウロコグループＨＬＤＧ,東S,"2,157",+3.0 (+0.14%) ,1.12,13.10,9.0,0.00,36.69,51.09,(連),3.06,,,,,
2026-08-20,8132,シナネンＨＬＤＧ,東P,"8,610",+30.0 (+0.35%) ,1.56,21.11,7.7,0.00,20.05,55.61,(連),1.39,,,,,
2026-08-20,8133,伊藤忠エネクス,東P,"2,188",+31.0 (+1.44%) ,1.36,15.38,9.1,0.00,-7.66,40.15,(連),3.02,,,,,
2026-08-20,8135,ゼット,東S,443,+10.0 (+2.31%) ,0.57,8.89,6.5,0.00,14.77,45.47,(連),4.06,,,,,
2026-08-20,8136,サンリオ,東P,"1,201.5",+38.5 (+3.31%) ,,,,,,,,,53.06,1.33,-1.33,18.09,26.33
2026-08-20,8137,サンワテクノス,東P,"3,950",-5.0 (-0.13%) ,1.16,18.60,6.4,22.90,25.19,52.13,(連),3.09,,,,,
2026-08-20,8138,三京化成,東S,"4,360",0.0 (0.00%) ,0.43,5.21,8.4,0.00,6.98,59.57,(連),2.29,,,,,
2026-08-20,8139,ナガホリ,東S,"2,318",+18.0 (+0.78%) ,2.52,32.29,8.1,0.00,144.77,45.42,(連),0.86,,,,,
2026-08-20,8141,新光商事,東P,"1,567",+1.0 (+0.06%) ,0.85,40.47,2.2,37.51,169.03,65.16,(連),1.18,,,,,
2026-08-20,8142,トーホー,東P,"1,436",+23.0 (+1.63%) ,1.33,10.05,14.0,0.00,3.05,35.7,(連),3.48,,,,,
2026-08-20,8143,ラピーヌ,東S,140,-1.0 (-0.71%) ,,,,,,,,,,,,,
2026-08-20,8144,デンキョーグループＨＬＤＧ,東S,"1,241",-6.0 (-0.48%) ,,,,,,,,,,,,,
2026-08-20,8145,中部水産,名M,"3,155",+10.0 (+0.32%) ,0.35,11.74,3.1,0.00,26.95,81.0,(単),2.85,,,,,
2026-08-20,8147,トミタ,東S,"1,405",-18.0 (-1.26%) ,0.56,10.92,5.3,44.13,-6.58,60.39,(連),1.71,,,,,
2026-08-20,8150,三信電気,東P,"3,095",+75.0 (+2.48%) ,0.82,7.64,11.5,55.60,23.19,50.45,(連),6.14,,,,,
2026-08-20,8151,東陽テクニカ,東P,"2,042",+19.0 (+0.94%) ,1.57,36.76,4.3,0.00,-41.19,70.12,(連),3.38,134.20,0.11,13.51,23.53,6.84
2026-08-20,8152,ソマール,東S,"7,430",+100.0 (+1.36%) ,0.64,9.67,7.0,32.76,0.04,63.41,(連),1.35,,,,,
2026-08-20,8153,モスフードサービス,東P,"3,895",+40.0 (+1.04%) ,2.03,26.20,8.1,14.74,27.62,67.64,(連),0.87,142.60,-6.70,0.00,42.00,4.68
2026-08-20,8154,加賀電子,東P,"4,865",-20.0 (-0.41%) ,1.26,7.75,17.8,39.36,32.47,45.46,(連),2.88,509.03,-0.51,6.28,12.32,12.91
2026-08-20,8157,都築電気,東P,"4,060",+85.0 (+2.14%) ,1.53,11.41,14.0,0.00,26.14,55.14,(連),3.10,,,,,
2026-08-20,8158,ソーダニッカ,東P,"1,305",+3.0 (+0.23%) ,,,,,,,,,,,,,
2026-08-20,8159,立花エレテック,東P,"3,975",+10.0 (+0.25%) ,0.83,12.05,7.4,18.05,4.91,58.55,(連),2.52,336.70,5.65,19.32,6.06,7.84
2026-08-20,8160,木曽路,東P,"2,438",+23.0 (+0.95%) ,,,,,,,,,,,,,
2026-08-20,8163,ＳＲＳ　ＨＬＤＧ,東P,"1,520",+21.0 (+1.40%) ,3.52,37.09,9.9,0.00,17.92,37.84,(連),0.66,,,,,
2026-08-20,8165,千趣会,東S,107,0.0 (0.00%) ,,,,,,,,,,,,,
2026-08-20,8166,タカキュー,東S,78,0.0 (0.00%) ,2.66,2.04,73.7,0.00,-62.25,32.72,(単),0.00,,,,,
2026-08-20,8167,リテールパートナーズ,東P,"1,429",-57.0 (-3.84%) ,0.67,11.94,5.8,0.00,-5.53,67.31,(連),2.80,,,,,
2026-08-20,8173,Ｊｏｓｈｉｎ,東P,"4,260",+130.0 (+3.15%) ,1.05,33.59,3.1,0.00,46.46,46.05,(連),2.35,,,,,
2026-08-20,8174,日本瓦斯,東P,"2,958",+62.5 (+2.16%) ,4.7,21.64,22.0,0.00,14.20,40.94,(連),3.48,136.67,"-1,286.30",-1.50,-5.82,5.74
2026-08-20,8179,ロイヤルＨＬＤＧ,東P,"1,324",+24.0 (+1.85%) ,2.38,23.03,10.8,0.00,8.23,39.16,(連),1.32,58.35,14.99,-5.56,-3.41,7.14
2026-08-20,8181,東天紅,東S,995,0.0 (0.00%) ,,,,,,,,,,,,,
2026-08-20,8185,チヨダ,東P,"1,059",+25.0 (+2.42%) ,0.72,153.26,0.5,0.00,-41.23,70.36,(連),5.10,21.10,0.24,-42.00,-53.23,-6.06
2026-08-20,8190,ヤマナカ,名M,517,0.0 (0.00%) ,0.55,96.10,0.6,0.00,-80.00,42.6,(連),1.93,,,,,
2026-08-20,8194,ライフコーポレーション,東P,"2,645",+33.0 (+1.26%) ,1.47,12.16,12.8,0.00,3.29,46.39,(連),2.48,218.87,20.12,0.12,-2.80,3.72
2026-08-20,8198,マックスバリュ東海,東S,"3,215",-10.0 (-0.31%) ,1.06,10.00,11.1,0.00,-2.22,63.67,(連),2.64,,,,,
2026-08-20,8200,リンガーハット,東P,"2,342",+30.0 (+1.30%) ,3.98,35.13,12.0,0.00,1.01,48.94,(連),0.56,,,,,
2026-08-20,8202,ラオックスＨＬＤＧ,東S,147,0.0 (0.00%) ,,,,,,,,,,,,,
2026-08-20,8203,ＭｒＭａｘＨＤ,東P,786,+9.0 (+1.16%) ,0.68,9.64,7.3,0.00,18.96,44.24,(連),3.44,,,,,
2026-08-20,8207,テンアライド,東S,296,+1.0 (+0.34%) ,,,,,,,,,,,,,
2026-08-20,8214,ＡＯＫＩ　ＨＬＤＧ,東P,"1,727",+15.0 (+0.88%) ,1.0,15.36,6.6,0.00,10.74,64.27,(連),4.63,,,,,
2026-08-20,8217,オークワ,東P,810,+3.0 (+0.37%) ,0.44,125.78,0.4,0.00,36.82,57.49,(連),3.21,5.70,-12.37,-24.39,-22.50,1.28
2026-08-20,8218,コメリ,東P,"3,880",+20.0 (+0.52%) ,0.71,12.53,5.8,0.00,5.16,65.19,(連),1.44,326.59,2.18,0.21,-5.98,1.27
2026-08-20,8219,青山商事,東P,760,+5.0 (+0.66%) ,0.61,15.85,3.9,0.00,-13.53,57.86,(連),5.96,54.67,0.99,-7.03,-6.30,-0.77
2026-08-20,8225,タカチホ,東S,"3,405",-115.0 (-3.27%) ,0.92,7.24,13.6,0.00,12.39,57.89,(連),2.94,,,,,
2026-08-20,8226,理経,東S,401,+13.0 (+3.35%) ,,,,,,,,,,,,,
2026-08-20,8227,しまむら,東P,"3,290",-51.0 (-1.53%) ,1.4,16.26,9.0,1.48,5.08,88.08,(連),2.18,230.91,1.01,0.13,3.01,4.80
2026-08-20,8228,マルイチ産商,名M,"1,113",0.0 (0.00%) ,,,,,,,,,,,,,
2026-08-20,8230,はせがわ,東S,313,+2.0 (+0.64%) ,,,,,,,,,,,,,
2026-08-20,8233,高島屋,東P,"2,355",+85.0 (+3.74%) ,,,,,,,,,137.96,-0.03,0.23,-0.40,1.05
2026-08-20,8237,松屋,東P,"2,387",+265.0 (+12.49%) ,4.55,56.91,8.0,0.00,-41.76,34.99,(連),0.50,17.30,-2.35,19.35,-55.95,-2.08
2026-08-20,8242,エイチ・ツー・オー　リテイリン,東P,"2,928",+63.5 (+2.22%) ,1.08,11.51,9.8,0.00,-3.90,43.37,(連),1.57,213.75,-0.86,2.93,-2.63,1.22
2026-08-20,8244,近鉄百貨店,東S,"1,929",+15.0 (+0.78%) ,1.7,20.62,8.8,0.00,28.46,36.73,(連),1.04,,,,,
2026-08-20,8247,大和,東S,310,-2.0 (-0.64%) ,,,,,,,,,,,,,
2026-08-20,8252,丸井グループ,東P,"2,978",+30.0 (+1.02%) ,2.19,18.81,11.6,0.00,6.85,21.4,(連),4.40,170.38,2.30,-0.55,-7.63,8.48
2026-08-20,8253,クレディセゾン,東P,"4,658",+10.0 (+0.22%) ,0.88,10.78,8.6,0.00,-3.02,15.38,(連),2.79,542.81,0.34,0.05,13.17,3.75
2026-08-20,8254,さいか屋,東S,286,-15.0 (-4.98%) ,28.63,12.85,15.6,0.00,35.00,6.65,(連),0.00,,,,,
2026-08-20,8255,アクシアル　リテイリング,東P,"1,268",+9.0 (+0.71%) ,,,,,,,,,,,,,
2026-08-20,8260,井筒屋,東S,376,+7.0 (+1.90%) ,0.34,8.54,4.1,0.00,-36.30,28.17,(連),1.60,,,,,
2026-08-20,8267,イオン,東P,"1,385.5",+24.5 (+1.80%) ,3.14,51.56,6.4,8.72,8.39,7.93,(連),0.99,28.27,9.43,-0.72,-4.49,7.59
2026-08-20,8273,イズミ,東P,"1,024",+12.0 (+1.19%) ,0.73,12.90,5.8,0.00,6.43,49.38,(連),2.93,82.87,2.83,0.12,-13.26,5.86
2026-08-20,8275,フォーバル,東S,"1,001",+6.0 (+0.60%) ,1.38,17.67,8.1,0.00,1.76,45.28,(連),3.10,,,,,
2026-08-20,8276,平和堂,東P,"2,709",+14.0 (+0.52%) ,0.68,14.31,4.9,0.00,-0.23,62.53,(連),2.44,211.80,1.08,-8.70,-9.26,2.97
2026-08-20,8278,フジ,東P,"2,070",+16.0 (+0.78%) ,0.79,21.94,3.7,0.00,-12.49,54.66,(連),1.45,,,,,
2026-08-20,8281,ゼビオＨＬＤＧ,東P,"1,208",+12.0 (+1.00%) ,,,,,,,,,,,,,
2026-08-20,8282,ケーズＨＬＤＧ,東P,"1,968",+55.0 (+2.88%) ,1.22,21.55,5.7,0.00,18.02,58.87,(連),2.34,142.94,0.24,5.12,39.54,4.86
2026-08-20,8285,三谷産業,東S,786,+1.0 (+0.13%) ,0.85,13.34,7.0,11.39,70.14,55.91,(連),1.65,,,,,
2026-08-20,8291,日産東京販売ＨＬＤＧ,東S,551,+10.0 (+1.85%) ,,,,,,,,,,,,,
2026-08-20,8301,日本銀行　出資証券,東優,--,-- (--%) ,,,,,,,,,,,,,
2026-08-20,8303,ＳＢＩ新生銀行,東P,"1,551.5",-6.0 (-0.39%) ,,,,,,,,,,,,,
2026-08-20,8304,あおぞら銀行,東P,"3,238",-104.0 (-3.11%) ,,,,,,,,,198.42,2.39,0.89,11.95,-30.53
2026-08-20,8306,三菱ＵＦＪ　ＦＧ,東P,"3,464",-31.0 (-0.89%) ,,,,,,,,,248.03,0.85,0.66,27.80,-30.60
2026-08-20,8308,りそなＨＬＤＧ,東P,"2,347.5",-9.0 (-0.38%) ,,,,,,,,,147.96,0.53,1.64,18.81,-8.82
2026-08-20,8309,三井住友トラストグループ,東P,"1,690.5",+2.0 (+0.12%) ,,,,,,,,,140.04,0.50,2.43,25.80,-39.12
2026-08-20,8316,三井住友ＦＧ,東P,"6,546",-22.0 (-0.33%) ,,,,,,,,,471.49,0.96,27.47,22.96,-27.55
2026-08-20,8331,千葉銀行,東P,"2,709.5",-14.0 (-0.51%) ,,,,,,,,,167.44,0.64,0.54,14.10,-13.89
2026-08-20,8334,群馬銀行,東P,"2,669.5",+20.5 (+0.77%) ,,,,,,,,,,,,,
2026-08-20,8336,武蔵野銀行,東P,"2,675",-5.0 (-0.19%) ,,,,,,,,,,,,,
2026-08-20,8337,千葉興業銀行,東P,"2,658",+15.0 (+0.57%) ,,,,,,,,,,,,,
2026-08-20,8338,筑波銀行,東P,708,-4.0 (-0.56%) ,,,,,,,,,,,,,
2026-08-20,8341,七十七銀行,東P,"3,675",-19.0 (-0.51%) ,,,,,,,,,,,,,
2026-08-20,8343,秋田銀行,東P,"8,270",-240.0 (-2.82%) ,,,,,,,,,,,,,
2026-08-20,8344,山形銀行,東P,"4,385",-70.0 (-1.57%) ,,,,,,,,,,,,,
2026-08-20,8345,岩手銀行,東P,"2,332",-4.0 (-0.17%) ,,,,,,,,,,,,,
2026-08-20,8346,東邦銀行,東P,951,-4.0 (-0.42%) ,,,,,,,,,,,,,
2026-08-20,8349,東北銀行,東S,"1,570",+7.0 (+0.45%) ,,,,,,,,,,,,,
2026-08-20,8354,ふくおかＦＧ,東P,"7,507",+48.0 (+0.64%) ,,,,,,,,,545.02,0.67,0.77,14.00,-13.84
2026-08-20,8358,スルガ銀行,東P,"2,829",0.0 (0.00%) ,,,,,,,,,207.98,2.86,6.93,31.74,20.20
2026-08-20,8359,八十二長野銀行,東P,"2,562",+6.0 (+0.23%) ,,,,,,,,,162.77,1.03,4.97,21.39,15.89
2026-08-20,8360,山梨中央銀行,東P,"7,090",-10.0 (-0.14%) ,,,,,,,,,,,,,
2026-08-20,8361,大垣共立銀行,東P,"7,880",0.0 (0.00%) ,,,,,,,,,,,,,
2026-08-20,8362,福井銀行,東P,"6,600",-30.0 (-0.45%) ,,,,,,,,,,,,,
2026-08-20,8364,清水銀行,東P,"3,110",+55.0 (+1.80%) ,,,,,,,,,,,,,
2026-08-20,8365,富山銀行,東S,"2,333",-22.0 (-0.93%) ,,,,,,,,,,,,,
2026-08-20,8366,滋賀銀行,東P,"2,674",+36.0 (+1.36%) ,,,,,,,,,,,,,
2026-08-20,8367,南都銀行,東P,"1,865",-10.0 (-0.53%) ,,,,,,,,,,,,,
2026-08-20,8368,百五銀行,東P,"2,205",+26.0 (+1.19%) ,,,,,,,,,,,,,
2026-08-20,8370,紀陽銀行,東P,"4,830",-15.0 (-0.31%) ,,,,,,,,,,,,,
2026-08-20,8377,ほくほくＦＧ,東P,"7,882",-80.0 (-1.00%) ,,,,,,,,,538.10,1.33,10.45,23.76,11.66
2026-08-20,8381,山陰合同銀行,東P,"2,507",-37.0 (-1.45%) ,,,,,,,,,,,,,
2026-08-20,8383,鳥取銀行,東S,"1,903",-25.0 (-1.30%) ,,,,,,,,,,,,,
2026-08-20,8386,百十四銀行,東P,"2,951",+11.0 (+0.37%) ,,,,,,,,,,,,,
2026-08-20,8387,四国銀行,東P,"3,370",-20.0 (-0.59%) ,,,,,,,,,,,,,
2026-08-20,8388,阿波銀行,東P,"8,920",-60.0 (-0.67%) ,,,,,,,,,,,,,
2026-08-20,8392,大分銀行,東P,"2,763",+27.0 (+0.99%) ,,,,,,,,,,,,,
2026-08-20,8393,宮崎銀行,東P,"2,429",+12.0 (+0.50%) ,,,,,,,,,,,,,
2026-08-20,8395,佐賀銀行,東P,"6,380",-130.0 (-2.00%) ,,,,,,,,,,,,,
2026-08-20,8399,琉球銀行,東P,"3,150",-30.0 (-0.94%) ,,,,,,,,,,,,,
2026-08-20,8410,セブン銀行,東P,328.5,-2.5 (-0.76%) ,,,,,,,,,15.26,0.84,0.74,-4.54,4.91
2026-08-20,8411,みずほＦＧ,東P,"8,085",-23.0 (-0.28%) ,,,,,,,,,585.11,0.85,22.39,29.78,-32.69
2026-08-20,8416,高知銀行,東S,"1,142",-19.0 (-1.64%) ,,,,,,,,,,,,,
2026-08-20,8418,山口ＦＧ,東P,"3,075",-4.0 (-0.13%) ,,,,,,,,,217.00,0.37,5.15,-6.06,27.21
2026-08-20,8421,信金中央金庫　優先出資証券,東優,"191,500","-1,400.0 (-0.73%) ",,,,,,,,,,,,,
2026-08-20,8424,芙蓉総合リース,東P,"4,352",0.0 (0.00%) ,0.78,18.20,4.4,0.00,-44.60,13.08,(連),3.63,554.10,0.06,1.60,2.84,5.05
2026-08-20,8425,みずほリース,東P,"1,364",+21.0 (+1.56%) ,0.89,8.02,11.7,0.00,-1.89,10.25,(連),3.74,177.00,1.87,0.44,7.82,-5.60
2026-08-20,8439,東京センチュリー,東P,"2,491",-1.5 (-0.06%) ,1.08,10.93,10.4,34.15,23.55,15.53,(連),3.21,262.21,0.63,0.15,17.16,5.80
2026-08-20,8473,ＳＢＩ　ＨＬＤＧ,東P,"3,133",+168.0 (+5.67%) ,1.13,4.70,28.0,7.81,83.03,4.69,(連),3.03,535.51,-0.30,7.71,11.66,2.44
2026-08-20,8508,Ｊトラスト,東S,889,+10.0 (+1.14%) ,0.73,14.89,5.0,71.87,39.02,12.27,(連),1.91,64.20,1.83,-20.81,-20.81,0.71
2026-08-20,8511,日本証券金融,東P,"2,482",-1.0 (-0.04%) ,1.46,19.13,7.8,0.00,19.90,0.89,(連),3.46,,,,,
2026-08-20,8518,日本アジア投資,東S,140,+2.0 (+1.45%) ,,,,,,,,,,,,,
2026-08-20,8522,名古屋銀行,東P,"6,860",+110.0 (+1.63%) ,,,,,,,,,,,,,
2026-08-20,8524,北洋銀行,東P,"1,256",-11.0 (-0.87%) ,,,,,,,,,84.95,0.60,0.56,-14.92,14.42
2026-08-20,8537,大光銀行,東S,"2,996",+35.0 (+1.18%) ,,,,,,,,,,,,,
2026-08-20,8541,愛媛銀行,東P,"3,150",-40.0 (-1.25%) ,,,,,,,,,,,,,
2026-08-20,8542,トマト銀行,東S,"1,934",+7.0 (+0.36%) ,,,,,,,,,,,,,
2026-08-20,8544,京葉銀行,東P,"2,642",-35.0 (-1.31%) ,,,,,,,,,,,,,
2026-08-20,8550,栃木銀行,東P,"1,034",-18.0 (-1.71%) ,,,,,,,,,,,,,
2026-08-20,8551,北日本銀行,東P,"7,530",+200.0 (+2.73%) ,,,,,,,,,,,,,
2026-08-20,8558,東和銀行,東P,"1,469",+7.0 (+0.48%) ,,,,,,,,,,,,,
2026-08-20,8562,福島銀行,東S,362,-6.0 (-1.63%) ,,,,,,,,,,,,,
2026-08-20,8563,大東銀行,東S,"1,105",-11.0 (-0.99%) ,,,,,,,,,,,,,
2026-08-20,8566,リコーリース,東P,"6,680",+80.0 (+1.21%) ,,,,,,,,,428.60,5.13,-22.36,-25.10,8.81
2026-08-20,8570,イオンフィナンシャルサービス,東P,"1,695",+40.0 (+2.42%) ,0.77,17.35,4.5,42.24,-2.98,5.74,(連),3.13,89.61,-2.29,1.01,-19.55,7.18
2026-08-20,8572,アコム,東S,483.4,+3.2 (+0.67%) ,1.05,9.51,11.6,60.01,70.60,44.48,(連),4.55,42.23,-0.68,1.94,6.49,6.18
2026-08-20,8584,ジャックス,東P,"3,760",+20.0 (+0.53%) ,0.57,9.89,5.6,10.98,-21.37,7.91,(連),5.32,348.50,-1.29,-18.00,-18.00,1.76
2026-08-20,8585,オリエントコーポレーション,東P,866,+9.0 (+1.05%) ,0.59,11.50,5.3,0.00,17.01,8.81,(連),4.62,75.90,14.32,11.11,-21.05,2.66
2026-08-20,8591,オリックス,東P,"6,021",-3.0 (-0.05%) ,1.5,15.04,10.4,27.24,43.91,24.9,(連),2.59,758.32,0.09,3.58,84.87,13.88
2026-08-20,8593,三菱ＨＣキャピタル,東P,"1,388.5",+15.5 (+1.13%) ,1.0,12.29,8.6,46.83,21.95,15.2,(連),3.31,115.01,6.73,0.56,-9.32,4.06
2026-08-20,8595,ジャフコ　グループ,東P,"2,288.5",+17.0 (+0.75%) ,0.9,18.51,4.8,64.16,-55.28,84.96,(単),5.81,150.35,0.70,-31.03,-36.31,-6.68
2026-08-20,8596,九州リースサービス,東S,"1,627",+2.0 (+0.12%) ,,,,,,,,,,,,,
2026-08-20,8600,トモニＨＬＤＧ,東P,"1,080",-10.0 (-0.92%) ,,,,,,,,,,,,,
2026-08-20,8601,大和証券グループ本社,東P,"1,757",+22.0 (+1.27%) ,,,,,,,,,143.34,0.89,-0.15,41.10,-0.63
2026-08-20,8604,野村ＨＬＤＧ,東P,"1,521",+11.5 (+0.76%) ,1.19,12.36,10.1,49.82,14.38,5.92,(連),3.35,138.04,0.91,0.33,36.35,-30.61
2026-08-20,8609,岡三証券グループ,東P,"1,150",+48.0 (+4.36%) ,1.0,10.78,9.7,0.00,46.80,16.47,(連),4.35,,,,,
2026-08-20,8613,丸三証券,東P,"1,252",+22.0 (+1.79%) ,1.61,16.55,10.1,0.00,46.32,57.98,(単),5.59,,,,,
2026-08-20,8614,東洋証券,東P,717,+18.0 (+2.58%) ,1.59,12.37,12.9,0.00,214.58,42.58,(連),6.97,,,,,
2026-08-20,8616,東海東京フィナンシャルＨＬＤＧ,東P,853,+27.0 (+3.27%) ,1.11,12.96,8.8,0.00,35.53,12.75,(連),5.86,,,,,
2026-08-20,8617,光世証券,東S,587,-1.0 (-0.17%) ,0.34,26.35,1.3,0.00,154.86,72.81,(単),1.70,,,,,
2026-08-20,8622,水戸証券,東P,919,+33.0 (+3.72%) ,1.29,17.92,7.5,0.00,54.55,58.47,(単),4.68,,,,,
2026-08-20,8624,いちよし証券,東P,"1,718",+43.0 (+2.57%) ,1.78,12.51,15.0,0.00,159.19,56.18,(連),5.18,,,,,
2026-08-20,8628,松井証券,東P,"1,090",-7.0 (-0.64%) ,,,,,,,,,82.80,0.35,111.65,111.02,30.14
2026-08-20,8630,ＳＯＭＰＯ　ＨＬＤＧ,東P,"6,635",+47.0 (+0.71%) ,1.15,9.46,13.7,43.96,460.86,27.78,(連),2.26,595.53,-0.74,4.82,8.11,11.41
2026-08-20,8697,日本取引所グループ,東P,"2,224.5",+31.5 (+1.44%) ,6.63,28.96,23.1,0.00,29.51,0.48,(連),2.74,97.05,0.87,5.99,64.98,21.97
2026-08-20,8698,マネックスグループ,東P,715,+31.0 (+4.53%) ,1.42,16.47,8.7,0.00,489.51,16.93,(連),4.29,43.10,-23.61,-8.88,-34.92,1.10
2026-08-20,8699,ＨＳＨＬＤＧ,東S,"1,131",+10.0 (+0.89%) ,0.34,2.32,15.8,4.52,17.13,75.83,(連),0.88,,,,,
2026-08-20,8700,丸八証券,東S,"1,955",+1.0 (+0.05%) ,0.95,11.41,8.7,0.00,67.95,65.94,(単),5.12,,,,,
2026-08-20,8704,トレイダーズＨＬＤＧ,東S,"1,360",+57.0 (+4.37%) ,1.8,8.55,22.9,0.00,-7.35,11.9,(連),2.94,,,,,
2026-08-20,8705,日産証券グループ,東S,216,+1.0 (+0.47%) ,,,,,,,,,,,,,
2026-08-20,8706,極東証券,東P,"1,885",+37.0 (+2.00%) ,1.13,12.54,9.2,0.00,16.02,65.15,(連),5.84,,,,,
2026-08-20,8707,岩井コスモＨＬＤＧ,東P,"4,550",+130.0 (+2.94%) ,1.44,10.23,14.7,0.00,48.09,34.88,(連),4.95,,,,,
2026-08-20,8708,アイザワ証券グループ,東P,"1,750",+26.0 (+1.51%) ,1.15,19.79,6.0,0.00,-74.10,38.19,(連),6.69,,,,,
2026-08-20,8713,フィデアＨＬＤＧ,東P,"2,676",+16.0 (+0.60%) ,,,,,,,,,,,,,
2026-08-20,8714,池田泉州ＨＬＤＧ,東P,"1,050",-6.0 (-0.57%) ,,,,,,,,,,,,,
2026-08-20,8715,アニコムＨＤ,東P,"1,118",-2.0 (-0.18%) ,2.84,37.55,8.0,0.00,-28.29,37.93,(連),0.81,48.72,0.36,0.52,1.66,9.77
2026-08-20,8725,ＭＳ＆ＡＤインシュアランスＨＤ,東P,"4,773",-87.0 (-1.79%) ,1.08,13.92,8.7,42.63,53.44,21.69,(連),3.35,396.26,0.78,-7.83,-32.83,12.71
2026-08-20,8729,ソニーフィナンシャルグループ,東P,157.3,+2.5 (+1.61%) ,,,,,,,,,,,,,
2026-08-20,8737,あかつき本社,東S,637,+2.0 (+0.31%) ,0.92,4.76,20.8,0.00,61.20,20.23,(連),4.71,,,,,
2026-08-20,8739,スパークス・グループ,東P,"2,512",+21.0 (+0.84%) ,2.53,15.56,17.6,20.26,14.54,68.06,(連),3.58,,,,,
2026-08-20,8742,小林洋行,東S,557,+1.0 (+0.18%) ,0.66,24.48,2.8,0.00,9.41,41.92,(連),1.08,,,,,
2026-08-20,8746,ｕｎｂａｎｋｅｄ,東S,102,+1.0 (+0.99%) ,,,,,,,,,,,,,
2026-08-20,8747,豊トラスティ証券,東S,"2,223",+116.0 (+5.51%) ,,,,,,,,,,,,,
2026-08-20,8750,第一ライフグループ,東P,"1,767.5",-8.5 (-0.48%) ,1.5,14.75,11.1,33.67,4.81,5.74,(連),3.08,143.40,0.63,2.61,18.07,6.33
2026-08-20,8766,東京海上ＨＬＤＧ,東P,"7,233",-8.0 (-0.11%) ,,,,,,,,,504.89,-6.93,0.06,-10.04,0.33
2026-08-20,8769,アドバンテッジリスクマネジメン,東S,500,+4.0 (+0.81%) ,,,,,,,,,,,,,
2026-08-20,8771,イー・ギャランティ,東P,"1,849",-2.0 (-0.11%) ,4.03,23.74,16.2,0.00,1.90,68.79,(連),2.16,85.86,2.11,-0.14,-11.49,8.28
2026-08-20,8772,アサックス,東S,870,+4.0 (+0.46%) ,0.54,7.26,7.8,0.00,17.59,40.55,(連),2.53,,,,,
2026-08-20,8783,ａｂｃ,東S,66,+1.0 (+1.54%) ,0.44,3.48,15.2,0.00,122.97,47.44,(連),0.00,,,,,
2026-08-20,8789,フィンテック　グローバル,東S,173,+6.0 (+3.59%) ,3.03,15.86,20.8,22.19,31.74,40.26,(連),1.73,,,,,
2026-08-20,8793,ＮＥＣキャピタルソリューション,東P,"4,160",+25.0 (+0.60%) ,0.69,9.76,7.3,0.00,21.09,9.71,(連),3.61,,,,,
2026-08-20,8795,Ｔ＆Ｄ　ＨＬＤＧ,東P,"4,689",-49.0 (-1.03%) ,1.4,16.77,9.2,0.00,29.51,9.31,(連),2.77,277.18,-19.21,-2.35,-10.59,-7.53
2026-08-20,8798,アドバンスクリエイト,東P,147,0.0 (0.00%) ,,,,,,,,,,,,,
2026-08-20,8801,三井不動産,東P,"1,490",+43.0 (+2.97%) ,1.24,14.75,8.7,12.76,7.94,32.44,(連),2.35,108.17,1.95,-2.37,2.73,3.08
2026-08-20,8802,三菱地所,東P,"3,680",+66.0 (+1.83%) ,1.65,20.24,8.5,12.71,3.85,31.4,(連),1.25,201.67,1.67,-1.86,8.86,12.11
2026-08-20,8803,平和不動産,東P,"2,361",+22.0 (+0.94%) ,1.23,14.25,9.0,0.00,11.41,28.05,(連),4.15,176.69,2.00,-2.00,0.37,22.80
2026-08-20,8804,東京建物,東P,"3,388",+76.0 (+2.29%) ,1.19,11.97,10.4,0.00,9.01,26.01,(連),3.10,312.97,1.03,0.96,9.99,6.50
2026-08-20,8818,京阪神ビルディング,東P,"1,106",+17.0 (+1.56%) ,1.3,22.84,5.9,0.00,16.03,43.85,(連),1.81,51.88,3.00,78.97,50.43,2.21
2026-08-20,8830,住友不動産,東P,"3,384",+110.0 (+3.36%) ,1.27,14.81,9.2,0.00,7.79,34.38,(連),1.30,249.61,1.46,-0.34,2.10,2.65
2026-08-20,8835,太平洋興発,東S,790,+10.0 (+1.28%) ,0.38,17.90,2.2,0.00,-3.53,35.18,(連),5.06,,,,,
2026-08-20,8836,ＲＩＳＥ,東S,26,0.0 (0.00%) ,,,,,,,,,,,,,
2026-08-20,8841,テーオーシー,東S,"1,064",+4.0 (+0.38%) ,0.9,40.43,2.3,0.00,67.05,85.16,(連),0.94,35.14,0.90,-14.02,-9.80,13.69
2026-08-20,8844,コスモスイニシア,東S,"1,268",+24.0 (+1.93%) ,,,,,,,,,,,,,
2026-08-20,8848,レオパレス２１,東P,632,+2.0 (+0.32%) ,4.94,14.00,24.5,0.00,29.35,23.03,(連),1.58,74.13,0.13,2.14,3.02,4.10
2026-08-20,8850,スターツコーポレーション,東P,"4,740",+70.0 (+1.50%) ,1.19,9.00,13.9,0.00,14.49,53.51,(連),2.95,577.70,0.85,1.23,-1.20,10.80
2026-08-20,8860,フジ住宅,東P,772,+6.0 (+0.78%) ,,,,,,,,,,,,,
2026-08-20,8864,空港施設,東S,964,+22.0 (+2.34%) ,,,,,,,,,83.05,0.60,-4.89,11.98,10.39
2026-08-20,8869,明和地所,東S,844,+15.0 (+1.81%) ,,,,,,,,,,,,,
2026-08-20,8871,ゴールドクレスト,東S,"3,325",+30.0 (+0.91%) ,0.81,18.85,4.3,0.00,21.51,42.1,(連),3.01,302.80,0.15,5.93,40.05,20.95
2026-08-20,8876,リログループ,東P,"2,150",+21.5 (+1.01%) ,3.85,15.68,27.1,7.13,-41.47,26.08,(連),3.21,151.27,1.38,0.08,-3.49,6.44
2026-08-20,8877,エスリード,東P,"5,380",+120.0 (+2.28%) ,,,,,,,,,,,,,
2026-08-20,8881,日神グループＨＬＤＧ,東P,677,+11.0 (+1.65%) ,0.44,7.54,6.0,0.00,95.63,48.65,(連),5.17,,,,,
2026-08-20,8887,シーラＨＬＤＧ,東S,387,+3.0 (+0.78%) ,,,,,,,,,,,,,
2026-08-20,8891,ＡＭＧＨＬＤＧ,東S,"2,122",+56.0 (+2.71%) ,,,,,,,,,,,,,
2026-08-20,8892,エスコン,東P,"1,118",+21.0 (+1.91%) ,1.24,8.78,14.7,0.00,-0.75,17.01,(連),4.29,,,,,
2026-08-20,8894,ＲＥＶＯＬＵＴＩＯＮ,東S,22,0.0 (0.00%) ,,,,,,,,,,,,,
2026-08-20,8897,ＭＩＲＡＲＴＨＨＬＤＧ,東P,459,+6.0 (+1.32%) ,,,,,,,,,,,,,
2026-08-20,8898,センチュリー２１・ジャパン,東S,"1,126",0.0 (0.00%) ,1.66,13.55,12.6,0.00,3.06,84.65,(単),4.71,,,,,
2026-08-20,8904,ＡＶＡＮＴＩＡ,東S,868,-4.0 (-0.46%) ,,,,,,,,,,,,,
2026-08-20,8908,毎日コムネット,東S,869,+5.0 (+0.58%) ,,,,,,,,,,,,,
2026-08-20,8912,エリアクエスト,東S,154,+2.0 (+1.32%) ,,,,,,,,,,,,,
2026-08-20,8914,エリアリンク,東S,932,+34.0 (+3.79%) ,1.62,12.78,13.2,0.00,10.12,45.61,(単),2.79,,,,,
2026-08-20,8917,ファースト住建,東S,"1,133",+2.0 (+0.18%) ,0.39,10.98,3.6,0.00,30.74,65.84,(連),3.80,,,,,
2026-08-20,8918,ランド,東S,10,0.0 (0.00%) ,1.67,34.48,4.9,0.00,-50.72,88.67,(連),0.00,,,,,
2026-08-20,8919,カチタス,東P,"3,780",+180.0 (+5.00%) ,5.57,23.71,25.2,0.00,28.34,56.9,(連),2.12,183.51,1.36,0.27,14.60,17.32
2026-08-20,8920,東祥,東S,722,+9.0 (+1.26%) ,0.69,7.59,9.6,0.00,25.93,52.49,(連),1.39,82.40,-0.66,-1.50,12.21,-12.07
2026-08-20,8921,シーズクリエイト,東PRO,--,-- (--%) ,0.65,4.82,14.5,0.00,25.66,18.65,(単),0.00,,,,,
2026-08-20,8923,トーセイ,東P,"1,806",+39.0 (+2.21%) ,1.7,11.87,15.3,0.00,18.81,33.44,(連),2.77,169.24,0.95,1.48,79.27,21.11
2026-08-20,8927,明豊エンタープライズ,東S,474,+4.0 (+0.85%) ,1.47,7.38,21.6,0.00,41.58,32.72,(連),2.53,,,,,
2026-08-20,8928,穴吹興産,東S,"2,340",+40.0 (+1.74%) ,,,,,,,,,,,,,
2026-08-20,8929,青山財産ネットワークス,東S,"1,337",+37.0 (+2.85%) ,2.74,11.65,25.7,0.00,7.93,44.37,(連),3.96,111.69,-4.45,-2.55,-6.19,-9.32
2026-08-20,8931,和田興産,東S,"1,408",-3.0 (-0.21%) ,0.44,5.88,7.8,0.00,-11.55,30.71,(単),5.11,,,,,
2026-08-20,8934,サンフロンティア不動産,東P,"2,519",+64.0 (+2.61%) ,1.09,7.69,14.4,0.00,13.95,45.28,(連),3.02,325.30,-10.32,-4.27,1.13,13.32
2026-08-20,8935,ＦＪネクストＨＬＤＧ,東P,"2,050",+30.0 (+1.49%) ,0.83,6.71,13.0,0.00,51.77,71.25,(連),3.22,,,,,
2026-08-20,8938,グロームＨＬＤＧ,東G,335,-2.0 (-0.59%) ,,,,,,,,,,,,,
2026-08-20,8944,ランドビジネス,東S,246,+4.0 (+1.65%) ,,,,,,,,,,,,,
2026-08-20,8945,サンネクスタグループ,東S,"1,093",+4.0 (+0.37%) ,,,,,,,,,,,,,
2026-08-20,8946,ＡＳＩＡＮ　ＳＴＡＲ,東S,75,0.0 (0.00%) ,0.76,15.72,5.0,11.53,211.86,58.29,(連),0.00,,,,,
2026-08-20,8951,日本ビルファンド投資法人,東REIT,"129,600","+1,600.0 (+1.25%) ",,,,,,,,,"5,056.44",22.30,0.11,9.35,1.79
2026-08-20,8952,ジャパンリアルエステイト投資法,東REIT,"119,700","+1,500.0 (+1.27%) ",,,,,,,,,,,,,
2026-08-20,8953,日本都市ファンド投資法人,東REIT,"116,400","+1,300.0 (+1.13%) ",,,,,,,,,"6,325.21",1.97,-0.88,13.00,11.80
2026-08-20,8954,オリックス不動産投資法人,東REIT,"100,800","+1,500.0 (+1.51%) ",,,,,,,,,,,,,
2026-08-20,8955,日本プライムリアルティ投資法人,東REIT,"98,700","+1,200.0 (+1.23%) ",,,,,,,,,"4,654.95",-3.17,-0.13,15.22,-6.86
2026-08-20,8956,ＮＴＴ都市開発リート投資法人,東REIT,"131,000","+1,100.0 (+0.85%) ",,,,,,,,,,,,,
2026-08-20,8957,東急リアル・エステート投資法人,東REIT,"185,800","+2,400.0 (+1.31%) ",,,,,,,,,"5,690.00",-0.77,48.74,12.59,-0.27
2026-08-20,8958,グローバル・ワン不動産投資法人,東REIT,"111,100","+1,000.0 (+0.91%) ",,,,,,,,,"8,724.76",4.95,21.20,21.20,6.98
2026-08-20,8960,ユナイテッド・アーバン投資法人,東REIT,"161,800","+1,200.0 (+0.75%) ",,,,,,,,,"8,225.75",4.42,0.09,8.83,1.97
2026-08-20,8961,森トラストリート投資法人,東REIT,"75,000",+900.0 (+1.21%) ,,,,,,,,,"3,651.23",-6.08,1.20,-0.34,-1.34
2026-08-20,8963,インヴィンシブル投資法人,東REIT,"61,300","+1,000.0 (+1.66%) ",,,,,,,,,"4,106.84",12.94,2.02,-9.05,3.81
2026-08-20,8964,三井不動産商業ファンド投資法人,東REIT,"79,200",+900.0 (+1.15%) ,,,,,,,,,,,,,
2026-08-20,8966,平和不動産リート投資法人,東REIT,"132,600","+1,100.0 (+0.84%) ",,,,,,,,,"7,875.00",-3.73,21.53,25.49,11.50
2026-08-20,8967,日本ロジスティクスファンド投資,東REIT,"95,900",+400.0 (+0.42%) ,,,,,,,,,"3,449.32",-1.63,14.95,22.82,-19.07
2026-08-20,8968,福岡リート投資法人,東REIT,"179,500","+2,800.0 (+1.58%) ",,,,,,,,,"8,666.93",-41.88,4.38,-0.51,5.96
2026-08-20,8972,ＫＤＸ不動産投資法人,東REIT,"151,100","+1,400.0 (+0.94%) ",,,,,,,,,"8,421.23",22.64,0.44,3.34,-2.31
2026-08-20,8975,いちごオフィスリート投資法人,東REIT,"94,700",+900.0 (+0.96%) ,,,,,,,,,,,,,
2026-08-20,8976,大和証券オフィス投資法人,東REIT,"327,500","+3,000.0 (+0.92%) ",,,,,,,,,"15,072.57",-12.28,5.65,5.49,1.64
2026-08-20,8977,阪急阪神リート投資法人,東REIT,"134,900","+1,100.0 (+0.82%) ",,,,,,,,,"6,584.00",-10.83,1.55,4.11,2.68
2026-08-20,8979,スターツプロシード投資法人,東REIT,"186,300","+1,300.0 (+0.70%) ",,,,,,,,,"9,475.00",12.56,9.50,7.62,0.45
2026-08-20,8984,大和ハウスリート投資法人,東REIT,"120,500","+1,200.0 (+1.01%) ",,,,,,,,,"5,331.42",-1.73,-2.55,2.22,-2.14
2026-08-20,8985,ジャパン・ホテル・リート投資法,東REIT,"81,300","+1,000.0 (+1.25%) ",1.41,15.27,9.4,0.00,46.38,50.83,(単),6.23,"4,774.79",-1.65,-46.91,15.73,24.47
2026-08-20,8986,大和証券リビング投資法人,東REIT,"95,400",+600.0 (+0.63%) ,,,,,,,,,"5,075.35",-1.60,0.00,2.63,2.02
2026-08-20,8987,ジャパンエクセレント投資法人,東REIT,"141,800","+1,500.0 (+1.07%) ",,,,,,,,,"6,814.00",35.24,2.83,12.76,-1.30
2026-08-20,8995,誠建設工業,東S,"1,701",-214.0 (-11.17%) ,,,,,,,,,,,,,
2026-08-20,8996,ハウスフリーダム,東S,"1,090",+1.0 (+0.09%) ,1.08,6.34,18.2,0.00,25.91,22.69,(連),5.05,,,,,
2026-08-20,8999,グランディハウス,東P,575,+4.0 (+0.70%) ,0.66,18.12,3.7,0.00,61.76,36.51,(連),5.57,,,,,
2026-08-20,9001,東武鉄道,東P,"2,984",+23.0 (+0.78%) ,0.95,10.55,9.5,0.00,-5.34,33.03,(連),2.35,292.48,3.02,0.35,5.70,3.64
2026-08-20,9003,相鉄ＨＬＤＧ,東P,"2,583",+19.5 (+0.76%) ,1.22,9.99,12.9,0.00,2.54,24.98,(連),2.71,252.20,-4.16,2.31,-8.53,5.52
2026-08-20,9005,東急,東P,"1,659.5",+9.0 (+0.55%) ,1.04,10.90,10.0,0.00,7.81,31.17,(連),1.81,160.54,1.90,0.08,-2.31,3.80
2026-08-20,9006,京浜急行電鉄,東P,"1,555.5",+16.5 (+1.07%) ,1.07,15.26,7.2,0.00,-17.49,34.4,(連),2.96,118.96,0.78,1.10,4.41,15.30
2026-08-20,9007,小田急電鉄,東P,"1,726.5",+22.0 (+1.29%) ,1.17,15.95,7.6,0.00,7.04,36.43,(連),3.19,116.96,1.83,-1.91,-3.49,4.03
2026-08-20,9008,京王電鉄,東P,773.4,+8.4 (+1.10%) ,1.01,10.59,10.0,0.00,-3.91,36.99,(連),2.84,73.27,28.97,0.79,14.96,6.14
2026-08-20,9009,京成電鉄,東P,"1,327",+24.0 (+1.84%) ,1.15,13.32,9.0,0.00,-5.10,47.2,(連),1.58,90.99,-1.69,2.53,-11.11,4.72
2026-08-20,9010,富士急行,東P,"2,768",+28.0 (+1.02%) ,3.52,25.35,15.0,0.00,6.06,40.67,(連),1.16,114.19,5.31,-3.04,-0.54,4.06
2026-08-20,9012,秩父鉄道,東S,"2,102",-10.0 (-0.47%) ,0.57,8.15,7.3,0.00,79.26,31.19,(連),0.00,,,,,
2026-08-20,9017,新潟交通,東S,"1,988",0.0 (0.00%) ,0.38,6.65,5.9,0.00,9.74,35.48,(連),0.50,,,,,
2026-08-20,9020,東日本旅客鉄道,東P,"3,503",+103.0 (+3.03%) ,1.3,15.96,8.4,0.00,9.35,28.16,(連),2.11,238.75,1.67,13.82,-9.50,6.96
2026-08-20,9021,西日本旅客鉄道,東P,"2,888",+13.0 (+0.45%) ,1.09,10.40,10.8,0.00,10.87,30.29,(連),3.38,227.39,-0.70,0.34,-14.92,3.86
2026-08-20,9022,東海旅客鉄道,東P,"3,865",+25.0 (+0.65%) ,0.73,6.77,11.4,0.00,20.27,46.6,(連),0.83,517.80,-0.80,0.27,7.93,5.21
2026-08-20,9023,東京地下鉄,東P,"1,471",+21.5 (+1.48%) ,1.16,14.47,8.1,0.00,2.89,35.89,(連),2.86,89.18,-1.35,0.01,-15.02,3.41
2026-08-20,9024,西武ＨＬＤＧ,東P,"3,431",+85.0 (+2.54%) ,1.53,22.73,6.9,0.00,-84.07,32.86,(連),1.22,122.47,-1.49,1.89,-6.89,-20.70
2026-08-20,9025,鴻池運輸,東P,"2,917",+25.0 (+0.86%) ,0.97,10.85,9.3,14.54,6.06,53.07,(連),3.77,264.06,-6.32,-0.70,-12.40,2.38
2026-08-20,9028,ゼロ,東S,"3,570",+65.0 (+1.85%) ,,,,,,,,,470.70,0.70,0.00,7.62,2.72
2026-08-20,9029,ヒガシＨＬＤＧ,東S,"1,925",0.0 (0.00%) ,1.56,9.66,17.6,0.00,41.40,44.0,(連),3.12,,,,,
2026-08-20,9031,西日本鉄道,東P,"3,086",+34.0 (+1.11%) ,0.82,7.29,12.1,22.36,29.51,34.58,(連),2.27,319.04,-0.39,8.06,15.12,6.55
2026-08-20,9033,広島電鉄,東S,634,+6.0 (+0.96%) ,0.43,16.62,2.7,0.00,89.62,40.81,(連),1.26,,,,,
2026-08-20,9034,南総通運,東S,"1,620",+4.0 (+0.25%) ,0.67,11.31,6.0,0.00,0.10,66.51,(連),4.32,,,,,
2026-08-20,9036,東部ネットワーク,東S,"1,279",-13.0 (-1.01%) ,0.34,23.83,1.5,0.00,48.00,82.67,(連),1.56,,,,,
2026-08-20,9037,ハマキョウレックス,東P,"1,852",-21.0 (-1.12%) ,1.4,12.79,11.4,0.00,12.61,56.83,(連),2.25,147.20,7.69,2.35,7.41,6.85
2026-08-20,9039,サカイ引越センター,東P,"2,977",-5.0 (-0.17%) ,1.21,13.94,8.9,0.00,0.65,76.81,(連),3.29,216.10,11.58,-3.97,-8.90,3.84
2026-08-20,9040,大宝運輸,名M,"4,215",-45.0 (-1.06%) ,0.46,15.39,3.0,0.00,28.19,69.33,(単),2.37,,,,,
2026-08-20,9041,近鉄グループＨＬＤＧ,東P,"3,537",+8.0 (+0.23%) ,1.1,12.51,9.3,66.77,3.73,23.59,(連),1.70,255.93,-1.46,1.20,0.78,3.48
2026-08-20,9042,阪急阪神ＨＬＤＧ,東P,"4,683",+46.0 (+0.99%) ,1.01,14.17,7.3,0.00,11.96,31.15,(連),2.14,347.24,2.65,-0.52,-2.29,7.25
2026-08-20,9044,ＮＡＮＫＡＩ,東P,"2,984",+23.0 (+0.78%) ,0.97,13.12,7.8,0.00,6.16,31.31,(連),1.68,224.29,-9.39,-1.32,8.75,5.11
2026-08-20,9045,京阪ＨＬＤＧ,東P,"3,170",+25.0 (+0.79%) ,0.94,9.53,10.4,0.00,14.73,37.51,(連),3.15,296.32,-0.98,-2.45,-9.75,2.71
2026-08-20,9046,神戸電鉄,東S,"2,461",-2.0 (-0.08%) ,0.77,13.31,6.0,0.00,17.12,27.05,(連),1.02,,,,,
2026-08-20,9048,名古屋鉄道,東P,"1,883.5",+14.5 (+0.78%) ,0.76,16.09,4.8,0.00,-19.53,30.61,(連),2.12,172.37,0.23,11.14,2.89,1.61
2026-08-20,9049,京福電気鉄道,東S,"6,640",+30.0 (+0.45%) ,0.92,7.20,13.7,0.00,4.43,53.83,(連),0.30,,,,,
2026-08-20,9051,センコン物流,東S,"1,323",0.0 (0.00%) ,1.07,39.25,2.8,0.00,-40.53,32.45,(連),1.13,,,,,
2026-08-20,9052,山陽電気鉄道,東P,"2,019",+3.0 (+0.15%) ,,,,,,,,,,,,,
2026-08-20,9057,遠州トラック,東S,"3,205",+25.0 (+0.79%) ,,,,,,,,,,,,,
2026-08-20,9059,カンダＨＬＤＧ,東S,906,+4.0 (+0.44%) ,0.69,7.90,9.1,0.00,8.60,58.44,(連),2.54,,,,,
2026-08-20,9060,日本ロジテム,東S,"4,175",+10.0 (+0.24%) ,0.34,8.26,4.3,12.22,26.47,32.24,(連),1.92,,,,,
2026-08-20,9063,岡山県貨物運送,東S,"4,210",-5.0 (-0.12%) ,0.32,3.14,10.8,0.00,39.80,52.32,(連),1.90,,,,,
2026-08-20,9064,ヤマトＨＬＤＧ,東P,"1,920",-1.0 (-0.05%) ,,,,,,,,,64.04,0.62,-0.49,-26.67,4.26
2026-08-20,9065,山九,東P,"8,455",+64.0 (+0.76%) ,1.4,13.77,10.6,17.47,-2.90,54.16,(連),2.91,680.14,1.15,-0.09,0.29,3.10
2026-08-20,9068,丸全昭和運輸,東P,"7,320",+40.0 (+0.55%) ,0.99,11.24,9.3,0.00,5.57,69.43,(連),2.87,674.30,3.03,-0.85,-3.31,4.71
2026-08-20,9069,センコーグループＨＬＤＧ,東P,"2,292.5",-24.5 (-1.06%) ,1.69,20.17,8.7,0.00,4.37,27.64,(連),2.18,141.78,0.65,0.54,-5.84,8.64
2026-08-20,9072,ニッコンＨＬＤＧ,東P,"5,509",+64.0 (+1.18%) ,2.7,36.04,7.6,17.82,3.69,54.48,(連),1.36,158.27,9.82,-2.84,-12.48,6.55
2026-08-20,9073,京極運輸商事,東S,"1,223",-1.0 (-0.08%) ,0.73,20.34,3.9,0.00,134.62,52.16,(連),0.98,,,,,
2026-08-20,9074,日本石油輸送,東S,"5,000",+15.0 (+0.30%) ,,,,,,,,,,,,,
2026-08-20,9075,福山通運,東P,"6,390",+80.0 (+1.27%) ,0.8,17.29,4.8,0.00,15.71,56.93,(連),1.19,504.77,0.35,24.21,34.25,5.35
2026-08-20,9076,セイノーＨＬＤＧ,東P,"2,771.5",-18.5 (-0.66%) ,1.01,17.65,5.6,0.00,32.50,56.14,(連),3.75,174.04,1.47,2.41,5.16,6.20
2026-08-20,9081,神奈川中央交通,東P,"3,910",+20.0 (+0.51%) ,0.76,13.25,6.0,0.00,-13.96,34.16,(連),2.30,,,,,
2026-08-20,9082,大和自動車交通,東S,"1,819",-4.0 (-0.22%) ,0.85,36.32,2.4,0.00,"6,675.00",32.23,(連),0.49,,,,,
2026-08-20,9083,神姫バス,東S,"1,975",+5.0 (+0.25%) ,,,,,,,,,,,,,
2026-08-20,9087,タカセ,東S,"2,060",+10.0 (+0.49%) ,0.52,25.80,2.1,24.40,109.40,78.19,(連),1.70,,,,,
2026-08-20,9090,ＡＺ−ＣＯＭ丸和ＨＬＤＧ,東P,891,+3.0 (+0.34%) ,1.92,16.11,12.4,0.00,7.60,40.08,(連),3.59,63.16,0.99,-1.37,-0.56,9.53
2026-08-20,9101,日本郵船,東P,"6,795",+62.0 (+0.92%) ,0.9,13.46,7.1,32.48,-56.99,59.06,(連),3.38,549.54,1.40,0.26,-3.07,1.78
2026-08-20,9104,商船三井,東P,"6,957",-9.0 (-0.13%) ,0.83,11.22,7.7,28.40,-58.10,48.21,(連),2.87,610.43,-7.56,0.36,1.37,10.58
2026-08-20,9107,川崎汽船,東P,"3,174",+17.0 (+0.54%) ,1.11,15.08,7.7,9.25,-64.59,76.91,(連),3.78,189.79,-1.71,1.61,4.97,0.39
2026-08-20,9110,ＮＳユナイテッド海運,東P,"10,450",+10.0 (+0.10%) ,1.32,10.22,13.8,71.01,10.68,63.17,(連),2.97,,,,,
2026-08-20,9115,明海グループ,東S,979,-92.0 (-8.59%) ,0.63,7.72,8.5,73.15,-86.89,18.2,(連),0.51,,,,,
2026-08-20,9119,飯野海運,東P,"1,661",+1.0 (+0.06%) ,1.11,11.42,10.1,71.93,-2.78,45.64,(連),3.55,,,,,
2026-08-20,9127,玉井商船,東S,"3,155",+35.0 (+1.12%) ,,,,,,,,,,,,,
2026-08-20,9130,共栄タンカー,東S,"1,585",-4.0 (-0.25%) ,0.46,29.24,1.6,27.80,-13.98,33.69,(連),2.52,,,,,
2026-08-20,9142,九州旅客鉄道,東P,"3,437",-9.0 (-0.26%) ,1.07,11.64,9.6,0.00,24.28,40.41,(連),3.35,332.72,0.82,-0.85,-0.39,7.37
2026-08-20,9143,ＳＧ　ＨＬＤＧ,東P,"1,573.5",-14.0 (-0.88%) ,1.72,16.03,10.5,19.22,3.28,44.44,(連),3.37,104.50,2.33,1.69,-1.72,8.37
2026-08-20,9145,ビーイングＨＬＤＧ,東S,564,+18.0 (+3.30%) ,,,,,,,,,58.50,17.53,-9.62,-28.79,11.00
2026-08-20,9146,五健堂ＨＬＤＧ,東PRO,--,-- (--%) ,,,,,,,,,,,,,
2026-08-20,9147,ＮＩＰＰＯＮ　ＥＸＰＲＥＳＳ,東P,"5,441",-75.0 (-1.36%) ,1.59,504.26,0.3,40.37,-19.50,34.35,(連),1.84,315.47,0.01,-0.14,27.80,3.43
2026-08-20,9149,大友ロジスティクスサービス,東PRO,--,-- (--%) ,1.26,19.68,6.6,0.00,515.05,18.73,(単),0.89,,,,,
2026-08-20,9156,はなＨＬＤＧ,東PRO,--,-- (--%) ,1.28,6.23,22.8,0.00,93.10,36.1,(連),0.00,,,,,
2026-08-20,9158,シーユーシー,東G,736,+11.0 (+1.52%) ,0.65,7.56,9.1,12.86,-2.59,33.95,(連),0.00,23.90,-0.41,-35.00,-63.38,15.13
2026-08-20,9159,Ｗ　ＴＯＫＹＯ,東G,"1,849",+5.0 (+0.27%) ,,,,,,,,,,,,,
2026-08-20,9160,オンザページ,東S,331,+1.0 (+0.30%) ,0.82,6.60,13.3,0.00,89.53,27.45,(連),0.00,49.50,-5.08,66.67,56.25,46.99
2026-08-20,9162,ブリーチ,東G,232,+2.0 (+0.87%) ,,,,,,,,,,,,,
2026-08-20,9163,ナレルグループ,東G,"2,358",+7.0 (+0.30%) ,1.42,9.88,14.9,0.00,-9.83,58.94,(連),4.88,,,,,
2026-08-20,9165,クオルテック,東G,"1,681",-1.0 (-0.06%) ,,,,,,,,,,,,,
2026-08-20,9166,ＧＥＮＤＡ,東G,802,+68.0 (+9.26%) ,,,,,,,,,38.40,0.24,8.16,-17.19,40.83
2026-08-20,9168,ライズ・コンサルティング・グル,東G,412,+7.0 (+1.73%) ,,,,,,,,,24.40,-0.32,-54.30,-72.70,13.29
2026-08-20,9169,大伸社,東PRO,--,-- (--%) ,0.66,15.16,4.6,0.00,10.24,53.64,(連),2.00,,,,,
2026-08-20,9170,成友興業,名M,"1,900",-45.0 (-2.31%) ,,,,,,,,,,,,,
2026-08-20,9171,栗林商船,東S,"1,506",-14.0 (-0.92%) ,0.53,5.00,11.6,0.00,-12.69,41.38,(連),3.98,,,,,
2026-08-20,9173,東海汽船,東S,"2,833",+4.0 (+0.14%) ,1.18,16.89,7.3,0.00,-19.53,25.43,(連),0.35,,,,,
2026-08-20,9193,東京汽船,東S,859,-5.0 (-0.58%) ,0.3,1.69,19.4,0.00,233.98,74.51,(連),5.82,,,,,
2026-08-20,9201,日本航空,東P,"2,990",+6.5 (+0.22%) ,1.0,9.74,12.2,50.60,30.43,40.32,(連),3.21,213.73,-0.46,1.98,-29.63,8.61
2026-08-20,9202,ＡＮＡ　ＨＬＤＧ,東P,"3,043",+17.0 (+0.56%) ,0.93,8.49,12.9,31.49,9.78,37.72,(連),2.14,252.88,-0.41,-0.08,-20.78,11.19
2026-08-20,9204,スカイマーク,東G,424,+12.0 (+2.91%) ,0.75,15.58,5.4,0.00,282.50,28.03,(単),1.65,,,,,
2026-08-20,9206,スターフライヤー,東S,"1,916",-14.0 (-0.73%) ,-12.23,55.73,7.5,0.00,-64.61,19.57,(単),0.00,,,,,
2026-08-20,9211,エフ・コード,東G,"1,533",+147.0 (+10.61%) ,2.47,12.93,20.4,0.00,59.02,28.52,(連),0.00,154.80,0.32,-3.23,-14.29,76.59
2026-08-20,9212,Ｇｒｅｅｎ　Ｅａｒｔｈ　Ｉｎｓ,東G,270,-3.0 (-1.10%) ,1.46,23.96,6.2,5.01,213.04,70.94,(単),0.00,,,,,
2026-08-20,9213,セイファート,東S,"1,050",0.0 (0.00%) ,,,,,,,,,,,,,
2026-08-20,9214,Ｒｅｃｏｖｅｒｙ　Ｉｎｔｅｒｎ,東G,--,-- (--%) ,2.21,13.75,16.6,0.00,2.99,57.2,(連),0.00,,,,,
2026-08-20,9215,ＣａＳｙ,東G,959,+18.0 (+1.91%) ,6.59,38.48,17.6,0.00,900.00,38.93,(連),0.00,,,,,
2026-08-20,9216,ビーウィズ,東P,"1,689",+29.0 (+1.75%) ,,,,,,,,,58.50,0.67,23.44,21.54,2.54
2026-08-20,9218,メンタルヘルステクノロジーズ,東G,770,+11.0 (+1.45%) ,5.14,31.35,20.7,0.00,"1,023.08",25.5,(連),1.30,28.60,1.64,-26.67,-50.00,33.85
2026-08-20,9219,ギックス,東G,893,+5.0 (+0.56%) ,,,,,,,,,,,,,
2026-08-20,9220,エフビー介護サービス,東S,"1,232",+3.0 (+0.24%) ,0.77,6.76,12.0,0.00,21.68,41.98,(連),3.08,,,,,
2026-08-20,9221,フルハシＥＰＯ,東S,"1,120",+21.0 (+1.91%) ,2.09,14.57,15.1,0.00,-18.02,44.79,(連),2.68,,,,,
2026-08-20,9222,ｍａｎａｂｙ,東PRO,--,-- (--%) ,,,,,,,,,,,,,
2026-08-20,9223,ＡＳＮＯＶＡ,東G,451,+6.0 (+1.35%) ,,,,,,,,,,,,,
2026-08-20,9225,ブリッジコンサルティンググルー,東G,977,+20.0 (+2.09%) ,1.7,13.47,13.4,0.00,-11.69,74.75,(連),0.00,,,,,
2026-08-20,9226,アイガー,東PRO,--,-- (--%) ,2.85,16.58,18.42,0.00,72.13,52.01,(連),2.75,,,,,
2026-08-20,9227,マイクロ波化学,東G,914,-14.0 (-1.51%) ,,,,,,,,,,,,,
2026-08-20,9229,サンウェルズ,東P,115,+5.0 (+4.55%) ,,,,,,,,,,,,,
2026-08-20,9233,アジア航測,東S,"1,158",+13.0 (+1.14%) ,0.96,11.69,8.4,0.00,-0.53,55.42,(連),3.80,,,,,
2026-08-20,9235,売れるネット広告社グループ,東G,503,+20.0 (+4.14%) ,,,,,,,,,,,,,
2026-08-20,9236,ジャパンＭ＆Ａソリューション,東G,"1,294",+11.0 (+0.86%) ,,,,,,,,,,,,,
2026-08-20,9237,笑美面,東G,889,+64.0 (+7.76%) ,4.44,40.19,11.0,0.00,-45.07,59.01,(連),0.00,,,,,
2026-08-20,9238,バリュークリエーション,東G,384,+2.0 (+0.52%) ,,,,,,,,,,,,,
2026-08-20,9239,ケーイーティ,東PRO,--,-- (--%) ,,,,,,,,,,,,,
2026-08-20,9240,デリバリーコンサルティング,東G,439,+17.0 (+4.03%) ,1.9,60.14,3.2,0.00,-71.43,74.85,(連),0.00,,,,,
2026-08-20,9241,フューチャーリンクネットワーク,東G,"1,545",-1.0 (-0.06%) ,4.73,45.64,11.1,0.00,48.72,27.95,(連),0.00,,,,,
2026-08-20,9242,メディア総研,東G,"1,921",+25.0 (+1.32%) ,1.55,10.85,15.4,0.00,53.89,85.3,(連),1.04,,,,,
2026-08-20,9243,富士テクノＨＬＤＧ,東PRO,--,-- (--%) ,2.0,5.73,40.4,0.00,36.36,12.66,(連),4.17,,,,,
2026-08-20,9244,デジタリフト,東G,"1,262",+2.0 (+0.16%) ,2.47,16.67,16.3,0.00,485.42,31.96,(連),0.00,,,,,
2026-08-20,9245,リベロ,東G,"1,916",-78.0 (-3.91%) ,3.82,18.98,21.7,0.00,61.39,35.34,(連),1.57,160.20,0.20,4.17,4.17,21.56
2026-08-20,9246,プロジェクトＨＬＤＧ,東G,"1,090",+10.0 (+0.93%) ,2.57,45.93,5.6,0.00,162.88,48.57,(連),0.00,,,,,
2026-08-20,9247,TRE ＨＬＤＧ,東P,"1,982",+63.0 (+3.28%) ,1.12,6.49,18.9,0.00,-3.12,48.4,(連),2.52,135.03,-0.26,0.00,-28.26,-4.65
2026-08-20,9248,人・夢・技術グループ,東S,"1,696",+30.0 (+1.80%) ,0.71,9.60,7.6,0.00,54.21,50.71,(連),3.66,,,,,
2026-08-20,9249,日本エコシステム,東S,"1,660",+3.0 (+0.18%) ,2.59,47.82,5.5,0.00,-41.94,40.07,(連),1.06,,,,,
2026-08-20,9250,ＧＲＣＳ,東G,909,+4.0 (+0.44%) ,,,,,,,,,,,,,
2026-08-20,9251,ＡＢ＆Ｃｏｍｐａｎｙ,東G,"1,466",0.0 (0.00%) ,2.32,23.30,10.2,0.00,-5.82,33.23,(連),4.09,103.20,0.22,4.69,31.18,11.24
2026-08-20,9252,ラストワンマイル,東G,"3,870",+35.0 (+0.91%) ,2.39,15.35,17.5,0.00,24.77,38.92,(連),0.62,,,,,
2026-08-20,9253,スローガン,東G,752,+21.0 (+2.87%) ,1.16,10.14,12.3,0.00,134.45,68.79,(連),0.00,,,,,
2026-08-20,9254,ラバブルマーケティンググループ,東G,"1,141",+21.0 (+1.88%) ,1.93,61.51,4.3,0.00,-64.46,30.81,(連),0.00,,,,,
2026-08-20,9256,サクシード,東G,"1,148",-7.0 (-0.61%) ,,,,,,,,,,,,,
2026-08-20,9257,ＹＣＰＨＬＤＧ（グローバル）,東G,530,+1.0 (+0.19%) ,0.8,18.45,4.4,48.41,"8,698.81",56.8,(連),2.50,,,,,
2026-08-20,9258,ＣＳ−Ｃ,東G,305,+5.0 (+1.67%) ,,,,,,,,,,,,,
2026-08-20,9259,タカヨシＨＬＤＧ,東G,850,+3.0 (+0.35%) ,1.47,11.73,13.4,0.00,-0.22,53.47,(連),3.53,,,,,
2026-08-20,9262,シルバーライフ,東S,683,+8.0 (+1.19%) ,1.07,10.57,10.5,0.00,5.18,66.7,(単),2.34,73.20,0.70,-4.07,-9.23,10.09
2026-08-20,9264,ポエック,東S,"1,763",+9.0 (+0.51%) ,,,,,,,,,,,,,
2026-08-20,9265,ヤマシタヘルスケアＨＬＤＧ,東S,"3,755",+45.0 (+1.21%) ,,,,,,,,,,,,,
2026-08-20,9267,Ｇｅｎｋｙ　ＤｒｕｇＳｔｏｒｅ,東P,"3,695",+65.0 (+1.79%) ,,,,,,,,,283.45,1.35,-0.40,-2.44,-4.69
2026-08-20,9268,オプティマスグループ,東S,424,+2.0 (+0.47%) ,,,,,,,,,,,,,
2026-08-20,9270,バリュエンスＨＬＤＧ,東G,"2,149",+130.0 (+6.44%) ,3.68,41.33,9.8,13.17,272.12,23.79,(連),0.47,250.40,0.02,1.40,202.22,14.02
2026-08-20,9271,和心,東G,"1,021",+22.0 (+2.20%) ,,,,,,,,,,,,,
2026-08-20,9272,ブティックス,東G,"1,416",+55.0 (+4.04%) ,4.64,22.35,26.8,0.00,27.55,47.03,(単),0.00,,,,,
2026-08-20,9273,コーア商事ＨＬＤＧ,東P,773,+6.0 (+0.78%) ,,,,,,,,,,,,,
2026-08-20,9274,ＫＰＰグループＨＬＤＧ,東P,"1,110",0.0 (0.00%) ,0.77,12.69,6.4,63.32,-36.42,23.87,(連),3.24,,,,,
2026-08-20,9278,ブックオフグループＨＬＤＧ,東P,"2,971",+104.0 (+3.63%) ,2.47,18.87,13.9,0.00,20.93,34.7,(連),1.21,159.50,14.31,6.38,13.64,7.98
2026-08-20,9279,ギフトＨＬＤＧ,東P,"5,020",-50.0 (-0.99%) ,9.72,45.91,23.4,0.00,13.53,46.98,(連),0.44,153.50,0.81,1.69,9.59,24.04
2026-08-20,9282,いちごグリーンインフラ投資法人,東IF,"39,150",-950.0 (-2.37%) ,1.19,26.08,4.4,0.00,-11.93,44.76,(単),9.92,,,,,
2026-08-20,9284,カナディアン・ソーラー・インフ,東IF,"77,000",-200.0 (-0.26%) ,,,,,,,,,,,,,
2026-08-20,9285,東京インフラ・エネルギー投資,東IF,"42,250",-400.0 (-0.94%) ,,,,,,,,,,,,,
2026-08-20,9286,エネクス・インフラ投資法人,東IF,"46,700",-150.0 (-0.32%) ,,,,,,,,,,,,,
2026-08-20,9301,三菱倉庫,東P,"1,502.5",+5.0 (+0.33%) ,1.36,9.64,14.5,19.92,15.81,59.32,(連),2.53,77.32,-0.39,-15.19,5.09,-0.39
2026-08-20,9302,三井倉庫ＨＬＤＧ,東P,"3,301",-16.0 (-0.48%) ,1.78,22.26,8.6,27.89,18.00,45.73,(連),1.48,170.53,1.29,-0.96,2.21,6.35
2026-08-20,9303,住友倉庫,東P,"4,095",-30.0 (-0.73%) ,0.99,17.74,6.1,15.40,-9.65,61.17,(連),2.52,228.47,-17.29,-12.47,31.46,2.28
2026-08-20,9304,澁澤倉庫,東P,"1,990",-14.0 (-0.70%) ,1.66,17.82,9.5,0.00,-12.99,57.31,(連),2.81,,,,,
2026-08-20,9305,ヤマタネ,東P,"2,110",+39.0 (+1.88%) ,,,,,,,,,,,,,
2026-08-20,9306,東陽倉庫,東S,"2,001",-4.0 (-0.20%) ,0.52,9.06,6.0,0.00,2.85,57.84,(連),3.50,,,,,
2026-08-20,9307,杉村倉庫,東S,979,+7.0 (+0.72%) ,0.9,16.54,5.6,0.00,4.21,78.12,(連),1.53,,,,,
2026-08-20,9308,乾汽船,東S,"2,125",+43.0 (+2.07%) ,1.43,64.18,2.2,62.17,-49.01,47.54,(連),0.47,,,,,
2026-08-20,9310,日本トランスシティ,東P,"1,455",+9.0 (+0.62%) ,,,,,,,,,,,,,
2026-08-20,9311,アサガミ,東S,"7,740",-120.0 (-1.53%) ,0.47,6.15,8.0,0.00,29.72,51.59,(連),1.81,,,,,
2026-08-20,9312,ケイヒン,東S,"2,814",+30.0 (+1.08%) ,0.54,7.24,7.9,0.00,19.45,56.54,(連),3.55,,,,,
2026-08-20,9313,丸八倉庫,東S,"1,030",+2.0 (+0.19%) ,0.48,19.61,2.5,0.00,-24.29,62.66,(連),2.33,,,,,
2026-08-20,9319,中央倉庫,東P,"1,818",0.0 (0.00%) ,0.67,16.05,4.4,0.00,-1.56,76.64,(連),2.09,,,,,
2026-08-20,9322,川西倉庫,東S,"2,469",-21.0 (-0.84%) ,0.86,29.78,2.9,0.00,-11.62,54.92,(連),5.27,,,,,
2026-08-20,9324,安田倉庫,東P,"2,585",-12.0 (-0.46%) ,0.69,11.13,6.7,0.00,16.98,46.13,(連),2.71,,,,,
2026-08-20,9325,ファイズＨＬＤＧ,東S,"1,080",+9.0 (+0.84%) ,2.5,11.33,23.9,0.00,7.98,33.87,(連),2.78,,,,,
2026-08-20,9326,関通ＨＬＤＧ,東G,499,-1.0 (-0.20%) ,2.27,24.48,9.5,0.00,409.78,19.16,(連),2.00,,,,,
2026-08-20,9327,イー・ロジット,東S,195,+5.0 (+2.63%) ,,,,,,,,,,,,,
2026-08-20,9330,揚羽,東G,867,+6.0 (+0.70%) ,,,,,,,,,,,,,
2026-08-20,9331,キャスター,東G,750,+29.0 (+4.02%) ,,,,,,,,,,,,,
2026-08-20,9332,ＮＩＳＳＯＨＬＤＧ,東P,657,+7.0 (+1.08%) ,1.2,11.63,10.9,0.00,-10.19,53.39,(連),3.81,62.40,1.00,0.00,-11.56,8.95
2026-08-20,9335,テクノクリエイティブ,東PRO,--,-- (--%) ,3.34,75.59,4.4,0.00,-44.44,13.36,(単),0.14,,,,,
2026-08-20,9336,大栄環境,東P,"3,730",+75.0 (+2.05%) ,3.39,23.32,15.5,0.00,4.39,42.21,(連),1.42,166.55,5.41,-1.56,0.74,9.21
2026-08-20,9337,トリドリ,東G,"1,452",+64.0 (+4.61%) ,2.61,10.91,27.1,0.00,60.41,26.71,(連),0.00,,,,,
2026-08-20,9339,コーチ・エィ,東S,"1,424",-17.0 (-1.18%) ,1.06,33.96,3.2,14.79,1.51,71.12,(連),1.40,,,,,
2026-08-20,9340,アソインターナショナル,東S,715,+14.0 (+2.00%) ,,,,,,,,,57.10,1.58,0.00,-20.00,9.23
2026-08-20,9341,ＧＥＮＯＶＡ,東P,625,+1.0 (+0.16%) ,,,,,,,,,,,,,
2026-08-20,9342,スマサポ,東G,937,+9.0 (+0.97%) ,3.95,17.30,25.7,0.00,70.54,68.71,(単),0.00,,,,,
2026-08-20,9343,アイビス,東G,772,+16.0 (+2.12%) ,4.9,16.65,29.9,42.98,3.85,67.77,(連),1.30,50.30,1.81,0.00,-7.14,10.03
2026-08-20,9344,アクシスコンサルティング,東G,"1,299",+58.0 (+4.67%) ,,,,,,,,,,,,,
2026-08-20,9345,ビズメイツ,東G,605,+1.0 (+0.17%) ,1.03,9.94,10.8,0.00,-21.18,71.3,(連),2.48,64.70,1.48,-18.48,-40.00,2.50
2026-08-20,9346,ココルポート,東G,"1,792",+12.0 (+0.67%) ,2.25,11.65,21.3,0.00,11.00,75.72,(単),2.62,,,,,
2026-08-20,9347,日本管財ＨＬＤＧ,東P,"2,886",+35.0 (+1.23%) ,1.4,14.72,10.1,0.00,15.54,69.93,(連),1.98,,,,,
2026-08-20,9348,ｉｓｐａｃｅ,東G,432,+5.0 (+1.17%) ,,,,,,,,,,,,,
2026-08-20,9351,東洋埠頭,東S,"1,882",+17.0 (+0.91%) ,0.44,9.34,1.0,0.00,40.39,54.7,(連),4.25,,,,,
2026-08-20,9353,櫻島埠頭,東S,"2,879",+49.0 (+1.73%) ,0.54,15.09,3.9,0.00,35.12,66.15,(連),1.88,,,,,
2026-08-20,9355,リンコーコーポレーション,東S,"2,248",+23.0 (+1.03%) ,0.3,5.51,5.6,0.00,-0.97,50.04,(連),2.67,,,,,
2026-08-20,9357,名港海運,名M,"2,460",+10.0 (+0.41%) ,0.53,12.44,4.5,21.57,2.79,77.38,(連),3.25,,,,,
2026-08-20,9359,伊勢湾海運,名M,954,+5.0 (+0.53%) ,0.47,8.96,5.5,18.72,-1.47,78.3,(連),3.88,,,,,
2026-08-20,9360,鈴与シンワート,東S,"2,745",+35.0 (+1.29%) ,1.42,7.23,21.6,0.00,26.08,40.52,(連),4.01,,,,,
2026-08-20,9361,伏木海陸運送,東S,"2,015",0.0 (0.00%) ,,,,,,,,,,,,,
2026-08-20,9362,兵機海運,東S,"3,655",0.0 (0.00%) ,,,,,,,,,,,,,
2026-08-20,9363,大運,東S,539,+1.0 (+0.19%) ,0.64,7.81,8.9,0.00,36.11,66.3,(単),2.78,,,,,
2026-08-20,9364,上組,東P,"4,838",0.0 (0.00%) ,1.21,15.54,8.0,0.00,10.99,73.46,(連),4.24,297.11,-3.58,0.84,6.47,3.77
2026-08-20,9365,トレーディア,東S,"1,611",+3.0 (+0.19%) ,,,,,,,,,,,,,
2026-08-20,9366,サンリツ,東S,"1,099",+20.0 (+1.85%) ,0.51,8.99,5.8,0.00,23.07,45.44,(連),3.28,,,,,
2026-08-20,9367,大東港運,東S,"2,018",+9.0 (+0.45%) ,1.65,20.04,8.7,0.00,51.65,67.02,(連),1.54,,,,,
2026-08-20,9368,キムラユニティー,東S,925,+5.0 (+0.54%) ,0.86,11.87,7.7,15.14,12.74,62.07,(連),3.68,,,,,
2026-08-20,9369,キユーソー流通システム,東S,"3,150",+25.0 (+0.80%) ,1.73,29.57,6.0,0.00,-1.37,33.16,(連),0.87,87.50,-2.01,1.11,1.11,3.29
2026-08-20,9376,ユーラシア旅行社,東S,818,+6.0 (+0.74%) ,1.64,26.50,6.3,0.00,2.50,57.28,(連),3.79,,,,,
2026-08-20,9380,東海運,東S,436,0.0 (0.00%) ,0.66,16.93,4.0,0.00,32.75,41.94,(連),1.83,,,,,
2026-08-20,9381,エーアイテイー,東P,"2,356",+8.0 (+0.34%) ,2.7,17.43,16.1,14.53,3.27,74.27,(連),4.24,,,,,
2026-08-20,9385,ショーエイコーポレーション,東S,756,+12.0 (+1.61%) ,,,,,,,,,,,,,
2026-08-20,9399,ビートＨＬＤＧ,東S,13,0.0 (0.00%) ,,,,,,,,,,,,,
2026-08-20,9401,ＴＢＳＨＬＤＧ,東P,"5,913",+44.0 (+0.75%) ,0.82,17.84,5.1,0.00,18.25,69.26,(連),1.42,320.87,-5.79,-9.46,27.00,3.54
2026-08-20,9402,中部日本放送,名P,"1,195",+6.0 (+0.50%) ,,,,,,,,,,,,,
2026-08-20,9404,日本テレビＨＬＤＧ,東P,"2,960.5",+25.5 (+0.87%) ,0.74,12.98,5.8,0.00,24.89,77.58,(連),1.52,225.85,-13.49,-0.76,-3.99,5.74
2026-08-20,9405,朝日放送グループＨＬＤＧ,東P,832,+10.0 (+1.22%) ,,,,,,,,,,,,,
2026-08-20,9408,ＢＳＮメディアＨＬＤＧ,東S,--,-- (--%) ,0.57,11.01,5.2,0.00,2.00,71.97,(連),0.63,,,,,
2026-08-20,9409,テレビ朝日ＨＬＤＧ,東P,"3,100",+25.0 (+0.81%) ,0.67,10.53,6.5,0.00,28.17,80.07,(連),2.26,257.73,-0.97,-3.60,-0.75,3.21
2026-08-20,9412,スカパーＪＳＡＴ,東P,"2,227",+7.0 (+0.32%) ,2.08,27.08,8.0,0.00,29.79,74.44,(連),1.89,98.09,1.18,0.99,26.95,5.05
2026-08-20,9413,テレビ東京ＨＬＤＧ,東P,"3,430",+40.0 (+1.18%) ,0.85,11.86,7.4,15.40,44.60,68.95,(連),2.92,286.13,-10.95,-0.67,12.40,2.91
2026-08-20,9414,日本ＢＳ放送,東S,925,+6.0 (+0.65%) ,0.67,12.25,5.6,0.00,-5.34,90.68,(連),3.24,,,,,
2026-08-20,9416,ビジョン,東P,"1,059",+5.0 (+0.47%) ,2.45,11.50,23.6,0.00,19.25,69.15,(連),4.72,99.30,1.37,-1.07,-8.55,6.67
2026-08-20,9417,スマートバリュー,東S,329,0.0 (0.00%) ,,,,,,,,,,,,,
2026-08-20,9418,Ｕ−ＮＥＸＴ　ＨＬＤＧ,東P,"1,775",+31.0 (+1.78%) ,3.28,17.40,20.5,0.00,9.11,37.56,(連),0.87,102.20,84.35,-2.04,-5.88,18.57
2026-08-20,9419,ワイヤレスゲート,東S,294,+4.0 (+1.38%) ,2.0,11.39,19.3,0.00,-42.86,36.12,(連),0.00,,,,,
2026-08-20,9421,エヌジェイＨＬＤＧ,東S,503,+1.0 (+0.20%) ,,,,,,,,,,,,,
2026-08-20,9423,フォーバル・リアルストレート,東S,105,0.0 (0.00%) ,3.42,15.04,45.4,0.00,11.90,39.75,(連),2.67,,,,,
2026-08-20,9424,日本通信,東P,119,+3.0 (+2.59%) ,4.3,25.98,18.6,0.00,11.70,37.56,(連),0.00,,,,,
2026-08-20,9425,ＲｅＹｕｕ　Ｊａｐａｎ,東S,233,-14.0 (-5.67%) ,,,,,,,,,,,,,
2026-08-20,9428,クロップス,東S,"1,500",+5.0 (+0.33%) ,1.07,15.31,7.3,0.00,41.34,32.67,(連),1.93,,,,,
2026-08-20,9432,ＮＴＴ,東P,161.4,+2.0 (+1.25%) ,1.35,12.80,10.4,22.35,1.10,20.82,(連),3.28,12.56,-31.17,-0.19,-13.92,4.91
2026-08-20,9433,ＫＤＤＩ,東P,"2,861",+20.5 (+0.72%) ,2.15,15.58,14.0,0.00,1.20,26.63,(連),2.80,196.53,2.06,-0.19,-3.77,3.84
2026-08-20,9434,ソフトバンク,東P,233.1,+0.7 (+0.30%) ,4.22,20.54,19.3,0.00,5.68,15.99,(連),3.69,11.97,3.56,0.35,0.71,7.24
2026-08-20,9435,光通信,東P,"39,300","+1,180.0 (+3.10%) ",,,,,,,,,"2,825.43",-0.78,3.24,4.87,9.03
2026-08-20,9436,沖縄セルラー電話,東S,"4,015",+25.0 (+0.63%) ,3.74,28.26,13.5,0.00,5.23,82.16,(連),1.67,151.47,4.00,2.07,5.22,3.53
2026-08-20,9438,エムティーアイ,東P,602,-5.0 (-0.82%) ,1.81,9.77,20.1,0.00,7.07,55.22,(連),3.16,52.20,-0.75,2.63,2.63,6.19
2026-08-20,9439,エム・エイチ・グループ,東S,232,+1.0 (+0.43%) ,,,,,,,,,,,,,
2026-08-20,9441,ベルパーク,東S,"2,983",+70.0 (+2.40%) ,1.35,11.34,13.5,0.00,38.26,61.82,(連),3.42,,,,,
2026-08-20,9444,トーシンＨＬＤＧ,東S,270,-2.0 (-0.74%) ,,,,,,,,,,,,,
2026-08-20,9445,フォーバルテレコム,東S,537,0.0 (0.00%) ,,,,,,,,,,,,,
2026-08-20,9446,サカイＨＬＤＧ,東S,686,+6.0 (+0.88%) ,1.12,6.46,21.4,0.00,0.76,22.41,(連),3.79,,,,,
2026-08-20,9449,ＧＭＯインターネットグループ,東P,"4,007",+130.0 (+3.35%) ,3.61,24.45,16.3,5.43,10.89,5.46,(連),1.30,212.52,0.64,3.12,-15.10,5.92
2026-08-20,9450,ファイバーゲート,東S,770,+22.0 (+2.94%) ,,,,,,,,,67.10,0.46,0.00,-40.00,5.69
2026-08-20,9466,アイドママーケティングコミュニ,東S,240,+5.0 (+2.13%) ,,,,,,,,,,,,,
2026-08-20,9467,アルファポリス,東G,"1,273",+19.0 (+1.52%) ,,,,,,,,,88.45,11.32,-6.17,-12.67,16.67
2026-08-20,9468,ＫＡＤＯＫＡＷＡ,東P,"3,556",-14.0 (-0.39%) ,2.11,408.27,0.5,20.60,-34.05,62.05,(連),0.84,47.65,0.17,0.31,-37.58,3.94
2026-08-20,9470,学研ＨＬＤＧ,東P,"1,037",+2.0 (+0.19%) ,0.83,12.06,7.0,0.00,13.14,36.94,(連),2.51,91.80,1.68,-1.83,4.30,6.20
2026-08-20,9471,文溪堂,名M,"1,149",0.0 (0.00%) ,,,,,,,,,,,,,
2026-08-20,9474,ゼンリン,東P,899,+13.0 (+1.47%) ,0.98,17.52,5.5,0.00,-1.78,67.9,(連),4.67,44.03,-1.44,-0.91,-31.15,0.45
2026-08-20,9475,昭文社ＨＬＤＧ,東S,522,0.0 (0.00%) ,0.66,7.81,8.9,0.00,124.83,75.61,(連),0.96,,,,,
2026-08-20,9476,中央経済社ＨＬＤＧ,東S,--,-- (--%) ,0.88,15.58,5.8,0.00,100.00,71.53,(連),1.32,,,,,
2026-08-20,9478,ＳＥ　Ｈ＆インキュベーションズ,東S,515,-3.0 (-0.58%) ,0.7,12.91,6.2,0.00,-0.86,60.1,(連),0.78,,,,,
2026-08-20,9501,東京電力ＨＬＤＧ,東P,524.9,+22.9 (+4.56%) ,,,,,,,,,99.80,-0.04,-9.67,-7.61,-0.90
2026-08-20,9502,中部電力,東P,"2,875",+77.5 (+2.77%) ,0.69,9.53,7.7,0.00,5.31,41.01,(連),2.43,229.97,-0.53,-2.76,-6.18,1.85
2026-08-20,9503,関西電力,東P,"2,557.5",+197.5 (+8.37%) ,0.82,7.50,11.7,0.00,-2.47,35.06,(連),2.93,282.34,-0.53,-5.24,-11.41,0.05
2026-08-20,9504,中国電力,東P,968.9,+17.5 (+1.84%) ,0.45,5.08,9.2,0.00,-37.59,16.82,(連),2.79,120.48,-0.22,-9.31,-24.63,0.17
2026-08-20,9505,北陸電力,東P,984.6,+21.0 (+2.18%) ,0.46,3.78,13.1,0.00,-6.95,24.38,(連),2.54,149.47,-0.15,4.48,-12.89,-4.29
2026-08-20,9506,東北電力,東P,"1,312",+28.5 (+2.22%) ,0.59,7.72,8.1,0.00,-50.76,19.39,(連),3.05,215.69,0.23,5.44,-10.63,-4.02
2026-08-20,9507,四国電力,東P,"1,854",+52.5 (+2.91%) ,0.8,7.50,11.1,0.00,-25.89,27.36,(連),2.70,184.65,-0.40,2.60,5.67,1.53
2026-08-20,9508,九州電力,東P,"1,921.5",+48.0 (+2.56%) ,0.92,6.11,14.1,0.00,6.36,19.94,(連),2.60,275.46,-0.56,0.81,21.26,-1.29
2026-08-20,9509,北海道電力,東P,"1,076",+29.5 (+2.82%) ,0.54,5.19,10.4,0.00,-4.22,18.49,(連),2.97,127.92,-0.22,-0.89,-4.29,3.04
2026-08-20,9511,沖縄電力,東P,"1,171",+29.0 (+2.54%) ,,,,,,,,,58.90,-0.41,25.64,-43.02,0.14
2026-08-20,9513,電源開発,東P,"3,935",+25.0 (+0.64%) ,0.49,12.09,4.3,23.27,13.16,37.58,(連),2.54,461.74,0.20,0.50,38.06,3.47
2026-08-20,9514,エフオン,東S,348,+7.0 (+2.05%) ,,,,,,,,,,,,,
2026-08-20,9517,イーレックス,東P,888,+25.0 (+2.90%) ,0.98,12.99,7.9,0.00,41.77,41.38,(連),2.48,59.25,-1.12,3.29,12.25,-2.43
2026-08-20,9519,レノバ,東P,922,+21.0 (+2.33%) ,,,,,,,,,32.08,-2.33,2.75,25.14,16.94
2026-08-20,9531,東京瓦斯,東P,"6,009",-7.0 (-0.12%) ,1.17,9.18,13.2,0.00,70.51,44.13,(連),1.83,384.97,-0.38,2.99,16.62,7.38
2026-08-20,9532,大阪瓦斯,東P,"5,517",+83.0 (+1.53%) ,1.17,14.10,8.7,13.26,7.84,54.38,(連),2.18,370.73,-2.85,0.78,8.18,2.52
2026-08-20,9533,東邦瓦斯,東P,"1,205",+22.5 (+1.90%) ,0.92,14.39,6.8,0.00,16.87,58.99,(連),1.87,72.20,-1.21,5.93,5.18,1.33
2026-08-20,9534,北海道瓦斯,東P,809,+19.0 (+2.41%) ,0.73,6.19,12.6,0.00,14.33,49.1,(連),3.03,,,,,
2026-08-20,9535,広島ガス,東P,424,+4.0 (+0.95%) ,0.41,13.83,3.0,0.00,36.30,54.24,(連),2.83,,,,,
2026-08-20,9536,西部ガスＨＬＤＧ,東P,"2,450",+34.0 (+1.41%) ,0.77,12.49,6.5,0.00,18.58,24.74,(連),2.86,,,,,
2026-08-20,9537,北陸瓦斯,東S,"4,465",-35.0 (-0.78%) ,0.39,6.54,6.2,0.00,148.42,74.9,(連),1.79,,,,,
2026-08-20,9539,京葉瓦斯,東S,"1,362",+18.0 (+1.34%) ,0.43,13.64,3.3,0.00,104.55,56.78,(連),1.91,,,,,
2026-08-20,9543,静岡ガス,東P,"1,275",+9.0 (+0.71%) ,,,,,,,,,,,,,
2026-08-20,9551,メタウォーター,東P,"3,080",+60.0 (+1.99%) ,1.5,14.72,10.7,26.90,32.40,40.64,(連),2.27,238.17,0.94,3.71,19.83,16.07
2026-08-20,9552,クオンツ総研ＨＬＤＧ,東P,"1,105",+150.0 (+15.71%) ,,,,,,,,,61.16,0.66,0.97,-42.76,13.10
2026-08-20,9553,マイクロアド,東G,592,+21.0 (+3.68%) ,4.58,83.38,5.8,16.41,80.61,38.22,(連),0.00,,,,,
2026-08-20,9554,ＡＶｉＣ,東G,"1,810",+166.0 (+10.10%) ,4.9,20.76,27.7,0.00,65.76,58.46,(連),0.00,119.90,0.40,4.76,22.22,43.79
2026-08-20,9556,ＩＮＴＬＯＯＰ,東G,"2,183",+67.0 (+3.17%) ,3.32,14.90,25.0,0.00,44.43,45.18,(連),0.00,69.16,-0.60,-19.47,-58.27,21.57
2026-08-20,9557,エアークローゼット,東G,218,+14.0 (+6.86%) ,,,,,,,,,,,,,
2026-08-20,9558,ジャパニアス,東G,"1,982",+29.0 (+1.48%) ,2.32,10.26,24.0,0.00,5.48,58.4,(単),4.99,184.20,-2.34,-5.68,-5.83,10.95
2026-08-20,9560,プログリット,東G,878,+22.0 (+2.57%) ,4.77,12.34,43.9,0.00,47.74,50.4,(単),2.16,,,,,
2026-08-20,9561,グラッドキューブ,東G,406,-1.0 (-0.25%) ,,,,,,,,,,,,,
2026-08-20,9562,ビジネスコーチ,東G,617,+7.0 (+1.15%) ,2.71,16.60,16.9,0.00,125.32,76.89,(連),2.70,,,,,
2026-08-20,9563,Ａｔｌａｓ　Ｔｅｃｈｎｏｌｏｇ,東G,374,+4.0 (+1.08%) ,,,,,,,,,,,,,
2026-08-20,9564,ＦＣＥ,東S,598,-1.0 (-0.17%) ,3.47,19.82,18.5,0.00,31.02,66.32,(連),1.25,,,,,
2026-08-20,9565,ＧＬＯＥ,東G,670,0.0 (0.00%) ,3.88,485.51,0.8,0.00,84.62,29.73,(連),0.00,,,,,
2026-08-20,9601,松竹,東P,"11,030",+140.0 (+1.29%) ,1.4,28.95,5.2,0.00,353.80,47.17,(連),0.36,238.80,-1.24,-11.64,-1.15,7.58
2026-08-20,9602,東宝,東P,"1,547",+12.0 (+0.78%) ,2.52,25.28,10.4,10.11,8.82,73.32,(連),1.42,58.50,-5.99,0.07,-3.44,7.34
2026-08-20,9603,エイチ・アイ・エス,東P,"1,147",+16.0 (+1.41%) ,1.54,18.16,8.8,20.37,8.90,14.38,(連),1.74,16.22,-0.95,-4.71,-18.63,8.59
2026-08-20,9605,東映,東P,"6,000",-20.0 (-0.33%) ,1.29,16.03,8.4,34.96,8.88,58.3,(連),0.60,267.30,-0.79,-2.98,0.75,4.97
2026-08-20,9610,ウィルソン・ラーニング　ワール,東S,98,+4.0 (+4.26%) ,,,,,,,,,,,,,
2026-08-20,9612,ラックランド,東P,"1,272",+22.0 (+1.76%) ,1.11,6.30,18.6,0.00,969.85,43.87,(連),1.57,,,,,
2026-08-20,9616,共立メンテナンス,東P,"3,366",+98.0 (+3.00%) ,2.1,15.17,15.3,0.00,22.35,45.96,(連),1.37,203.09,-1.96,0.39,-9.38,9.73
2026-08-20,9619,イチネンＨＬＤＧ,東P,"2,675",-7.0 (-0.26%) ,0.89,8.27,11.2,0.00,6.59,33.81,(連),2.99,291.40,-0.93,0.00,8.18,5.67
2026-08-20,9621,建設技術研究所,東P,"3,210",+40.0 (+1.26%) ,1.33,14.97,9.3,30.80,-1.94,69.05,(連),2.34,,,,,
2026-08-20,9622,スペース,東P,"1,465",+35.0 (+2.45%) ,1.03,9.53,11.2,0.00,37.59,77.2,(連),5.32,,,,,
2026-08-20,9625,セレスポ,東S,943,+4.0 (+0.43%) ,,,,,,,,,,,,,
2026-08-20,9627,アインＨＬＤＧ,東P,"6,159",+118.0 (+1.95%) ,1.36,12.53,11.5,0.00,57.16,31.2,(連),1.62,442.74,-1.40,-0.05,4.60,25.89
2026-08-20,9628,燦ＨＬＤＧ,東P,"1,390",+15.0 (+1.09%) ,0.77,6.02,13.5,0.00,14.82,58.95,(連),2.66,172.90,-0.32,0.00,31.82,62.45
2026-08-20,9629,ピー・シー・エー,東P,"1,562",+15.0 (+0.97%) ,,,,,,,,,,,,,
2026-08-20,9632,スバル興業,東S,"3,690",+15.0 (+0.41%) ,1.29,19.64,6.7,0.00,1.79,84.28,(連),2.17,,,,,
2026-08-20,9633,東京テアトル,東S,"1,790",+18.0 (+1.02%) ,,,,,,,,,,,,,
2026-08-20,9635,武蔵野興業,東S,"2,550",-10.0 (-0.39%) ,,,,,,,,,,,,,
2026-08-20,9636,きんえい,東S,"4,155",+15.0 (+0.36%) ,4.2,57.84,7.5,0.00,6.51,45.82,(単),0.24,,,,,
2026-08-20,9639,三協フロンテア,東S,"2,316",-10.0 (-0.43%) ,0.98,9.25,11.0,0.00,1.59,74.97,(連),3.67,,,,,
2026-08-20,9640,セゾンテクノロジー,東S,"1,999",+8.0 (+0.40%) ,2.29,29.81,7.7,0.00,-25.00,66.23,(連),4.50,,,,,
2026-08-20,9643,中日本興業,名M,"11,080",+80.0 (+0.73%) ,1.63,46.03,3.5,0.00,317.44,61.2,(単),0.54,,,,,
2026-08-20,9644,タナベコンサルティンググループ,東P,772,-4.0 (-0.52%) ,,,,,,,,,,,,,
2026-08-20,9647,協和コンサルタンツ,東S,"6,690",+170.0 (+2.61%) ,0.89,6.40,14.8,0.00,21.87,52.92,(連),0.45,,,,,
2026-08-20,9651,日本プロセス,東S,"1,994",+49.0 (+2.52%) ,,,,,,,,,,,,,
2026-08-20,9656,グリーンランドリゾート,東S,601,+1.0 (+0.17%) ,,,,,,,,,,,,,
2026-08-20,9658,ビジネスブレイン太田昭和,東P,"1,065",+16.0 (+1.53%) ,1.13,11.57,10.0,0.00,23.99,63.38,(連),4.23,,,,,
2026-08-20,9661,歌舞伎座,東S,"4,455",-10.0 (-0.22%) ,4.75,189.74,2.5,0.00,54.47,46.73,(連),0.11,,,,,
2026-08-20,9663,ナガワ,東P,"5,080",-40.0 (-0.78%) ,,,,,,,,,,,,,
2026-08-20,9664,御園座,名M,"1,501",0.0 (0.00%) ,,,,,,,,,,,,,
2026-08-20,9672,東京都競馬,東P,"5,090",+50.0 (+0.99%) ,1.4,12.98,11.3,0.00,11.04,75.34,(連),2.32,422.40,1.57,-0.06,1.55,2.82
2026-08-20,9678,カナモト,東P,"5,420",+70.0 (+1.31%) ,1.28,17.25,7.6,0.00,17.96,45.43,(連),1.75,360.02,1.03,0.79,10.35,3.22
2026-08-20,9679,ホウライ,東S,"2,334",-6.0 (-0.26%) ,0.99,19.63,5.2,0.00,1.38,50.06,(単),1.03,,,,,
2026-08-20,9682,ＤＴＳ,東P,"1,122",+27.0 (+2.47%) ,2.81,15.38,19.2,0.00,9.59,74.5,(連),3.30,75.80,3.78,-1.09,-0.76,5.62
2026-08-20,9684,スクウェア・エニックスＨＬＤＧ,東P,"2,947",+58.5 (+2.03%) ,3.05,35.87,8.7,33.50,57.48,79.58,(連),1.46,106.14,0.95,0.65,17.66,-1.98
2026-08-20,9685,ＫＹＣＯＭ　ＨＬＤＧ,東S,568,-2.0 (-0.35%) ,,,,,,,,,,,,,
2026-08-20,9686,東洋テック,東S,"1,653",-12.0 (-0.72%) ,,,,,,,,,,,,,
2026-08-20,9687,ＫＳＫ,東S,"4,400",0.0 (0.00%) ,,,,,,,,,,,,,
2026-08-20,9691,両毛システムズ,東S,--,-- (--%) ,1.1,8.36,14.4,0.00,39.21,58.65,(連),0.85,,,,,
2026-08-20,9692,シーイーシー,東P,"2,417",+70.0 (+2.98%) ,1.77,14.59,12.5,0.00,9.23,68.45,(連),2.90,189.00,0.91,9.54,13.29,11.99
2026-08-20,9697,カプコン,東P,"4,190",+58.0 (+1.40%) ,6.55,32.11,22.1,67.17,12.95,78.78,(連),1.07,151.45,1.72,0.14,5.63,13.71
2026-08-20,9698,クレオ,東S,"1,340",+36.0 (+2.76%) ,1.34,12.85,10.7,0.00,4.59,73.36,(連),4.10,,,,,
2026-08-20,9699,ニシオＨＬＤＧ,東P,"4,615",+65.0 (+1.43%) ,0.92,10.58,8.9,11.85,8.20,46.6,(連),2.84,414.20,-2.21,-5.05,"6,166.67",5.15
2026-08-20,9701,東京會舘,東S,"4,280",+60.0 (+1.42%) ,,,,,,,,,,,,,
2026-08-20,9702,アイ・エス・ビー,東P,"2,495",+54.0 (+2.21%) ,1.97,19.91,10.2,0.00,-17.57,67.2,(連),2.20,,,,,
2026-08-20,9704,アゴーラ　ホスピタリティー,東S,30,0.0 (0.00%) ,1.41,6.22,27.3,9.02,250.40,26.73,(連),0.00,,,,,
2026-08-20,9706,日本空港ビルデング,東P,"5,648",+82.0 (+1.47%) ,2.49,17.99,14.7,0.00,22.34,42.75,(連),1.68,277.38,-1.75,0.24,13.51,5.33
2026-08-20,9708,帝国ホテル,東S,"1,006",+7.0 (+0.70%) ,,,,,,,,,15.20,-1.14,52.63,93.33,8.21
2026-08-20,9709,ＮＣＳ＆Ａ,東S,"1,370",-6.0 (-0.44%) ,1.49,10.34,14.7,0.00,36.08,64.82,(連),4.23,,,,,
2026-08-20,9713,ロイヤルホテル,東S,904,0.0 (0.00%) ,,,,,,,,,,,,,
2026-08-20,9715,トランス・コスモス,東P,"3,665",+5.0 (+0.14%) ,1.07,10.50,10.6,24.93,20.96,57.3,(連),3.82,365.75,2.11,-6.83,-5.21,5.09
2026-08-20,9716,乃村工藝社,東P,"1,233",+19.0 (+1.57%) ,2.22,15.06,15.7,0.00,43.66,65.07,(連),3.41,87.50,2.05,0.47,20.79,6.16
2026-08-20,9720,ホテル、ニューグランド,東S,--,-- (--%) ,2.02,37.41,5.5,0.00,10.66,42.02,(単),0.39,,,,,
2026-08-20,9722,藤田観光,東P,"2,497",+56.0 (+2.29%) ,,,,,,,,,206.10,0.36,0.40,-6.39,5.20
2026-08-20,9723,京都ホテル,東S,637,+4.0 (+0.63%) ,,,,,,,,,,,,,
2026-08-20,9726,ＫＮＴ―ＣＴ　ＨＬＤＧ,東S,"1,962",+39.0 (+2.03%) ,,,,,,,,,,,,,
2026-08-20,9729,トーカイ,東P,"2,568",+50.0 (+1.99%) ,,,,,,,,,204.05,1.27,1.59,8.24,5.33
2026-08-20,9731,白洋舎,東S,"3,395",+10.0 (+0.30%) ,1.01,6.03,18.4,0.00,4.00,36.15,(連),2.36,,,,,
2026-08-20,9733,ナガセ,東S,"2,306",+19.0 (+0.83%) ,1.64,15.24,11.7,0.00,50.17,37.75,(連),6.50,186.40,0.53,-0.76,-5.07,10.61
2026-08-20,9735,セコム,東P,"6,362",-2.0 (-0.03%) ,1.96,23.04,8.7,5.43,4.02,58.95,(連),1.57,292.73,3.63,0.11,5.09,4.63
2026-08-20,9739,ＮＳＷ,東P,"2,732",+32.0 (+1.19%) ,1.07,10.97,10.1,0.00,-10.30,76.88,(連),4.58,,,,,
2026-08-20,9740,セントラル警備保障,東P,"2,776",+29.0 (+1.06%) ,0.94,15.87,6.2,0.00,2.96,57.61,(連),2.16,212.00,0.62,2.63,-4.78,5.73
2026-08-20,9742,アイネス,東P,"2,362",+18.0 (+0.77%) ,,,,,,,,,,,,,
2026-08-20,9743,丹青社,東P,"1,490",+15.0 (+1.02%) ,1.87,11.74,16.9,0.00,56.81,67.59,(連),4.83,120.40,-2.41,6.67,21.21,6.91
2026-08-20,9744,メイテックグループＨＬＤＧ,東P,"3,333",+13.0 (+0.39%) ,,,,,,,,,186.72,-4.22,0.22,1.28,2.88
2026-08-20,9746,ＴＫＣ,東P,"4,030",+20.0 (+0.50%) ,1.91,17.20,11.5,0.00,3.46,83.58,(連),2.73,247.60,2.87,-2.82,-5.49,7.48
2026-08-20,9753,アイエックス・ナレッジ,東S,"1,330",-8.0 (-0.60%) ,1.1,7.42,15.8,0.00,18.87,70.85,(連),3.76,,,,,
2026-08-20,9755,応用地質,東P,"2,902",+46.0 (+1.61%) ,0.85,15.34,5.6,21.26,-6.83,71.81,(連),3.79,,,,,
2026-08-20,9757,船井総研ＨＬＤＧ,東P,"1,154",+7.0 (+0.61%) ,4.07,16.33,26.5,0.00,5.11,72.39,(連),3.68,73.15,4.50,-4.17,-8.91,9.51
2026-08-20,9759,ＮＳＤ,東P,"2,886.5",+77.5 (+2.76%) ,2.97,16.93,18.4,0.00,13.43,75.69,(連),3.33,182.90,2.17,-0.22,2.02,8.14
2026-08-20,9760,進学会ＨＬＤＧ,東S,118,-1.0 (-0.84%) ,,,,,,,,,,,,,
2026-08-20,9761,東海リース,東S,"2,446",+51.0 (+2.13%) ,,,,,,,,,,,,,
2026-08-20,9763,丸建リース,東S,"1,297",+3.0 (+0.23%) ,,,,,,,,,,,,,
2026-08-20,9765,オオバ,東P,"1,163",+14.0 (+1.22%) ,,,,,,,,,,,,,
2026-08-20,9766,コナミグループ,東P,"22,160",+480.0 (+2.21%) ,5.32,30.04,19.1,28.70,35.25,75.4,(連),1.00,911.20,1.03,2.36,18.76,14.72
2026-08-20,9767,日建工学,東S,"1,592",+6.0 (+0.38%) ,0.59,10.32,5.9,0.00,6.33,77.49,(連),1.88,,,,,
2026-08-20,9768,いであ,東S,"3,730",+55.0 (+1.50%) ,0.87,11.18,8.0,0.00,-1.67,81.16,(連),3.16,,,,,
2026-08-20,9769,学究社,東P,"2,638",+35.0 (+1.34%) ,,,,,,,,,,,,,
2026-08-20,9778,昴,東S,"5,770",0.0 (0.00%) ,0.94,83.74,1.1,0.00,13.08,52.67,(単),2.08,,,,,
2026-08-20,9780,ハリマビステム,東S,"1,102",-11.0 (-0.99%) ,,,,,,,,,,,,,
2026-08-20,9782,ディーエムエス,東S,"3,440",+35.0 (+1.03%) ,,,,,,,,,,,,,
2026-08-20,9788,ナック,東P,523,-2.0 (-0.38%) ,0.95,13.40,7.2,0.00,-17.69,59.46,(連),4.21,,,,,
2026-08-20,9790,福井コンピュータＨＬＤＧ,東P,"3,145",+40.0 (+1.29%) ,2.16,15.07,15.1,0.00,20.48,81.7,(連),2.32,233.85,1.11,0.00,3.00,5.92
2026-08-20,9791,ビケンテクノ,東S,"1,169",+10.0 (+0.86%) ,0.39,6.20,6.4,0.00,42.79,58.86,(連),3.08,,,,,
2026-08-20,9793,ダイセキ,東P,"3,800",+20.0 (+0.53%) ,2.2,19.69,11.0,0.00,0.37,77.72,(連),2.00,244.84,0.58,-4.57,-5.30,6.05
2026-08-20,9795,ステップ,東P,"2,280",-1.0 (-0.04%) ,1.31,13.38,10.0,0.00,8.45,89.7,(単),3.73,,,,,
2026-08-20,9799,旭情報サービス,東S,954,+2.0 (+0.21%) ,,,,,,,,,,,,,
2026-08-20,9812,テーオーＨＬＤＧ,東S,243,0.0 (0.00%) ,,,,,,,,,,,,,
2026-08-20,9816,ストライダーズ,東S,255,+1.0 (+0.39%) ,0.81,10.84,7.8,0.00,190.59,50.9,(連),1.96,,,,,
2026-08-20,9818,大丸エナウィン,東S,"1,502",-8.0 (-0.53%) ,0.72,12.00,6.2,0.00,3.32,68.85,(連),1.93,,,,,
2026-08-20,9820,エムティジェネックス,東S,"3,735",-40.0 (-1.06%) ,0.91,12.77,7.4,0.00,13.46,77.94,(連),1.07,,,,,
2026-08-20,9823,マミーマートＨＬＤＧ,東S,"1,030",+10.0 (+0.98%) ,,,,,,,,,,,,,
2026-08-20,9824,泉州電業,東P,"7,090",+150.0 (+2.16%) ,2.08,18.29,11.8,0.00,-13.84,52.66,(連),2.12,526.00,0.38,21.36,6.84,8.40
2026-08-20,9827,リリカラ,東S,630,+7.0 (+1.12%) ,0.96,14.84,6.4,0.00,357.23,39.98,(単),5.71,,,,,
2026-08-20,9828,Ｇｅｎｋｉ　Ｇｌｏｂａｌ　Ｄｉ,東S,"3,385",-30.0 (-0.88%) ,3.08,17.12,19.1,12.35,-24.48,32.65,(連),2.07,249.75,0.52,-3.73,-17.31,15.17
2026-08-20,9830,トラスコ中山,東P,"2,344",+11.0 (+0.47%) ,0.83,9.73,8.8,0.00,12.39,60.4,(連),2.56,242.60,13.22,-11.99,-10.31,9.07
2026-08-20,9831,ヤマダＨＬＤＧ,東P,705.5,+3.9 (+0.56%) ,0.74,32.14,2.3,0.00,-58.37,48.6,(連),2.41,56.61,0.08,-0.44,15.68,5.44
2026-08-20,9832,オートバックスセブン,東P,"1,544",+7.0 (+0.46%) ,,,,,,,,,,,,,
2026-08-20,9835,ジュンテンドー,東S,514,0.0 (0.00%) ,,,,,,,,,,,,,
2026-08-20,9837,モリト,東P,"1,833",+1.0 (+0.05%) ,1.18,16.38,7.4,28.13,20.68,71.77,(連),3.82,130.90,0.82,2.50,17.14,16.17
2026-08-20,9842,アークランズ,東P,"1,915",+4.0 (+0.21%) ,0.94,14.80,6.5,0.00,-27.77,36.88,(連),2.09,202.15,0.17,0.00,1.06,1.95
2026-08-20,9843,ニトリＨＬＤＧ,東P,"3,056",+149.0 (+5.13%) ,1.75,19.34,9.4,0.00,8.44,62.91,(連),1.01,157.39,-51.99,0.14,-4.59,1.53
2026-08-20,9845,パーカーコーポレーション,東S,"1,370",+18.0 (+1.33%) ,,,,,,,,,,,,,
2026-08-20,9846,天満屋ストア,東S,999,-1.0 (-0.10%) ,0.41,8.50,5.0,0.00,-5.61,60.89,(連),1.55,,,,,
2026-08-20,9849,共同紙販ＨＬＤＧ,東S,--,-- (--%) ,0.76,80.41,1.0,0.00,-107.41,41.69,(連),1.11,,,,,
2026-08-20,9850,グルメ杵屋,東P,989,+4.0 (+0.41%) ,,,,,,,,,,,,,
2026-08-20,9853,銀座ルノアール,東S,907,0.0 (0.00%) ,1.73,34.63,5.1,0.00,95.31,56.22,(連),0.55,,,,,
2026-08-20,9854,愛眼,東S,282,0.0 (0.00%) ,0.45,35.21,1.3,0.00,738.30,85.93,(連),0.00,,,,,
2026-08-20,9856,ケーユーＨＬＤＧ,東S,"1,243",+11.0 (+0.89%) ,0.56,7.05,8.4,0.00,-9.25,72.29,(連),4.67,,,,,
2026-08-20,9857,英和,東S,--,-- (--%) ,,,,,,,,,,,,,
2026-08-20,9861,吉野家ＨＬＤＧ,東P,"3,824",+58.0 (+1.54%) ,3.64,53.05,7.1,0.00,10.11,54.47,(連),0.58,87.28,2.08,5.21,-19.20,9.00
2026-08-20,9867,ソレキア,東S,"10,650",0.0 (0.00%) ,0.72,5.41,14.2,0.00,51.95,53.07,(連),0.66,,,,,
2026-08-20,9869,加藤産業,東P,"6,540",0.0 (0.00%) ,1.19,15.36,8.1,0.00,7.50,36.24,(連),2.14,,,,,
2026-08-20,9872,北恵,東S,949,+9.0 (+0.96%) ,0.63,15.98,4.0,0.00,-17.34,50.48,(単),2.95,,,,,
2026-08-20,9876,コックス,東S,220,+1.0 (+0.46%) ,0.58,5.69,11.0,0.00,7.11,70.53,(連),0.00,,,,,
2026-08-20,9878,セキド,東S,414,0.0 (0.00%) ,,,,,,,,,,,,,
2026-08-20,9880,イノテック,東P,"3,645",+115.0 (+3.26%) ,1.68,11.38,15.9,31.81,66.02,54.84,(連),3.43,,,,,
2026-08-20,9882,イエローハット,東P,"1,786",+19.0 (+1.08%) ,,,,,,,,,,,,,
2026-08-20,9885,シャルレ,東S,334,0.0 (0.00%) ,,,,,,,,,,,,,
2026-08-20,9887,松屋フーズＨＬＤＧ,東P,"5,060",+135.0 (+2.74%) ,1.81,25.72,7.3,0.00,62.07,40.96,(連),0.47,,,,,
2026-08-20,9888,ＵＥＸ,東S,"1,208",+22.0 (+1.85%) ,0.7,19.97,3.7,0.00,-26.55,36.37,(連),1.82,,,,,
2026-08-20,9889,ＪＢＣＣ　ＨＬＤＧ,東P,"1,737",+57.0 (+3.39%) ,,,,,,,,,100.05,1.09,3.45,7.14,6.97
2026-08-20,9890,マキヤ,東S,"1,355",+9.0 (+0.67%) ,0.61,9.21,6.8,0.00,0.34,54.85,(連),2.21,,,,,
2026-08-20,9895,コンセック,東S,--,-- (--%) ,,,,,,,,,,,,,
2026-08-20,9896,ＪＫ　ＨＬＤＧ,東S,"1,409",+18.0 (+1.29%) ,0.58,9.46,6.3,0.00,-8.29,29.46,(連),3.90,,,,,
2026-08-20,9900,サガミＨＬＤＧ,東P,"2,148",-25.0 (-1.15%) ,3.31,39.99,8.6,0.00,42.74,72.48,(連),0.56,,,,,
2026-08-20,9902,日伝,東P,"3,035",+35.0 (+1.17%) ,0.98,17.53,5.7,0.00,3.68,72.0,(連),2.31,,,,,
2026-08-20,9903,カンセキ,東S,901,-6.0 (-0.66%) ,0.99,21.84,4.8,0.00,-27.52,26.9,(単),2.22,,,,,
2026-08-20,9904,ベリテ,東S,242,+4.0 (+1.68%) ,1.56,20.37,7.4,0.00,-28.40,49.73,(単),8.67,,,,,
2026-08-20,9906,藤井産業,東S,"4,160",+5.0 (+0.12%) ,0.84,7.25,12.2,0.00,13.14,59.56,(連),3.85,,,,,
2026-08-20,9908,日本電計,東S,"2,665",+30.0 (+1.14%) ,0.92,8.26,11.7,23.09,7.27,41.63,(連),3.64,,,,,
2026-08-20,9913,日邦産業,東S,"3,275",+60.0 (+1.87%) ,1.65,20.56,8.4,45.12,7.79,49.26,(連),4.70,,,,,
2026-08-20,9914,植松商会,東S,732,0.0 (0.00%) ,0.5,13.22,3.9,0.00,29.08,67.7,(単),4.44,,,,,
2026-08-20,9928,ミロク情報サービス,東P,"1,945",+20.0 (+1.04%) ,1.76,10.77,17.3,0.00,7.51,67.96,(連),3.08,162.00,-1.17,2.76,4.93,7.56
2026-08-20,9929,平和紙業,東S,474,+4.0 (+0.85%) ,0.43,56.56,0.8,0.00,-29.13,57.64,(連),2.53,,,,,
2026-08-20,9930,北沢産業,東S,418,+10.0 (+2.45%) ,0.68,35.27,2.0,0.00,-59.58,66.85,(連),2.39,,,,,
2026-08-20,9932,杉本商事,東P,"1,324",+8.0 (+0.61%) ,0.68,11.29,6.1,20.00,-12.25,77.94,(連),4.08,,,,,
2026-08-20,9934,因幡電機産業,東P,"2,947",+18.0 (+0.61%) ,1.68,14.13,12.7,0.00,18.95,62.86,(連),2.88,,,,,
2026-08-20,9936,王将フードサービス,東P,"2,925",+45.0 (+1.56%) ,2.36,20.77,10.7,0.00,-5.39,76.47,(連),1.91,113.97,-1.35,-6.38,-30.71,2.73
2026-08-20,9941,太洋物産,東S,"1,182",+19.0 (+1.63%) ,2.3,15.36,16.9,33.61,-14.36,11.66,(単),0.00,,,,,
2026-08-20,9946,ミニストップ,東P,"1,847",+16.0 (+0.87%) ,,,,,,,,,,,,,
2026-08-20,9948,アークス,東P,"3,675",+20.0 (+0.55%) ,,,,,,,,,232.75,26.28,-1.00,5.32,3.16
2026-08-20,9950,ハチバン,東S,"3,430",+5.0 (+0.15%) ,2.65,167.64,1.6,17.52,-55.29,67.88,(連),0.58,,,,,
2026-08-20,9955,ヨンキュウ,東S,"2,837",-12.0 (-0.42%) ,,,,,,,,,,,,,
2026-08-20,9956,バローＨＬＤＧ,東P,"3,250",+40.0 (+1.25%) ,,,,,,,,,322.11,3.39,0.42,4.62,7.78
2026-08-20,9959,アシードＨＬＤＧ,東S,"1,072",+21.0 (+2.00%) ,1.67,14.53,12.0,0.00,29.73,32.87,(連),2.05,,,,,
2026-08-20,9960,東テク,東P,"3,680",+35.0 (+0.96%) ,2.05,11.53,19.5,0.00,15.47,63.99,(連),3.48,353.50,0.97,0.00,11.11,8.91
2026-08-20,9962,ミスミグループ本社,東P,"3,719",+41.0 (+1.11%) ,2.59,24.91,11.1,59.85,-1.62,81.69,(連),1.42,161.77,2.75,5.03,22.32,14.06
2026-08-20,9969,ショクブン,東S,235,0.0 (0.00%) ,,,,,,,,,,,,,
2026-08-20,9972,アルテック,東S,281,+6.0 (+2.18%) ,,,,,,,,,,,,,
2026-08-20,9973,ＫＯＺＯＨＬＤＧ,東S,20,0.0 (0.00%) ,,,,,,,,,,,,,
2026-08-20,9974,ベルク,東P,"6,730",+30.0 (+0.45%) ,1.16,11.06,11.0,0.00,4.49,54.47,(連),1.84,602.95,-11.84,-2.12,-6.98,6.91
2026-08-20,9976,セキチュー,東S,"1,050",-11.0 (-1.04%) ,0.48,14.38,3.4,0.00,3.07,50.56,(単),2.86,,,,,
2026-08-20,9978,文教堂グループＨＬＤＧ,東S,45,0.0 (0.00%) ,,,,,,,,,,,,,
2026-08-20,9979,大庄,東S,"1,098",-2.0 (-0.18%) ,2.04,19.65,10.8,0.00,3.37,38.23,(連),1.28,,,,,
2026-08-20,9980,ＭＲＫ　ＨＬＤＧ,東S,96,+1.0 (+1.05%) ,,,,,,,,,,,,,
2026-08-20,9982,タキヒヨー,東S,"2,547",+1.0 (+0.04%) ,0.66,13.62,5.2,0.00,43.37,63.8,(連),1.77,,,,,
2026-08-20,9983,ファーストリテイリング,東P,"76,280","+1,340.0 (+1.79%) ",10.3,54.04,20.2,59.82,16.76,58.9,(連),0.66,"1,662.11",2.58,0.34,21.43,"3,435.69"
2026-08-20,9984,ソフトバンクグループ,東P,"5,387",+160.0 (+3.06%) ,1.74,6.17,34.3,13.06,259.88,29.01,(連),0.20,101.64,-0.60,2.07,30.09,8.09
2026-08-20,9986,蔵王産業,東S,"2,494",-2.0 (-0.08%) ,1.04,18.86,5.5,0.00,12.16,85.94,(単),4.21,,,,,
2026-08-20,9987,スズケン,東P,"5,133",+43.0 (+0.84%) ,0.83,9.41,9.3,0.00,2.35,35.98,(連),1.95,380.15,-0.45,0.65,-11.41,3.29
2026-08-20,9989,サンドラッグ,東P,"3,717",+57.0 (+1.56%) ,1.52,13.85,11.3,0.00,5.44,60.15,(連),3.52,288.42,1.72,-0.54,-3.11,6.37
2026-08-20,9990,サックスバー　ＨＬＤＧ,東P,757,+7.0 (+0.93%) ,,,,,,,,,,,,,
2026-08-20,9991,ジェコス,東P,"1,774",+19.0 (+1.08%) ,0.84,10.20,8.5,0.00,28.19,58.17,(連),3.89,,,,,
2026-08-20,9993,ヤマザワ,東S,"1,185",0.0 (0.00%) ,0.46,10.23,4.7,0.00,402.46,51.18,(連),2.28,,,,,
2026-08-20,9994,やまや,東S,"2,102",+16.0 (+0.77%) ,0.61,10.97,5.7,0.00,-33.56,57.11,(連),3.57,,,,,
2026-08-20,9996,サトー商会,東S,"2,060",+16.0 (+0.78%) ,,,,,,,,,,,,,
2026-08-20,9997,ベルーナ,東P,"1,045",+13.0 (+1.26%) ,0.66,8.71,7.9,0.00,22.78,44.49,(連),3.64,,,,,
2026-08-21,1301,極洋,東P,"4,785",+55.0 (+1.16%) ,0.73,8.31,9.5,3.21,16.37,-7.61,(連),3.13,,,,,
2026-08-21,1305,ｉＦＴＯＰＩＸ（年１回決算型）,東ETF,"4,287",+9.0 (+0.21%) ,,,,,,,,,,,,,
2026-08-21,1306,ＮＦ　ＴＯＰＩＸ連動型上場投信,東ETF,424.1,+1.3 (+0.31%) ,,,,,,,,,,,,,
2026-08-21,1308,上場インデックスファンドＴＯＰ,東ETF,"4,184",+8.0 (+0.19%) ,,,,,,,,,,,,,
2026-08-21,1309,上海株指数・上証５０連動型上場,東ETF,"56,210","+1,720.0 (+3.16%) ",,,,,,,,,,,,,
2026-08-21,130A,Ｖｅｒｉｔａｓ　Ｉｎ　Ｓｉｌｉ,東G,448,+3.0 (+0.67%) ,,,,,,,,,,,,,
2026-08-21,1311,ＮＦ　ＴＯＰＩＸ　Ｃｏｒｅ３０,東ETF,"2,101",+1.0 (+0.05%) ,,,,,,,,,,,,,
2026-08-21,1319,ＮＦ日経３００株価指数連動型,東ETF,735,0.0 (0.00%) ,,,,,,,,,,,,,
2026-08-21,131A,ＣＣＮグループ,東PRO,--,-- (--%) ,,,,,,,,,,,,,
2026-08-21,1320,ｉＦ日経２２５（年１回決算型）,東ETF,"68,100",-170.0 (-0.25%) ,,,,,,,,,,,,,
2026-08-21,1321,ＮＦ日経２２５連動型上場投信,東ETF,"68,330",-220.0 (-0.32%) ,,,,,,,,,,,,,
2026-08-21,1322,中国Ａ株パンダＣＳＩ３００,東ETF,"11,700",+75.0 (+0.65%) ,,,,,,,,,,,,,
2026-08-21,1325,ＮＦボベスパ連動型上場投信,東ETF,272.5,+0.5 (+0.18%) ,,,,,,,,,,,,,
2026-08-21,1326,ＳＰＤＲゴールド・シェア,東ETF,"66,480","+1,130.0 (+1.73%) ",,,,,,,,,,,,,
2026-08-21,1328,ＮＦ金価格連動型上場投資信託,東ETF,"17,130",+275.0 (+1.63%) ,,,,,,,,,,,,,
2026-08-21,1329,ｉＳコア　日経２２５,東ETF,"6,842",-13.0 (-0.19%) ,,,,,,,,,,,,,
2026-08-21,132A,アイエヌＨＬＤＧ,東PRO,--,-- (--%) ,1.46,19.13,8.0,0.86,0.00,-47.53,(連),0.00,,,,,
2026-08-21,1330,上場インデックスファンド２２５,東ETF,"68,390",-230.0 (-0.34%) ,,,,,,,,,,,,,
2026-08-21,1332,ニッスイ,東P,"1,305",+3.0 (+0.23%) ,1.32,14.47,9.5,4.34,42.85,22.34,(連),2.45,97.64,1.61,0.77,9.31,6.35
2026-08-21,1333,Ｕｍｉｏｓ,東P,"1,311",+9.5 (+0.73%) ,0.8,8.93,9.3,2.82,27.37,-3.11,(連),3.41,,,,,
2026-08-21,133A,グローバルＸ　超短期米国債,東ETF,"1,077",+4.0 (+0.37%) ,,,,,,,,,,,,,
2026-08-21,1343,ＮＦ東証ＲＥＩＴ連動型投信,東ETF,"1,938",-11.0 (-0.56%) ,,,,,,,,,,,,,
2026-08-21,1345,上場Ｊリート隔月分配型,東ETF,"1,832",-12.0 (-0.65%) ,,,,,,,,,,,,,
2026-08-21,1346,ＭＡＸＩＳ　日経２２５上場投信,東ETF,"68,350",-130.0 (-0.19%) ,,,,,,,,,,,,,
2026-08-21,1348,ＭＡＸＩＳ　トピックス上場投信,東ETF,"4,222",+12.0 (+0.29%) ,,,,,,,,,,,,,
2026-08-21,1349,ＡＢＦ汎アジア債券,東ETF,--,-- (--%) ,,,,,,,,,,,,,
2026-08-21,134A,アプライズ,東PRO,--,-- (--%) ,2.07,8.29,28.5,3.48,0.00,"1,200.00",(単),0.00,,,,,
2026-08-21,1356,ＴＯＰＩＸベア２倍上場投信,東ETF,106.8,-0.3 (-0.28%) ,,,,,,,,,,,,,
2026-08-21,1357,ＮＦ日経平均ダブルインバース,東ETF,"2,757",+18.0 (+0.66%) ,,,,,,,,,,,,,
2026-08-21,1358,上場日経レバレッジ指数,東ETF,"131,900",-800.0 (-0.60%) ,,,,,,,,,,,,,
2026-08-21,135A,ＶＲＡＩＮ　Ｓｏｌｕｔｉｏｎ,東G,"4,390",+20.0 (+0.46%) ,21.58,68.65,37.2,27.88,0.00,53.28,(単),0.00,,,,,
2026-08-21,1360,日経平均ベア２倍上場投信,東ETF,67.7,+0.5 (+0.74%) ,,,,,,,,,,,,,
2026-08-21,1364,ｉシェアーズ　ＪＰＸ日経４００,東ETF,"3,761",+11.0 (+0.29%) ,,,,,,,,,,,,,
2026-08-21,1365,ｉＦ日経平均レバレッジ,東ETF,"4,259",-30.0 (-0.70%) ,,,,,,,,,,,,,
2026-08-21,1366,ｉＦ日経平均ダブルインバース,東ETF,69,0.0 (0.00%) ,,,,,,,,,,,,,
2026-08-21,1367,ｉＦＴＰＸレバレッジ（２倍）,東ETF,"3,055",+19.0 (+0.63%) ,,,,,,,,,,,,,
2026-08-21,1368,ｉＦＴＰＸダブルインバース,東ETF,156,+1.0 (+0.65%) ,,,,,,,,,,,,,
2026-08-21,1369,ＤＩＡＭ　ＥＴＦ　日経２２５,東ETF,"66,370",-100.0 (-0.15%) ,,,,,,,,,,,,,
2026-08-21,1375,ユキグニファクトリー,東P,"1,167",-3.0 (-0.26%) ,3.15,15.73,21.8,11.41,0.00,92.87,(連),1.97,,,,,
2026-08-21,1376,カネコ種苗,東S,"1,638",+2.0 (+0.12%) ,,,,,,,,,,,,,
2026-08-21,1377,サカタのタネ,東P,"4,525",+25.0 (+0.56%) ,,,,,,,,,241.80,-1.24,0.00,5.11,5.96
2026-08-21,1379,ホクト,東P,"2,112",+3.0 (+0.14%) ,,,,,,,,,,,,,
2026-08-21,137A,Ｃｏｃｏｌｉｖｅ,東G,710,0.0 (0.00%) ,2.03,14.39,15.5,13.61,0.00,-28.11,(単),0.00,,,,,
2026-08-21,1380,秋川牧園,東S,998,+1.0 (+0.10%) ,,,,,,,,,,,,,
2026-08-21,1381,アクシーズ,東S,"3,410",-5.0 (-0.15%) ,,,,,,,,,,,,,
2026-08-21,1382,ホーブ,東S,877,-8.0 (-0.90%) ,,,,,,,,,,,,,
2026-08-21,1383,ベルグアース,東S,"3,010",0.0 (0.00%) ,2.28,99.60,2.3,-0.44,0.00,-75.00,(連),0.33,,,,,
2026-08-21,1384,ホクリヨウ,東S,"2,213",-37.0 (-1.64%) ,1.07,4.85,24.4,21.49,0.00,152.17,(単),5.87,,,,,
2026-08-21,138A,光フードサービス,東G,"3,110",-35.0 (-1.11%) ,2.36,30.11,8.0,7.86,0.00,15.71,(単),1.29,,,,,
2026-08-21,1397,ＳＭＤＡＭ日経２２５,東ETF,"66,700",-250.0 (-0.37%) ,,,,,,,,,,,,,
2026-08-21,1398,ＳＭＤＡＭ東証ＲＥＩＴ指数,東ETF,"1,862.5",-10.0 (-0.53%) ,,,,,,,,,,,,,
2026-08-21,1399,上場ＭＳＣＩ日本株高配当低ボラ,東ETF,"3,217",+22.0 (+0.69%) ,,,,,,,,,,,,,
2026-08-21,139A,東日本地所,東PRO,--,-- (--%) ,1.52,6.72,25.3,6.49,0.00,3.26,(連),1.19,,,,,
2026-08-21,1401,エムビーエス,東G,"1,293",+11.0 (+0.86%) ,,,,,,,,,,,,,
2026-08-21,1407,ウエストＨＬＤＧ,東S,"2,845",+123.0 (+4.52%) ,3.11,21.06,15.4,18.3,0.00,-20.04,(連),2.28,192.80,0.33,12.56,-8.21,5.70
2026-08-21,140A,ｉＦ米国１０年国債先物インバ,東ETF,--,-- (--%) ,,,,,,,,,,,,,
2026-08-21,1414,ショーボンドＨＬＤＧ,東P,"1,258",+0.5 (+0.04%) ,,,,,,,,,76.46,33.28,-2.54,-5.57,0.21
2026-08-21,1417,ミライト・ワン,東P,"3,533",+14.0 (+0.40%) ,1.12,13.50,8.6,5.69,0.00,32.93,(連),2.41,291.32,1.07,1.90,14.93,5.08
2026-08-21,1418,インターライフＨＬＤＧ,東S,600,0.0 (0.00%) ,1.96,11.20,18.6,7.14,0.00,32.11,(連),5.00,,,,,
2026-08-21,1419,タマホーム,東P,"3,095",+95.0 (+3.17%) ,2.62,60.70,4.1,2.05,0.00,-70.58,(連),6.30,41.90,-4.02,7.59,-67.05,-10.66
2026-08-21,141A,トライアルＨＬＤＧ,東G,"3,920",-85.0 (-2.12%) ,,,,,,,,,87.31,0.23,0.53,18.29,33.97
2026-08-21,1420,サンヨーホームズ,東S,632,+2.0 (+0.32%) ,0.45,5.15,8.7,4.31,0.00,69.84,(連),3.96,,,,,
2026-08-21,1429,日本アクア,東P,786,-3.0 (-0.38%) ,,,,,,,,,,,,,
2026-08-21,142A,ジンジブ,東G,861,+40.0 (+4.87%) ,4.34,13.71,31.8,6.18,0.00,184.48,(単),0.00,,,,,
2026-08-21,1430,ファーストコーポレーション,東S,"1,038",+6.0 (+0.58%) ,,,,,,,,,,,,,
2026-08-21,1431,Ｌｉｂ　Ｗｏｒｋ,東G,648,+1.0 (+0.15%) ,3.2,30.58,10.7,5.2,0.00,42.81,(連),0.99,,,,,
2026-08-21,1432,動力,東PRO,--,-- (--%) ,,,,,,,,,,,,,
2026-08-21,1433,ベステラ,東P,"1,195",-5.0 (-0.42%) ,1.96,14.69,14.3,6.65,0.00,28.89,(連),3.35,,,,,
2026-08-21,1434,ＪＥＳＣＯ　ＨＬＤＧ,東S,"1,664",-26.0 (-1.54%) ,,,,,,,,,,,,,
2026-08-21,1435,ｒｏｂｏｔ　ｈｏｍｅ,東S,185,-2.0 (-1.07%) ,1.49,8.36,19.4,7.34,0.00,75.54,(連),1.08,,,,,
2026-08-21,1436,グリーンエナジー＆カンパニー,東G,"1,552",+5.0 (+0.32%) ,3.38,38.34,9.1,6.49,0.00,152.21,(連),0.32,,,,,
2026-08-21,1438,岐阜造園,東S,"2,322",-24.0 (-1.02%) ,1.82,19.58,9.7,8.58,0.00,20.66,(連),1.55,,,,,
2026-08-21,143A,イシン,東G,701,+2.0 (+0.29%) ,,,,,,,,,,,,,
2026-08-21,1443,技研ＨＬＤＧ,東S,276,+1.0 (+0.36%) ,0.35,7.30,5.1,14.99,0.00,15.84,(連),0.40,,,,,
2026-08-21,1444,ニッソウ,東G,"2,650",-5.0 (-0.19%) ,1.69,14.22,12.6,1.36,0.00,9.52,(連),0.00,,,,,
2026-08-21,1445,ひかりＨＬＤＧ,東PRO,--,-- (--%) ,,,,,,,,,,,,,
2026-08-21,1446,キャンディル,東S,544,+1.0 (+0.18%) ,1.7,25.62,6.8,3.03,0.00,19.14,(連),1.47,,,,,
2026-08-21,1447,ＳＡＡＦＨＬＤＧ,東G,398,+2.0 (+0.51%) ,,,,,,,,,,,,,
2026-08-21,144A,エネルギーパワー,東PRO,--,-- (--%) ,4.34,6.72,96.2,11.66,0.00,686.32,(単),0.00,,,,,
2026-08-21,1450,ＴＡＮＡＫＥＮ,東S,"1,457",-2.0 (-0.14%) ,1.36,8.44,17.1,14.74,0.00,-5.55,(単),3.77,,,,,
2026-08-21,1452,横浜ライト工業,東PRO,--,-- (--%) ,,,,,,,,,,,,,
2026-08-21,1456,ｉＦ日経平均インバース,東ETF,"1,261",+4.0 (+0.32%) ,,,,,,,,,,,,,
2026-08-21,1457,ｉＦＴＯＰＩＸインバース,東ETF,"1,774",-4.0 (-0.22%) ,,,,,,,,,,,,,
2026-08-21,1458,楽天ＥＴＦ日経レバレッジ指数,東ETF,"82,480",-470.0 (-0.57%) ,,,,,,,,,,,,,
2026-08-21,1459,楽天ＥＴＦ日経ダブルインバース,東ETF,112,+2.0 (+1.82%) ,,,,,,,,,,,,,
2026-08-21,145A,Ｌ　ｉｓ　Ｂ,東G,889,-17.0 (-1.88%) ,2.47,32.82,7.8,7.92,0.00,716.67,(連),0.00,,,,,
2026-08-21,1466,ｉＦＪＰＸ４００ダブルインバ,東ETF,197,-4.0 (-1.99%) ,,,,,,,,,,,,,
2026-08-21,1469,ＪＰＸ日経４００ベア２倍,東ETF,186.1,-0.6 (-0.32%) ,,,,,,,,,,,,,
2026-08-21,146A,コロンビア・ワークス,東S,"3,770",-60.0 (-1.57%) ,1.67,7.59,23.5,16.25,0.00,45.58,(連),2.07,,,,,
2026-08-21,1472,ＮＦ　ＪＰＸ４００ダブルインバ,東ETF,77,-1.0 (-1.28%) ,,,,,,,,,,,,,
2026-08-21,1473,ＤＩＡＭ　ＥＴＦ　トピックス,東ETF,"4,143",-7.0 (-0.17%) ,,,,,,,,,,,,,
2026-08-21,1474,ＤＩＡＭ　ＪＰＸ日経４００,東ETF,"37,090",+80.0 (+0.22%) ,,,,,,,,,,,,,
2026-08-21,1475,ｉＳコア　ＴＯＰＩＸ,東ETF,418,+1.0 (+0.24%) ,,,,,,,,,,,,,
2026-08-21,1476,ｉＳコア　Ｊリート,東ETF,"1,855",-7.0 (-0.38%) ,,,,,,,,,,,,,
2026-08-21,1477,ｉシェアーズＭＳＣＩ最小分散,東ETF,"3,359",+25.0 (+0.75%) ,,,,,,,,,,,,,
2026-08-21,1478,ｉシェアーズＭＳＣＩ高配当,東ETF,"5,311",+52.0 (+0.99%) ,,,,,,,,,,,,,
2026-08-21,1479,ｉＦＭＳＣＩ日本株人材設備,東ETF,--,-- (--%) ,,,,,,,,,,,,,
2026-08-21,147A,ソラコム,東G,"1,049",-11.0 (-1.04%) ,4.22,75.25,6.0,7.01,39.99,38.45,(連),0.00,,,,,
2026-08-21,1480,ＮＦ野村企業価値分配指数連動型,東ETF,"40,000",0.0 (0.00%) ,,,,,,,,,,,,,
2026-08-21,1481,上場日本経済貢献株,東ETF,"3,871",+6.0 (+0.16%) ,,,,,,,,,,,,,
2026-08-21,1482,ｉＳ米国債７―１０年円ヘッジ,東ETF,"1,540",-5.0 (-0.32%) ,,,,,,,,,,,,,
2026-08-21,1483,ｉＳ　ＪＰＸ／Ｓ＆Ｐ設備・人材,東ETF,--,-- (--%) ,,,,,,,,,,,,,
2026-08-21,1484,Ｏｎｅ設備人材投資,東ETF,"3,840",+18.0 (+0.47%) ,,,,,,,,,,,,,
2026-08-21,1485,ＭＸＳ積極投資企業２００上場,東ETF,--,-- (--%) ,,,,,,,,,,,,,
2026-08-21,1486,上場米国債券（為替ヘッジなし）,東ETF,"23,625",-40.0 (-0.17%) ,,,,,,,,,,,,,
2026-08-21,1487,上場米国債券（為替ヘッジあり）,東ETF,"11,770",-45.0 (-0.38%) ,,,,,,,,,,,,,
2026-08-21,1488,ＩＦ上場投信―東証ＲＥＩＴ,東ETF,"1,875",-11.0 (-0.58%) ,,,,,,,,,,,,,
2026-08-21,1489,ＮＦ日経平均高配当株５０指数,東ETF,"3,550",+41.0 (+1.17%) ,,,,,,,,,,,,,
2026-08-21,148A,ハッチ・ワーク,東G,"1,722",-13.0 (-0.75%) ,,,,,,,,,,,,,
2026-08-21,1490,上場ＭＳＣＩベータヘッジ,東ETF,--,-- (--%) ,,,,,,,,,,,,,
2026-08-21,1491,中外鉱業,東S,712,+5.0 (+0.71%) ,1.09,6.77,17.3,0.87,0.00,84.89,(連),4.78,,,,,
2026-08-21,1493,Ｏｎｅ　ＪＰＸ日経中小型,東ETF,"25,720",-10.0 (-0.04%) ,,,,,,,,,,,,,
2026-08-21,1494,Ｏｎｅ高配当日本株,東ETF,"43,950",+250.0 (+0.57%) ,,,,,,,,,,,,,
2026-08-21,1495,上場アジアリート,東ETF,"11,490",+20.0 (+0.17%) ,,,,,,,,,,,,,
2026-08-21,1496,ｉＳ米ドルＩＧ社債ヘッジ,東ETF,"1,629",-6.0 (-0.37%) ,,,,,,,,,,,,,
2026-08-21,1497,ｉＳ米ドルＨＹ社債ヘッジ,東ETF,"1,731",-4.0 (-0.23%) ,,,,,,,,,,,,,
2026-08-21,1498,Ｏｎｅ　ＥＴＦ　ＥＳＧ,東ETF,"32,360",+20.0 (+0.06%) ,,,,,,,,,,,,,
2026-08-21,1499,ＭＸＳ日本株高配当７０ＭＮ,東ETF,"9,076",+5.0 (+0.06%) ,,,,,,,,,,,,,
2026-08-21,149A,シンカ,東G,772,+2.0 (+0.26%) ,2.36,57.27,4.2,4.1,0.00,29.17,(単),0.00,,,,,
2026-08-21,150A,ＪＳＨ,東G,746,-55.0 (-6.87%) ,,,,,,,,,,,,,
2026-08-21,1514,住石ＨＬＤＧ,東S,706,+29.0 (+4.28%) ,,,,,,,,,,,,,
2026-08-21,1515,日鉄鉱業,東P,"3,625",+105.0 (+2.98%) ,1.81,20.32,9.4,8.98,26.24,76.80,(連),1.97,,,,,
2026-08-21,1518,三井松島ＨＬＤＧ,東P,"2,283",+42.0 (+1.87%) ,1.57,15.39,11.1,14.62,23.93,17.71,(連),2.80,,,,,
2026-08-21,151A,ダイブグループ,東G,644,+10.0 (+1.58%) ,,,,,,,,,,,,,
2026-08-21,152A,オプティ,東PRO,--,-- (--%) ,,,,,,,,,,,,,
2026-08-21,153A,カウリス,東G,"1,324",-23.0 (-1.71%) ,5.22,30.86,18.6,29.13,0.00,5.41,(単),0.36,,,,,
2026-08-21,1540,純金上場信託,東ETF,"21,815",+355.0 (+1.65%) ,,,,,,,,,,,,,
2026-08-21,1541,純プラチナ上場信託,東ETF,"8,720",+380.0 (+4.56%) ,,,,,,,,,,,,,
2026-08-21,1542,純銀上場信託,東ETF,"32,470","+1,370.0 (+4.41%) ",,,,,,,,,,,,,
2026-08-21,1543,純パラジウム上場信託,東ETF,"61,830","+1,160.0 (+1.91%) ",,,,,,,,,,,,,
2026-08-21,1545,ＮＦ　ＮＡＳＤＡＱ―１００ヘな,東ETF,235.7,-1.3 (-0.55%) ,,,,,,,,,,,,,
2026-08-21,1546,ＮＦダウ・ジョーンズ工業株３０,東ETF,"81,550",-800.0 (-0.97%) ,,,,,,,,,,,,,
2026-08-21,1547,上場米国株式Ｓ＆Ｐ５００,東ETF,"13,340",+50.0 (+0.38%) ,,,,,,,,,,,,,
2026-08-21,154A,ＧＡＩＡ,東PRO,--,-- (--%) ,,,,,,,,,,,,,
2026-08-21,1550,ＭＸＳ外株（ＭＳＣＩコクサイ）,東ETF,"8,146",-32.0 (-0.39%) ,,,,,,,,,,,,,
2026-08-21,1551,東証スタンダードＴＯＰ２０,東ETF,"7,121",0.0 (0.00%) ,,,,,,,,,,,,,
2026-08-21,1553,ＭＡＸＩＳ　Ｓ＆Ｐ東海上場投信,名ETF,--,-- (--%) ,,,,,,,,,,,,,
2026-08-21,1554,上場ＭＳＣＩ世界株式除く日本,東ETF,"6,871",-23.0 (-0.33%) ,,,,,,,,,,,,,
2026-08-21,1555,上場豪州リート,東ETF,"2,427",-51.0 (-2.06%) ,,,,,,,,,,,,,
2026-08-21,1557,ＳＳ　Ｓ＆Ｐ　５００　ＥＴＦ,東ETF,"121,450",-750.0 (-0.61%) ,,,,,,,,,,,,,
2026-08-21,1559,ＮＦタイ株式ＳＥＴ５０指数,東ETF,"4,805",-14.0 (-0.29%) ,,,,,,,,,,,,,
2026-08-21,155A,情報戦略テクノロジー,東G,820,+3.0 (+0.37%) ,4.83,27.74,17.4,6.9,0.00,34.34,(連),0.00,,,,,
2026-08-21,1560,ＮＦ　ＦＴＳＥブルサＫＬＣＩ,東ETF,"6,525",+26.0 (+0.40%) ,,,,,,,,,,,,,
2026-08-21,1563,東証グロース・コアＥＴＦ,東ETF,"2,471",-32.0 (-1.28%) ,,,,,,,,,,,,,
2026-08-21,1566,上場新興国債券,東ETF,"54,150",+130.0 (+0.24%) ,,,,,,,,,,,,,
2026-08-21,1568,ＴＯＰＩＸブル２倍上場投信,東ETF,988.1,+3.4 (+0.35%) ,,,,,,,,,,,,,
2026-08-21,1569,ＴＯＰＩＸベア上場投信,東ETF,740.5,-2.5 (-0.34%) ,,,,,,,,,,,,,
2026-08-21,156A,マテリアルグループ,東G,854,0.0 (0.00%) ,3.81,17.67,22.4,13.23,0.00,-1.31,(連),3.04,,,,,
2026-08-21,1570,ＮＦ日経レバ連動型上場投信,東ETF,"69,060",-450.0 (-0.65%) ,,,,,,,,,,,,,
2026-08-21,1571,ＮＦ日経インバ連動型上場投信,東ETF,296,+1.0 (+0.34%) ,,,,,,,,,,,,,
2026-08-21,1572,中国Ｈ株ブル２倍上場投信,東ETF,"7,330",+48.0 (+0.66%) ,,,,,,,,,,,,,
2026-08-21,1573,中国Ｈ株ベア上場投信,東ETF,"8,107",-30.0 (-0.37%) ,,,,,,,,,,,,,
2026-08-21,1577,ＮＦ野村日本株高配当７０連動型,東ETF,"59,440",+530.0 (+0.90%) ,,,,,,,,,,,,,
2026-08-21,1578,上場日経２２５（ミニ）,東ETF,"5,266",-16.0 (-0.30%) ,,,,,,,,,,,,,
2026-08-21,1579,日経平均ブル２倍上場投信,東ETF,746.5,-5.5 (-0.73%) ,,,,,,,,,,,,,
2026-08-21,157A,グリーンモンスター,東G,731,-9.0 (-1.22%) ,,,,,,,,,,,,,
2026-08-21,1580,日経平均ベア上場投信,東ETF,785.8,+1.8 (+0.23%) ,,,,,,,,,,,,,
2026-08-21,1585,ｉＦＴＰＸ　Ｅｘ−Ｆｉｎ,東ETF,"2,650",+2.5 (+0.09%) ,,,,,,,,,,,,,
2026-08-21,1586,上場ＴＯＰＩＸ　Ｅｘ−Ｆｉｎ,東ETF,"3,083",+3.0 (+0.10%) ,,,,,,,,,,,,,
2026-08-21,158A,エクセリ,東PRO,--,-- (--%) ,,,,,,,,,,,,,
2026-08-21,1591,ＮＦ　ＪＰＸ日経４００連動型,東ETF,"36,960",+180.0 (+0.49%) ,,,,,,,,,,,,,
2026-08-21,1592,上場ＪＰＸ日経４００,東ETF,"3,370",-1.0 (-0.03%) ,,,,,,,,,,,,,
2026-08-21,1593,ＭＡＸＩＳ　ＪＰＸ日経４００,東ETF,"37,850",+220.0 (+0.58%) ,,,,,,,,,,,,,
2026-08-21,1595,ＮＺＡＭ東証ＲＥＩＴ指数,東ETF,"1,849",-5.0 (-0.27%) ,,,,,,,,,,,,,
2026-08-21,1596,ＮＺＡＭ　ＴＯＰＩＸ　Ｅｘ−Ｆ,東ETF,--,-- (--%) ,,,,,,,,,,,,,
2026-08-21,1597,ＭＡＸＩＳ　Ｊリート上場投信,東ETF,"1,864",-13.0 (-0.69%) ,,,,,,,,,,,,,
2026-08-21,1599,ｉＦ　ＪＰＸ日経４００,東ETF,--,-- (--%) ,,,,,,,,,,,,,
2026-08-21,159A,ＮＦ　ＪＰＸプライム１５０,東ETF,728.2,+0.7 (+0.10%) ,,,,,,,,,,,,,
2026-08-21,1605,ＩＮＰＥＸ,東P,"3,954",+85.0 (+2.20%) ,0.97,11.95,8.2,56.45,68.88,-9.65,(連),2.53,392.10,0.53,1.26,33.89,-1.10
2026-08-21,160A,アズパートナーズ,東S,"2,022",-5.0 (-0.25%) ,1.4,6.11,25.4,6.44,0.00,19.70,(単),3.46,368.00,0.49,5.88,5.88,24.34
2026-08-21,1615,ＮＦ銀行業指数投信,東ETF,738.5,+9.0 (+1.23%) ,,,,,,,,,,,,,
2026-08-21,1617,ＮＦ食品ＴＰＸ１７,東ETF,"49,330",+500.0 (+1.02%) ,,,,,,,,,,,,,
2026-08-21,1618,ＮＦエネルギー資源ＴＰＸ１７,東ETF,"35,470",+800.0 (+2.31%) ,,,,,,,,,,,,,
2026-08-21,1619,ＮＦ建設・資材ＴＰＸ１７,東ETF,"44,780",-320.0 (-0.71%) ,,,,,,,,,,,,,
2026-08-21,161A,三葉,東PRO,--,-- (--%) ,7.87,58.84,14.2,0.18,0.00,-62.34,(連),0.00,,,,,
2026-08-21,1620,ＮＦ素材・化学ＴＰＸ１７,東ETF,"37,200",-10.0 (-0.03%) ,,,,,,,,,,,,,
2026-08-21,1621,ＮＦ医薬品ＴＰＸ１７,東ETF,"30,840",-460.0 (-1.47%) ,,,,,,,,,,,,,
2026-08-21,1622,ＮＦ自動車・輸送機ＴＰＸ１７,東ETF,"35,670",+80.0 (+0.22%) ,,,,,,,,,,,,,
2026-08-21,1623,ＮＦ鉄鋼・非鉄ＴＰＸ１７,東ETF,"64,930",-470.0 (-0.72%) ,,,,,,,,,,,,,
2026-08-21,1624,ＮＦ機械ＴＰＸ１７,東ETF,"84,240","-2,630.0 (-3.03%) ",,,,,,,,,,,,,
2026-08-21,1625,ＮＦ電機・精密ＴＰＸ１７,東ETF,"64,020",-60.0 (-0.09%) ,,,,,,,,,,,,,
2026-08-21,1626,ＮＦ情報通信サービスＴＰＸ１７,東ETF,"47,220",-630.0 (-1.32%) ,,,,,,,,,,,,,
2026-08-21,1627,ＮＦ電力・ガスＴＰＸ１７,東ETF,"12,010",+205.0 (+1.74%) ,,,,,,,,,,,,,
2026-08-21,1628,ＮＦ運輸・物流ＴＰＸ１７,東ETF,"22,230",+470.0 (+2.16%) ,,,,,,,,,,,,,
2026-08-21,1629,ＮＦ商社・卸売ＴＰＸ１７,東ETF,266.3,+5.1 (+1.95%) ,,,,,,,,,,,,,
2026-08-21,162A,ＡＩセレクトメガトレンドＥＴＮ,東ETF,"16,995",-45.0 (-0.26%) ,,,,,,,,,,,,,
2026-08-21,1630,ＮＦ小売ＴＰＸ１７,東ETF,"38,080",-360.0 (-0.94%) ,,,,,,,,,,,,,
2026-08-21,1631,ＮＦ銀行ＴＰＸ１７,東ETF,"39,880",+480.0 (+1.22%) ,,,,,,,,,,,,,
2026-08-21,1632,ＮＦ金融（除く銀行）ＴＰＸ１７,東ETF,"41,860",+730.0 (+1.77%) ,,,,,,,,,,,,,
2026-08-21,1633,ＮＦ不動産ＴＰＸ１７,東ETF,"49,200",+50.0 (+0.10%) ,,,,,,,,,,,,,
2026-08-21,163A,半導体フォーカス日本株ＥＴＮ,東ETF,"19,360",+30.0 (+0.16%) ,,,,,,,,,,,,,
2026-08-21,164A,アップルパーク,東PRO,--,-- (--%) ,,,,,,,,,,,,,
2026-08-21,1651,ｉＦ　ＴＯＰＩＸ高配当４０,東ETF,"3,245",+32.0 (+1.00%) ,,,,,,,,,,,,,
2026-08-21,1652,ｉＦ　ＭＳＣＩ日本株女性活躍,東ETF,--,-- (--%) ,,,,,,,,,,,,,
2026-08-21,1653,ｉＦ　ＭＳＣＩＥＳＧセレクト,東ETF,"5,071",-39.0 (-0.76%) ,,,,,,,,,,,,,
2026-08-21,1654,ｉＦ　ＦＴＳＥＪＰＸブロッサム,東ETF,--,-- (--%) ,,,,,,,,,,,,,
2026-08-21,1655,ｉＳ　Ｓ＆Ｐ５００米国株,東ETF,876.1,-4.8 (-0.54%) ,,,,,,,,,,,,,
2026-08-21,1656,ｉＳコア米国債７―１０年,東ETF,309.9,-0.2 (-0.06%) ,,,,,,,,,,,,,
2026-08-21,1657,ｉＳコアＭＳＣＩ先進国株,東ETF,"7,316",-39.0 (-0.53%) ,,,,,,,,,,,,,
2026-08-21,1658,ｉＳコアＭＳＣＩ新興国株,東ETF,"4,400",+85.0 (+1.97%) ,,,,,,,,,,,,,
2026-08-21,1659,ｉＳ米国リート,東ETF,"3,956",+24.0 (+0.61%) ,,,,,,,,,,,,,
2026-08-21,1660,ＭＸＳ高利回りＪリート,東ETF,"10,530",-25.0 (-0.24%) ,,,,,,,,,,,,,
2026-08-21,1662,石油資源開発,東P,"1,877",+33.0 (+1.79%) ,0.77,8.99,9.2,11.43,27.09,-4.15,(連),3.46,286.65,0.17,-8.03,104.91,-0.18
2026-08-21,1663,Ｋ＆Ｏエナジーグループ,東P,"1,927",-1.0 (-0.05%) ,0.98,12.27,8.3,11.6,0.00,19.01,(連),1.40,,,,,
2026-08-21,166A,タスキＨＬＤＧ,東P,"1,149",-8.0 (-0.69%) ,2.22,12.63,18.5,11.85,0.00,119.33,(連),3.13,,,,,
2026-08-21,1671,ＷＴＩ原油価格連動型上場投信,東ETF,"5,457",+110.0 (+2.06%) ,,,,,,,,,,,,,
2026-08-21,1672,ＷＴ　金,東ETF,"67,020",+860.0 (+1.30%) ,,,,,,,,,,,,,
2026-08-21,1673,ＷＴ　銀,東ETF,"9,943",+303.0 (+3.14%) ,,,,,,,,,,,,,
2026-08-21,1674,ＷＴ　白金,東ETF,"26,945","+1,025.0 (+3.95%) ",,,,,,,,,,,,,
2026-08-21,1675,ＷＴ　パラジウム,東ETF,"19,555",+370.0 (+1.93%) ,,,,,,,,,,,,,
2026-08-21,1676,ＷＴ　貴金属バスケット,東ETF,"44,000",-110.0 (-0.25%) ,,,,,,,,,,,,,
2026-08-21,1677,上場インデックスファンド外債,東ETF,"60,060",+210.0 (+0.35%) ,,,,,,,,,,,,,
2026-08-21,1678,ＮＦインドＮＩＦＴＹ５０,東ETF,310,+0.1 (+0.03%) ,,,,,,,,,,,,,
2026-08-21,1679,ＮＹダウ・インデックス上場投信,東ETF,--,-- (--%) ,,,,,,,,,,,,,
2026-08-21,167A,リョーサン菱洋ＨＬＤＧ,東P,"3,110",+20.0 (+0.65%) ,0.91,16.76,5.5,2.81,44.92,25.19,(連),4.50,,,,,
2026-08-21,1680,上場ＭＳＣＩ―ＫＯＫＵＳＡＩ,東ETF,"8,398",-7.0 (-0.08%) ,,,,,,,,,,,,,
2026-08-21,1681,上場ＭＳＣＩ　エマージング,東ETF,"3,410",+40.0 (+1.19%) ,,,,,,,,,,,,,
2026-08-21,1684,ＷＴ　ブロード,東ETF,"2,639",0.0 (0.00%) ,,,,,,,,,,,,,
2026-08-21,1685,ＷＴ　エネルギー,東ETF,859,+19.0 (+2.26%) ,,,,,,,,,,,,,
2026-08-21,1686,ＷＴ　産業用金属,東ETF,"3,045",-23.0 (-0.75%) ,,,,,,,,,,,,,
2026-08-21,1687,ＷＴ　農産物,東ETF,"1,085",+6.0 (+0.56%) ,,,,,,,,,,,,,
2026-08-21,1688,ＷＴ　穀物,東ETF,594.5,-4.8 (-0.80%) ,,,,,,,,,,,,,
2026-08-21,1689,ＷＴ　天然ガス,東ETF,717,-4.0 (-0.55%) ,,,,,,,,,,,,,
2026-08-21,168A,イタミアート,東G,"1,065",-5.0 (-0.47%) ,,,,,,,,,,,,,
2026-08-21,1690,ＷＴ　ＷＴＩ　原油,東ETF,"2,459",+14.0 (+0.57%) ,,,,,,,,,,,,,
2026-08-21,1691,ＷＴ　ガソリン,東ETF,"14,740",-105.0 (-0.71%) ,,,,,,,,,,,,,
2026-08-21,1692,ＷＴ　アルミニウム,東ETF,680,-12.0 (-1.73%) ,,,,,,,,,,,,,
2026-08-21,1693,ＷＴ　銅,東ETF,"8,972",+113.0 (+1.28%) ,,,,,,,,,,,,,
2026-08-21,1694,ＷＴ　ニッケル,東ETF,"2,384",0.0 (0.00%) ,,,,,,,,,,,,,
2026-08-21,1695,ＷＴ　小麦,東ETF,"3,507",+20.0 (+0.57%) ,,,,,,,,,,,,,
2026-08-21,1696,ＷＴ　とうもろこし,東ETF,"3,084",+7.0 (+0.23%) ,,,,,,,,,,,,,
2026-08-21,1697,ＷＴ　大豆,東ETF,"4,693",-47.0 (-0.99%) ,,,,,,,,,,,,,
2026-08-21,1698,上場東証配当フォーカス１００,東ETF,"4,368",+29.0 (+0.67%) ,,,,,,,,,,,,,
2026-08-21,1699,ＮＦ原油インデックス連動型上場,東ETF,654.2,+12.0 (+1.87%) ,,,,,,,,,,,,,
2026-08-21,170A,ＳＭＴ日本好配当株アクティブ,東ETF,"3,083",+53.0 (+1.75%) ,,,,,,,,,,,,,
2026-08-21,1711,ＳＤＳＨＬＤＧ,東S,241,-2.0 (-0.82%) ,,,,,,,,,,,,,
2026-08-21,1716,第一カッター興業,東S,"1,435",-9.0 (-0.62%) ,,,,,,,,,,,,,
2026-08-21,1717,明豊ファシリティワークス,東S,956,0.0 (0.00%) ,,,,,,,,,85.00,1.77,-6.67,-6.67,6.63
2026-08-21,1718,美樹工業,東S,"6,780",-10.0 (-0.15%) ,0.43,4.71,9.5,7.14,0.00,121.65,(連),5.16,,,,,
2026-08-21,1719,安藤・間,東P,"1,888.5",+2.5 (+0.13%) ,1.42,9.96,15.7,7.65,6.48,-2.34,(連),4.24,161.95,-0.80,3.07,17.89,5.59
2026-08-21,171A,ゼロジャパン,東PRO,--,-- (--%) ,2.61,18.03,14.4,5.64,0.00,-33.09,(連),0.00,,,,,
2026-08-21,1720,東急建設,東P,"1,143",-5.0 (-0.44%) ,1.09,9.06,12.6,4.78,0.00,80.93,(連),3.50,125.60,-19.88,1.31,44.40,10.05
2026-08-21,1721,コムシスＨＬＤＧ,東P,"5,257",0.0 (0.00%) ,1.52,16.87,9.4,8.07,0.00,11.82,(連),2.47,333.85,2.21,1.42,15.79,4.65
2026-08-21,1723,日本電技,東S,"2,071",+11.0 (+0.53%) ,2.82,15.63,19.6,25.49,0.00,30.29,(連),1.93,,,,,
2026-08-21,1724,シンクレイヤ,東S,716,+10.0 (+1.42%) ,0.53,13.75,3.9,3.35,0.00,-49.12,(連),3.91,,,,,
2026-08-21,172A,ネオホーム,東PRO,--,-- (--%) ,1.64,43.93,3.8,1.76,0.00,-38.46,(単),0.00,,,,,
2026-08-21,1736,オーテック,東S,"2,369",+11.0 (+0.47%) ,1.38,10.12,14.8,15.08,0.00,26.91,(連),3.46,,,,,
2026-08-21,1738,ＮＩＴＴＯＨ,名M,575,-2.0 (-0.35%) ,,,,,,,,,,,,,
2026-08-21,173A,ハンモック,東G,"1,574",+33.0 (+2.14%) ,2.07,9.66,23.1,17.06,0.00,4.71,(単),2.54,,,,,
2026-08-21,1758,太洋基礎工業,東S,"2,437",+7.0 (+0.29%) ,0.51,10.50,5.0,3.8,0.00,152.46,(単),2.46,,,,,
2026-08-21,175A,Ｗｉｌｌ　Ｓｍａｒｔ,東G,620,-1.0 (-0.16%) ,,,,,,,,,,,,,
2026-08-21,1762,高松コンストラクショングループ,東P,"4,000",+50.0 (+1.27%) ,0.95,12.19,8.0,5.0,0.00,64.91,(連),3.25,366.20,0.93,6.22,30.57,6.61
2026-08-21,1764,工藤建設,東S,"2,711",+5.0 (+0.18%) ,,,,,,,,,,,,,
2026-08-21,1766,東建コーポレーション,東P,"13,500",+70.0 (+0.52%) ,1.29,10.90,12.9,5.79,0.00,2.99,(連),2.67,"1,531.40",0.37,2.04,2.04,5.75
2026-08-21,1768,ソネック,東S,"1,020",0.0 (0.00%) ,,,,,,,,,,,,,
2026-08-21,1770,藤田エンジニアリング,東S,"2,092",-3.0 (-0.14%) ,,,,,,,,,,,,,
2026-08-21,1773,ワイ・ティー・エル,東P,95,+1.0 (+1.06%) ,,,,,,,,,,,,,
2026-08-21,1777,川崎設備工業,名M,"2,327",-17.0 (-0.73%) ,1.7,7.56,24.8,13.02,0.00,82.44,(単),4.08,,,,,
2026-08-21,177A,コージンバイオ,東G,846,-10.0 (-1.17%) ,0.73,17.23,4.3,6.9,19.75,-68.08,(連),1.18,,,,,
2026-08-21,1780,ヤマウラ,東P,"1,478",+5.0 (+0.34%) ,1.07,8.84,12.8,10.51,0.00,15.07,(連),2.03,,,,,
2026-08-21,1783,ｆａｎｔａｓｉｓｔａ,東S,50,+1.0 (+2.04%) ,,,,,,,,,,,,,
2026-08-21,1786,オリエンタル白石,東P,359,+1.0 (+0.28%) ,0.87,13.71,6.5,7.75,0.00,-0.31,(連),4.04,26.10,-44.89,-8.62,-13.11,7.79
2026-08-21,1787,ナカボーテック,東S,"5,920",0.0 (0.00%) ,,,,,,,,,,,,,
2026-08-21,1788,三東工業社,東S,--,-- (--%) ,,,,,,,,,,,,,
2026-08-21,178A,ＧＸ　革新的優良企業,東ETF,"1,662",-13.0 (-0.78%) ,,,,,,,,,,,,,
2026-08-21,1793,大本組,東S,"2,035",+14.0 (+0.69%) ,,,,,,,,,,,,,
2026-08-21,1795,マサル,東S,--,-- (--%) ,0.94,12.24,7.9,5.99,0.00,56.29,(連),2.87,,,,,
2026-08-21,1798,守谷商会,東S,"1,009",0.0 (0.00%) ,,,,,,,,,,,,,
2026-08-21,1799,第一建設工業,東S,"3,270",-5.0 (-0.15%) ,,,,,,,,,,,,,
2026-08-21,179A,ＧＸ　超長期米国債　有,東ETF,240.1,-4.7 (-1.92%) ,,,,,,,,,,,,,
2026-08-21,1801,大成建設,東P,"12,355",-200.0 (-1.59%) ,2.12,12.05,18.7,9.0,0.00,45.55,(連),2.51,992.30,-3.90,-3.09,38.57,6.00
2026-08-21,1802,大林組,東P,"2,941.5",-35.5 (-1.19%) ,1.61,11.79,14.4,7.53,32.86,33.13,(連),2.99,230.80,-1.73,-0.65,27.91,5.30
2026-08-21,1803,清水建設,東P,"2,336.5",-5.5 (-0.23%) ,1.62,12.52,13.8,5.77,0.00,70.69,(連),3.08,218.43,0.63,3.13,63.53,8.58
2026-08-21,1807,佐藤渡辺,東S,"1,886",0.0 (0.00%) ,,,,,,,,,,,,,
2026-08-21,1808,長谷工コーポレーション,東P,"2,856.5",+58.5 (+2.09%) ,1.34,13.97,10.0,7.76,0.00,12.76,(連),3.33,256.26,0.43,0.21,12.86,8.21
2026-08-21,180A,ＧＸ　 超長期米国債,東ETF,280.9,-4.6 (-1.61%) ,,,,,,,,,,,,,
2026-08-21,1810,松井建設,東S,"1,491",+5.0 (+0.34%) ,0.75,9.82,8.1,5.89,0.00,62.14,(連),5.23,,,,,
2026-08-21,1811,錢高組,東S,"7,870",-70.0 (-0.88%) ,0.49,13.25,4.0,3.75,0.00,25.79,(連),1.52,,,,,
2026-08-21,1812,鹿島建設,東P,"4,747",-94.0 (-1.94%) ,1.56,12.50,13.3,7.85,35.70,49.64,(連),3.08,397.14,2.67,-1.10,17.55,0.74
2026-08-21,1813,不動テトラ,東P,"2,821",-12.0 (-0.42%) ,,,,,,,,,,,,,
2026-08-21,1814,大末建設,東P,"3,565",-30.0 (-0.83%) ,,,,,,,,,,,,,
2026-08-21,1815,鉄建建設,東P,"4,355",+15.0 (+0.35%) ,0.77,12.06,6.8,3.13,2.43,94.08,(連),3.90,,,,,
2026-08-21,181A,ＭＸＳ米国国債１−３ヘッジなし,東ETF,532,+1.9 (+0.36%) ,,,,,,,,,,,,,
2026-08-21,1820,西松建設,東P,"5,485",+3.0 (+0.05%) ,1.11,9.00,13.1,7.08,8.09,35.40,(連),4.19,516.48,-0.70,0.86,-2.27,8.53
2026-08-21,1822,大豊建設,東S,807,-3.0 (-0.37%) ,0.94,15.63,6.2,4.93,0.00,40.89,(連),4.21,,,,,
2026-08-21,1826,佐田建設,東S,"1,090",+9.0 (+0.83%) ,1.16,15.23,7.2,4.82,0.00,77.38,(連),5.50,,,,,
2026-08-21,1827,ナカノフドー建設,東S,"1,287",-5.0 (-0.39%) ,0.89,10.09,9.5,3.89,44.22,61.01,(連),2.95,,,,,
2026-08-21,1828,田辺工業,東S,"2,315",+9.0 (+0.39%) ,0.87,7.04,13.0,9.11,0.00,23.12,(連),4.32,,,,,
2026-08-21,182A,ＭＸＳ米国国債２０年超ヘッジ無,東ETF,485.2,-4.1 (-0.84%) ,,,,,,,,,,,,,
2026-08-21,1833,奥村組,東P,"5,730",+60.0 (+1.06%) ,1.04,11.20,9.8,5.18,0.00,183.59,(連),5.18,,,,,
2026-08-21,1835,東鉄工業,東P,"3,950",-20.0 (-0.50%) ,,,,,,,,,394.90,1.71,1.31,6.91,2.42
2026-08-21,183A,ＭＸＳ米国国債２０年超ヘッジ有,東ETF,428.3,-3.1 (-0.72%) ,,,,,,,,,,,,,
2026-08-21,1840,土屋ＨＬＤＧ,東S,250,+1.0 (+0.40%) ,,,,,,,,,,,,,
2026-08-21,1844,大盛工業,東S,476,-4.0 (-0.83%) ,1.49,17.12,9.1,12.18,0.00,27.56,(連),2.42,,,,,
2026-08-21,1847,イチケン,東S,"3,340",+5.0 (+0.15%) ,,,,,,,,,,,,,
2026-08-21,1848,富士ピー・エス,東S,703,+5.0 (+0.72%) ,,,,,,,,,,,,,
2026-08-21,184A,学びエイド,東G,316,-3.0 (-0.94%) ,,,,,,,,,,,,,
2026-08-21,1850,南海辰村建設,東S,420,+3.0 (+0.72%) ,0.61,5.78,11.3,6.21,0.00,19.60,(連),1.90,,,,,
2026-08-21,1852,淺沼組,東P,933,-7.0 (-0.74%) ,1.51,14.52,10.9,4.11,0.00,7.69,(連),4.82,,,,,
2026-08-21,1853,森組,東S,333,+2.0 (+0.60%) ,0.7,11.77,6.1,4.76,0.00,25.62,(単),4.20,,,,,
2026-08-21,185A,リサイクルテック・ジャパン,東PRO,--,-- (--%) ,,,,,,,,,,,,,
2026-08-21,1860,戸田建設,東P,"1,493",+3.5 (+0.23%) ,1.13,12.10,10.1,5.92,0.00,51.21,(連),3.88,123.51,89.07,4.27,31.04,12.04
2026-08-21,1861,熊谷組,東P,"1,287",+1.0 (+0.08%) ,1.16,11.01,10.9,5.56,0.00,87.70,(連),3.65,131.47,0.79,0.84,9.27,0.90
2026-08-21,1866,北野建設,東S,"1,200",+31.0 (+2.65%) ,0.57,8.36,7.1,5.89,0.00,23.00,(連),2.50,,,,,
2026-08-21,1867,植木組,東S,"2,679",-62.0 (-2.26%) ,0.56,7.31,7.9,5.88,0.00,29.29,(連),4.48,,,,,
2026-08-21,1869,名工建設,名M,"1,908",+5.0 (+0.26%) ,0.56,8.07,7.5,7.81,0.00,17.49,(連),3.04,,,,,
2026-08-21,186A,アストロスケールＨＬＤＧ,東G,"1,219",-24.0 (-1.93%) ,,,,,,,,,,,,,
2026-08-21,1870,矢作建設工業,東P,"2,138",+31.0 (+1.47%) ,,,,,,,,,201.50,4.30,-18.66,-18.66,4.96
2026-08-21,1871,ピーエス・コンストラクション,東P,"2,316",-23.0 (-0.98%) ,1.66,11.62,15.1,8.66,0.00,3.80,(連),5.18,,,,,
2026-08-21,1873,日本ハウスＨＬＤＧ,東P,326,+3.0 (+0.93%) ,0.57,9.73,6.0,8.04,0.00,4.62,(連),3.68,,,,,
2026-08-21,1878,大東建託,東P,"3,317",+39.0 (+1.19%) ,2.18,11.09,20.5,6.81,0.00,7.50,(連),4.53,332.04,0.89,-0.76,5.35,5.72
2026-08-21,1879,新日本建設,東P,"2,319",+27.0 (+1.18%) ,1.01,8.91,11.9,14.74,0.00,13.08,(連),2.89,,,,,
2026-08-21,1882,東亜道路工業,東P,"1,619",-1.0 (-0.06%) ,1.39,21.81,6.3,4.77,0.00,15.19,(連),5.56,,,,,
2026-08-21,1885,東亜建設工業,東P,"2,055",+1.0 (+0.05%) ,1.36,8.27,17.4,6.75,25.74,22.55,(連),4.87,217.75,-0.76,2.09,9.42,2.79
2026-08-21,1887,日本国土開発,東P,548,+3.0 (+0.55%) ,,,,,,,,,,,,,
2026-08-21,1888,若築建設,東P,"3,800",+15.0 (+0.40%) ,,,,,,,,,,,,,
2026-08-21,188A,ＧＸ　インド・トップ１０＋,東ETF,876,+1.0 (+0.11%) ,,,,,,,,,,,,,
2026-08-21,1892,徳倉建設,名M,"7,810",0.0 (0.00%) ,0.72,7.18,10.7,4.26,6.28,88.34,(連),2.56,,,,,
2026-08-21,1893,五洋建設,東P,"1,433.5",+5.5 (+0.39%) ,1.97,11.42,18.7,6.96,23.02,182.37,(連),3.35,133.78,1.63,0.31,47.70,5.56
2026-08-21,1897,金下建設,東S,"3,310",+55.0 (+1.69%) ,,,,,,,,,,,,,
2026-08-21,1898,世紀東急工業,東P,"1,500",-2.0 (-0.13%) ,,,,,,,,,,,,,
2026-08-21,1899,福田組,東P,"4,775",+5.0 (+0.10%) ,0.88,14.25,6.4,4.63,0.00,2.14,(連),2.72,,,,,
2026-08-21,189A,Ｄ＆Ｍカンパニー,東G,981,-2.0 (-0.20%) ,,,,,,,,,,,,,
2026-08-21,1904,大成温調,東S,"5,130",+20.0 (+0.39%) ,1.04,8.94,12.2,6.45,22.99,31.98,(連),3.49,,,,,
2026-08-21,1905,テノックス,東S,"1,458",-2.0 (-0.14%) ,0.71,10.33,7.1,6.11,0.00,14.35,(連),4.15,,,,,
2026-08-21,1909,日本ドライケミカル,東S,"3,700",0.0 (0.00%) ,,,,,,,,,221.90,0.98,0.00,26.13,8.38
2026-08-21,190A,Ｃｈｏｒｄｉａ　Ｔｈｅｒａｐｅ,東G,82,0.0 (0.00%) ,,,,,,,,,,,,,
2026-08-21,1911,住友林業,東P,"1,353",+11.0 (+0.82%) ,0.82,7.77,11.1,7.44,63.36,-11.65,(連),3.92,127.40,-0.39,-0.92,-33.43,17.98
2026-08-21,1914,日本基礎技術,東S,745,-4.0 (-0.53%) ,0.55,8.31,7.0,5.32,23.83,8.84,(連),4.03,,,,,
2026-08-21,1921,巴コーポレーション,東S,"1,892",+18.0 (+0.96%) ,0.88,11.13,9.2,13.62,0.00,16.22,(連),1.90,,,,,
2026-08-21,1925,大和ハウス工業,東P,"4,689",+38.0 (+0.82%) ,1.0,8.28,12.7,11.03,18.35,10.85,(連),3.73,398.83,-0.39,0.60,-13.75,4.54
2026-08-21,1926,ライト工業,東P,"3,730",-25.0 (-0.67%) ,1.74,12.93,14.0,12.36,11.52,34.50,(連),3.89,293.26,7.77,0.56,18.81,7.00
2026-08-21,1928,積水ハウス,東P,"3,471",+34.0 (+0.99%) ,1.05,9.69,11.3,8.13,30.75,8.68,(連),4.15,338.36,-1.85,-0.02,-13.57,3.01
2026-08-21,1929,日特建設,東P,"1,172",0.0 (0.00%) ,1.3,11.75,11.6,6.95,0.00,60.33,(連),4.18,88.60,-1.18,-9.84,1.85,10.11
2026-08-21,192A,インテグループ,東G,"1,229",-3.0 (-0.24%) ,,,,,,,,,,,,,
2026-08-21,1930,北陸電気工事,東P,"1,524",-6.0 (-0.39%) ,0.91,10.91,8.6,8.39,0.00,18.22,(連),3.15,,,,,
2026-08-21,1934,ユアテック,東P,"2,515",+49.0 (+1.99%) ,,,,,,,,,214.00,0.27,-6.61,-4.24,3.02
2026-08-21,1938,日本リーテック,東P,"2,463",+3.0 (+0.12%) ,0.88,10.99,8.3,9.61,0.00,31.27,(連),3.33,,,,,
2026-08-21,1939,四電工,東P,"2,120",+7.0 (+0.33%) ,1.41,13.37,11.0,8.87,0.00,9.27,(連),3.63,,,,,
2026-08-21,1941,中電工,東P,"5,080",-60.0 (-1.17%) ,1.1,14.86,7.9,11.49,0.00,17.24,(連),2.66,,,,,
2026-08-21,1942,関電工,東P,"5,337",-70.0 (-1.29%) ,2.72,17.12,16.8,11.2,0.00,42.83,(連),2.32,356.50,1.06,-0.51,34.84,8.45
2026-08-21,1944,きんでん,東P,"6,686",-14.0 (-0.21%) ,2.0,19.07,11.0,12.02,0.00,46.40,(連),1.94,426.05,0.73,0.27,30.82,7.75
2026-08-21,1945,東京エネシス,東P,"2,042",+3.0 (+0.15%) ,,,,,,,,,,,,,
2026-08-21,1946,トーエネック,東P,"2,120",0.0 (0.00%) ,1.29,11.05,12.3,7.86,0.00,47.39,(連),3.58,,,,,
2026-08-21,1948,弘電社,東S,"11,410",0.0 (0.00%) ,,,,,,,,,,,,,
2026-08-21,194A,ＷＯＬＶＥＳ　ＨＡＮＤ,東G,"1,983",+15.0 (+0.76%) ,,,,,,,,,,,,,
2026-08-21,1950,日本電設工業,東P,"3,835",-35.0 (-0.90%) ,,,,,,,,,326.36,2.15,0.94,37.50,6.13
2026-08-21,1951,エクシオグループ,東P,"2,540.5",-7.5 (-0.29%) ,1.52,16.81,9.4,6.6,0.00,21.18,(連),2.68,177.33,0.83,-1.16,8.85,5.38
2026-08-21,1952,新日本空調,東P,"3,010",-55.0 (-1.79%) ,1.65,11.24,16.0,9.77,0.00,32.61,(連),3.65,,,,,
2026-08-21,1959,クラフティア,東P,"8,179",-54.0 (-0.66%) ,1.66,14.44,12.2,11.47,0.00,30.88,(連),2.69,620.01,1.40,0.67,17.99,3.15
2026-08-21,195A,ＭＵＳＣＡＴ　ＧＲＯＵＰ,東G,606,-16.0 (-2.57%) ,,,,,,,,,,,,,
2026-08-21,1960,サンテック,東S,"1,680",-1.0 (-0.06%) ,0.77,9.33,8.7,4.93,0.00,43.54,(連),3.87,,,,,
2026-08-21,1961,三機工業,東P,"2,360",-40.0 (-1.67%) ,2.97,15.37,20.8,10.99,0.00,26.94,(連),2.75,168.50,1.46,-8.24,16.61,1.93
2026-08-21,1963,日揮ＨＬＤＧ,東P,"2,233",-38.5 (-1.69%) ,1.26,12.90,10.2,4.75,74.38,414.03,(連),2.33,178.78,3.84,-8.23,17.34,-8.27
2026-08-21,1964,中外炉工業,東P,"4,055",+5.0 (+0.12%) ,0.94,6.30,15.7,7.71,23.44,3.56,(連),4.09,,,,,
2026-08-21,1965,テクノ菱和,東S,"6,110",+50.0 (+0.83%) ,1.89,10.70,19.8,15.97,0.00,66.01,(連),2.78,,,,,
2026-08-21,1966,高田工業所,東S,"1,742",+1.0 (+0.06%) ,0.59,10.17,6.0,3.31,9.18,-41.19,(連),4.02,,,,,
2026-08-21,1967,ヤマト,東S,"2,087",-12.0 (-0.57%) ,1.09,10.57,10.9,9.94,0.00,15.84,(連),2.87,,,,,
2026-08-21,1968,太平電業,東P,"2,357",-87.0 (-3.56%) ,,,,,,,,,,,,,
2026-08-21,1969,高砂熱学工業,東P,"4,220",-41.0 (-0.96%) ,2.63,14.77,19.2,11.26,21.41,44.82,(連),2.73,316.25,1.26,-1.06,30.91,8.34
2026-08-21,196A,ＭＦＳ,東G,333,+15.0 (+4.72%) ,,,,,,,,,,,,,
2026-08-21,1972,三晃金属工業,東S,"1,325",+13.0 (+0.99%) ,0.92,9.66,9.7,8.03,0.00,-7.15,(単),5.21,,,,,
2026-08-21,1975,朝日工業社,東P,"3,835",+15.0 (+0.39%) ,1.95,10.71,19.9,11.14,0.00,58.68,(連),3.75,,,,,
2026-08-21,1976,明星工業,東P,"1,769",-17.0 (-0.95%) ,1.18,15.13,8.0,12.73,6.21,-26.07,(連),3.67,,,,,
2026-08-21,1979,大氣社,東P,"3,905",-55.0 (-1.39%) ,1.53,15.93,10.1,8.15,50.34,24.34,(連),2.82,302.70,0.56,-1.29,30.34,5.68
2026-08-21,197A,タウンズ,東S,509,+4.0 (+0.79%) ,,,,,,,,,42.12,-0.62,0.00,-26.74,-2.84
2026-08-21,1980,ダイダン,東P,"2,698",-49.0 (-1.78%) ,2.68,13.01,22.5,13.46,0.00,52.35,(連),3.09,197.30,-2.88,-5.61,37.55,0.90
2026-08-21,1981,協和日成,東S,"1,317",+2.0 (+0.15%) ,0.67,11.20,6.2,3.48,0.00,-2.81,(単),3.80,,,,,
2026-08-21,1982,日比谷総合設備,東P,"2,933",-21.0 (-0.71%) ,1.59,14.65,11.6,11.34,0.00,40.89,(連),2.56,242.30,0.58,8.47,30.61,8.14
2026-08-21,198A,ＰｏｓｔＰｒｉｍｅ,東G,156,-2.0 (-1.27%) ,,,,,,,,,,,,,
2026-08-21,1992,神田通信機,東S,--,-- (--%) ,1.06,18.09,6.0,6.46,0.00,-26.97,(連),2.78,,,,,
2026-08-21,1994,高橋カーテンウォール工業,東S,595,+14.0 (+2.41%) ,0.44,24.95,1.8,1.53,0.00,-72.28,(連),3.36,,,,,
2026-08-21,1997,暁飯島工業,東S,"4,145",+35.0 (+0.85%) ,1.11,10.52,11.1,12.33,0.00,48.15,(単),2.65,,,,,
2026-08-21,199A,メディエア,東PRO,--,-- (--%) ,4.44,531.50,0.8,1.26,0.00,-55.00,(単),0.53,,,,,
2026-08-21,2001,ニップン,東P,"2,950",+50.0 (+1.72%) ,0.86,11.24,8.3,5.28,0.00,1.97,(連),2.31,252.94,-3.14,-9.33,-18.36,2.36
2026-08-21,2002,日清製粉グループ本社,東P,"2,068",+24.5 (+1.20%) ,1.12,18.25,6.5,5.4,29.18,4.44,(連),2.90,143.25,0.54,-10.92,-10.84,1.82
2026-08-21,2003,日東富士製粉,東S,"1,821",+14.0 (+0.77%) ,1.34,18.68,7.2,7.04,0.00,-4.42,(連),3.84,,,,,
2026-08-21,2004,昭和産業,東P,"3,745",+15.0 (+0.40%) ,0.82,11.47,7.5,3.56,0.00,6.38,(連),3.07,,,,,
2026-08-21,2009,鳥越製粉,東S,"1,085",-3.0 (-0.28%) ,0.69,22.32,3.1,4.99,0.00,17.99,(連),4.52,,,,,
2026-08-21,200A,ＮＦ　日経半導体株指数連動型,東ETF,"4,416",+37.0 (+0.84%) ,,,,,,,,,,,,,
2026-08-21,2011,ＳＭＤＡＭ　Ａｃｔｉｖｅ,東ETF,852.8,-0.2 (-0.02%) ,,,,,,,,,,,,,
2026-08-21,2012,ｉＳ　米国債０−３ヶ月,東ETF,241.6,+0.6 (+0.25%) ,,,,,,,,,,,,,
2026-08-21,2013,ｉＳ　米国高配当株,東ETF,317.6,-0.7 (-0.22%) ,,,,,,,,,,,,,
2026-08-21,2014,ｉＳ　米国連続増配株,東ETF,321.7,-2.0 (-0.62%) ,,,,,,,,,,,,,
2026-08-21,2015,ｉＦ米国国債７−１０年　無,東ETF,"2,152",+1.0 (+0.05%) ,,,,,,,,,,,,,
2026-08-21,2016,ｉＦ米国国債７−１０年　有,東ETF,"1,772",-2.0 (-0.11%) ,,,,,,,,,,,,,
2026-08-21,2017,ｉＦ　ＪＰＸプライム１５０,東ETF,"1,508",+3.0 (+0.20%) ,,,,,,,,,,,,,
2026-08-21,2018,グローバルＸ　ＵＳ　ＲＥＩＴ,東ETF,"1,307",+6.0 (+0.46%) ,,,,,,,,,,,,,
2026-08-21,2019,グローバルＸ　米国優先証券,東ETF,"1,011",-14.0 (-1.37%) ,,,,,,,,,,,,,
2026-08-21,201A,ｉＳ　Ｎｉｆｔｙ５０インド株,東ETF,182,+2.2 (+1.22%) ,,,,,,,,,,,,,
2026-08-21,2031,ＮＮ香港ハンセン・ブルＥＴＮ,東ETF,"8,277",+144.0 (+1.77%) ,,,,,,,,,,,,,
2026-08-21,2032,ＮＮ香港ハンセン・ベアＥＴＮ,東ETF,"5,946",+43.0 (+0.73%) ,,,,,,,,,,,,,
2026-08-21,2033,ＮＮ韓国ＫＯＳＰＩ・ブルＥＴＮ,東ETF,"78,300","+2,050.0 (+2.69%) ",,,,,,,,,,,,,
2026-08-21,2034,ＮＮ韓国ＫＯＳＰＩ・ベアＥＴＮ,東ETF,"1,913",-1.0 (-0.05%) ,,,,,,,,,,,,,
2026-08-21,2036,ＮＮ金先物ダブルブルＥＴＮ,東ETF,"179,750","+6,250.0 (+3.60%) ",,,,,,,,,,,,,
2026-08-21,2037,ＮＮ金先物ベアＥＴＮ,東ETF,"1,191",-18.0 (-1.49%) ,,,,,,,,,,,,,
2026-08-21,2038,ＮＮドバイ原油先物ブル,東ETF,"2,259",+64.0 (+2.92%) ,,,,,,,,,,,,,
2026-08-21,2039,ＮＮドバイ原油先物ベア,東ETF,521,-5.0 (-0.95%) ,,,,,,,,,,,,,
2026-08-21,203A,シュンビン,東PRO,--,-- (--%) ,1.38,55.36,2.5,0.0,0.00,-15.38,(連),0.31,,,,,
2026-08-21,2040,ＮＮ　ＮＹダウ・ダブル・ブル,東ETF,"39,000",-710.0 (-1.79%) ,,,,,,,,,,,,,
2026-08-21,2041,ＮＮ　ＮＹダウ・ベアＥＴＮ,東ETF,"1,955",+23.0 (+1.19%) ,,,,,,,,,,,,,
2026-08-21,2042,ＮＮ東証グロース２５０ＥＴＮ,東ETF,"8,006",-31.0 (-0.39%) ,,,,,,,,,,,,,
2026-08-21,2043,ＮＮ　ＳＴＯＸＸアセアン５０,東ETF,--,-- (--%) ,,,,,,,,,,,,,
2026-08-21,2044,ＮＮ　Ｓ＆Ｐ５００配当貴族,東ETF,"35,990",+370.0 (+1.04%) ,,,,,,,,,,,,,
2026-08-21,2045,ＮＮ　Ｓ＆Ｐシンガポールリート,東ETF,--,-- (--%) ,,,,,,,,,,,,,
2026-08-21,2046,ＮＮインド・ダブル・ブル,東ETF,"24,635",-25.0 (-0.10%) ,,,,,,,,,,,,,
2026-08-21,2047,ＮＮインドＮｉｆｔｙ・ベア,東ETF,--,-- (--%) ,,,,,,,,,,,,,
2026-08-21,2048,ＮＮ野村日本株高配当７０ＥＴＮ,東ETF,"55,420","+1,010.0 (+1.86%) ",,,,,,,,,,,,,
2026-08-21,204A,タイヨーパッケージ,東PRO,--,-- (--%) ,0.28,1.50,19.8,7.41,0.00,62.38,(単),20.00,,,,,
2026-08-21,2050,ＮＮニッチトップ中小型ＥＴＮ,東ETF,--,-- (--%) ,,,,,,,,,,,,,
2026-08-21,2053,中部飼料,東P,"2,031",-3.0 (-0.15%) ,,,,,,,,,,,,,
2026-08-21,2055,日和産業,東S,351,+1.0 (+0.29%) ,0.33,16.78,2.0,3.19,0.00,25.98,(連),1.71,,,,,
2026-08-21,205A,ロゴスＨＬＤＧ,東G,"1,677",-4.0 (-0.24%) ,,,,,,,,,,,,,
2026-08-21,2060,フィード・ワン,東P,"1,435",+3.0 (+0.21%) ,0.89,8.61,11.0,2.78,0.00,26.85,(連),3.17,,,,,
2026-08-21,2065,ＮＮ　日本株配当貴族,東ETF,"59,070",+80.0 (+0.14%) ,,,,,,,,,,,,,
2026-08-21,2066,ＮＮ　東証ＲＥＩＴドルヘッジ,東ETF,--,-- (--%) ,,,,,,,,,,,,,
2026-08-21,2067,ＮＮ野村ＡＩビジネス７０ＥＴＮ,東ETF,--,-- (--%) ,,,,,,,,,,,,,
2026-08-21,2068,ＮＮ高ベータ３０ＥＴＮ,東ETF,--,-- (--%) ,,,,,,,,,,,,,
2026-08-21,2069,ＮＮ低ベータ５０ＥＴＮ,東ETF,"22,630",0.0 (0.00%) ,,,,,,,,,,,,,
2026-08-21,206A,ＰＲＩＳＭ　ＢｉｏＬａｂ,東G,170,+1.0 (+0.59%) ,,,,,,,,,,,,,
2026-08-21,2070,ＥＳＧ３０ 女性活躍ＥＴＮ,東ETF,--,-- (--%) ,,,,,,,,,,,,,
2026-08-21,2071,スマート ＥＳＧ３０総合ＥＴＮ,東ETF,--,-- (--%) ,,,,,,,,,,,,,
2026-08-21,2072,トップシェアインデックスＥＴＮ,東ETF,"22,355",+195.0 (+0.88%) ,,,,,,,,,,,,,
2026-08-21,2073,ＥＳＧ３０低カーボンＥＴＮ,東ETF,--,-- (--%) ,,,,,,,,,,,,,
2026-08-21,207A,ライジング,東PRO,--,-- (--%) ,,,,,,,,,,,,,
2026-08-21,2080,ＰＢＲ１倍割れ解消推進ＥＴＦ,東ETF,"2,061",+18.0 (+0.88%) ,,,,,,,,,,,,,
2026-08-21,2081,政策保有解消推進ＥＴＦ,東ETF,"2,176",+39.0 (+1.82%) ,,,,,,,,,,,,,
2026-08-21,2082,投資家経営者一心同体ＥＴＦ,東ETF,"1,261",-4.0 (-0.32%) ,,,,,,,,,,,,,
2026-08-21,2083,ＮＦ　日本成長株アクティブ,東ETF,"3,954",-17.0 (-0.43%) ,,,,,,,,,,,,,
2026-08-21,2084,ＮＦ　日本高配当株アクティブ,東ETF,"3,846",+34.0 (+0.89%) ,,,,,,,,,,,,,
2026-08-21,2085,ＭＸＳ高配当日本株アクティブ,東ETF,787.7,+0.4 (+0.05%) ,,,,,,,,,,,,,
2026-08-21,2086,ＮＺＡＭ　Ｓ＆Ｐ５００有,東ETF,--,-- (--%) ,,,,,,,,,,,,,
2026-08-21,2087,ＮＺＡＭ　ＮＡＳＤＡＱ１００有,東ETF,"3,425",0.0 (0.00%) ,,,,,,,,,,,,,
2026-08-21,2088,ＮＺＡＭ　ＮＹダウ３０有,東ETF,"2,652",0.0 (0.00%) ,,,,,,,,,,,,,
2026-08-21,2089,ＮＺＡＭ　ＤＡＸ有,東ETF,--,-- (--%) ,,,,,,,,,,,,,
2026-08-21,208A,構造計画研究所ＨＬＤＧ,東S,"3,015",-20.0 (-0.66%) ,,,,,,,,,,,,,
2026-08-21,2090,ＮＺＡＭ　米国国債７−１０年有,東ETF,--,-- (--%) ,,,,,,,,,,,,,
2026-08-21,2091,ＮＺＡＭ　ドイツ国債７−１０年,東ETF,"4,498",+7.0 (+0.16%) ,,,,,,,,,,,,,
2026-08-21,2092,ＮＺＡＭ　フランス国債７−１０,東ETF,"4,542",0.0 (0.00%) ,,,,,,,,,,,,,
2026-08-21,2093,上場　Ｔｒａｃｅｒｓ　米国債無,東ETF,"5,284",+15.0 (+0.28%) ,,,,,,,,,,,,,
2026-08-21,2094,東証ＲＥＩＴインバース,東ETF,783,+5.0 (+0.64%) ,,,,,,,,,,,,,
2026-08-21,2095,グローバルＸ　Ｓ＆Ｐ５００有,東ETF,"1,197",-4.0 (-0.33%) ,,,,,,,,,,,,,
2026-08-21,2096,グローバルＸ　オフィス・Ｊ−Ｒ,東ETF,"1,019",-14.0 (-1.36%) ,,,,,,,,,,,,,
2026-08-21,2097,グローバルＸ　レジデンシャル,東ETF,941,-7.0 (-0.74%) ,,,,,,,,,,,,,
2026-08-21,2098,グローバルＸ　ホテル＆リテール,東ETF,976,-27.0 (-2.69%) ,,,,,,,,,,,,,
2026-08-21,209A,小野谷機工,東PRO,--,-- (--%) ,0.57,7.36,8.0,4.37,0.00,7.20,(連),1.28,,,,,
2026-08-21,2108,日本甜菜製糖,東P,"5,810",+230.0 (+4.12%) ,0.91,14.14,6.7,0.08,0.00,-32.56,(連),2.75,,,,,
2026-08-21,2109,ＤＭ三井製糖,東P,"3,660",-5.0 (-0.14%) ,1.02,28.88,3.5,7.17,0.00,-12.73,(連),3.55,,,,,
2026-08-21,210A,ｉＦ　日経高利回りＲＥＩＴ指数,東ETF,"1,591",-1.0 (-0.06%) ,,,,,,,,,,,,,
2026-08-21,2112,塩水港精糖,東S,469,+6.0 (+1.30%) ,0.63,4.66,14.9,9.24,0.00,9.40,(連),4.26,,,,,
2026-08-21,2114,フジ日本,東S,649,+3.0 (+0.46%) ,,,,,,,,,,,,,
2026-08-21,2117,ウェルネオシュガー,東P,"2,858",+2.0 (+0.07%) ,1.21,14.44,8.6,9.14,0.00,16.56,(連),4.16,,,,,
2026-08-21,211A,カドス,東S,"3,370",+30.0 (+0.90%) ,0.78,5.02,15.6,12.35,0.00,55.91,(単),4.45,,,,,
2026-08-21,2120,ＬＩＦＵＬＬ,東P,243,-1.0 (-0.41%) ,1.2,5.85,21.2,13.56,0.12,153.77,(連),4.28,,,,,
2026-08-21,2121,ＭＩＸＩ,東P,"3,530",+20.0 (+0.57%) ,1.26,13.54,9.6,12.99,0.00,-6.83,(連),3.40,306.27,0.66,-14.95,-9.36,10.71
2026-08-21,2122,インタースペース,東S,"1,422",-7.0 (-0.49%) ,1.58,43.33,3.7,4.19,0.00,-18.57,(連),2.11,,,,,
2026-08-21,2124,ジェイエイシーリクルートメント,東P,984,-8.0 (-0.81%) ,6.98,18.57,41.5,25.35,8.74,28.36,(連),3.66,62.04,0.94,0.25,-2.33,16.26
2026-08-21,2127,日本Ｍ＆ＡセンターＨＬＤＧ,東P,674.8,-3.2 (-0.47%) ,4.27,17.14,25.7,37.33,0.00,13.22,(連),4.30,43.16,1.62,-0.12,6.89,10.79
2026-08-21,212A,フィットイージー,東P,"3,085",-10.0 (-0.32%) ,,,,,,,,,,,,,
2026-08-21,2130,メンバーズ,東P,946,-2.0 (-0.21%) ,1.83,9.97,19.5,6.55,0.00,247.01,(連),3.49,109.20,0.58,42.45,41.43,9.55
2026-08-21,2134,北浜キャピタルパートナーズ,東S,21,0.0 (0.00%) ,,,,,,,,,,,,,
2026-08-21,2136,ヒップ,東S,"1,419",+8.0 (+0.57%) ,1.32,12.67,10.7,9.24,0.00,2.84,(単),4.93,,,,,
2026-08-21,2138,クルーズ,東S,455,-5.0 (-1.09%) ,,,,,,,,,,,,,
2026-08-21,2139,中広,東S,523,0.0 (0.00%) ,1.64,18.89,9.0,3.18,0.00,24.53,(連),2.29,,,,,
2026-08-21,213A,上場インデックスファンド日経,東ETF,408.2,+2.7 (+0.67%) ,,,,,,,,,,,,,
2026-08-21,2146,ＵＴグループ,東P,231,+2.0 (+0.87%) ,4.28,18.67,26.1,6.36,0.00,31.00,(連),5.30,11.98,-6.09,1.41,-6.30,-6.54
2026-08-21,2148,アイティメディア,東P,"1,256",-9.0 (-0.71%) ,2.82,20.48,13.2,21.23,0.00,-13.71,(連),7.96,79.00,0.56,10.95,-6.80,7.72
2026-08-21,2152,幼児活動研究会,東S,"1,534",-6.0 (-0.39%) ,1.51,14.49,10.8,17.49,0.00,14.44,(単),1.69,,,,,
2026-08-21,2153,Ｅ・Ｊ　ＨＬＤＧ,東P,"1,826",+49.0 (+2.76%) ,,,,,,,,,,,,,
2026-08-21,2154,オープンアップグループ,東P,"2,039",-1.0 (-0.05%) ,,,,,,,,,158.17,0.93,0.13,-0.07,-0.61
2026-08-21,2156,セーラー広告,東S,274,-2.0 (-0.72%) ,,,,,,,,,,,,,
2026-08-21,2157,コシダカＨＬＤＧ,東P,"1,055",-1.0 (-0.09%) ,2.48,16.48,16.1,16.42,0.00,6.07,(連),2.27,78.00,0.62,-14.73,-16.67,13.47
2026-08-21,2158,ＦＲＯＮＴＥＯ,東G,651,+1.0 (+0.15%) ,6.64,46.97,16.4,9.67,0.00,24.31,(連),0.00,21.40,0.56,0.00,6.67,21.47
2026-08-21,215A,タイミー,東G,"1,669",+21.0 (+1.27%) ,10.43,68.82,16.0,18.15,0.00,-43.63,(連),0.00,67.78,0.14,0.81,-38.20,19.21
2026-08-21,2160,ジーエヌアイグループ,東G,"2,786",-163.0 (-5.53%) ,,,,,,,,,15.29,-1.63,-83.11,-81.48,31.10
2026-08-21,2162,ｎｍｓ　ＨＬＤＧ,東S,536,-1.0 (-0.19%) ,2.04,33.35,6.4,2.24,65.46,-25.45,(連),0.56,,,,,
2026-08-21,2163,アルトナー,東P,974,+4.0 (+0.41%) ,3.96,16.44,24.1,15.12,0.00,0.11,(連),4.31,,,,,
2026-08-21,2164,地域新聞社,東S,149,-2.0 (-1.32%) ,3.15,49.75,8.7,1.43,0.00,225.00,(単),0.00,,,,,
2026-08-21,2168,パソナグループ,東P,"1,670",+12.0 (+0.72%) ,,,,,,,,,,,,,
2026-08-21,2169,ＣＤＳ,東S,"1,725",+5.0 (+0.29%) ,1.32,25.78,5.1,7.76,0.00,-53.75,(連),4.29,,,,,
2026-08-21,2170,リンクアンドモチベーション,東P,704,+13.0 (+1.88%) ,5.75,47.03,13.0,10.12,0.00,-22.08,(連),2.27,32.45,0.18,-6.06,-18.33,11.68
2026-08-21,2173,博展,東G,709,-5.0 (-0.70%) ,2.22,5.78,45.8,11.11,0.00,86.89,(連),4.23,,,,,
2026-08-21,2175,エス・エム・エス,東P,"2,366",+87.0 (+3.82%) ,,,,,,,,,78.90,-0.20,0.89,-16.18,8.07
2026-08-21,2179,成学社,東S,862,-26.0 (-2.93%) ,1.1,8.19,14.3,6.45,0.00,27.31,(連),2.55,,,,,
2026-08-21,217A,サポート,東PRO,--,-- (--%) ,,,,,,,,,,,,,
2026-08-21,2180,サニーサイドアップグループ,東S,"1,307",0.0 (0.00%) ,,,,,,,,,,,,,
2026-08-21,2181,パーソルＨＬＤＧ,東P,291.5,+1.2 (+0.41%) ,,,,,,,,,20.54,2.46,1.65,-0.88,7.62
2026-08-21,2183,リニカル,東S,207,+2.0 (+0.98%) ,,,,,,,,,,,,,
2026-08-21,2185,シイエム・シイ,東S,"1,900",-4.0 (-0.21%) ,1.14,11.58,10.2,14.76,14.19,0.72,(連),2.74,,,,,
2026-08-21,2186,ソーバル,東S,918,-4.0 (-0.43%) ,1.59,15.69,10.4,7.37,0.00,5.43,(連),3.59,,,,,
2026-08-21,218A,Ｌｉｂｅｒａｗａｒｅ,東G,"1,128",+3.0 (+0.27%) ,,,,,,,,,,,,,
2026-08-21,2193,クックパッド,東S,134,-4.0 (-2.90%) ,0.76,14.03,5.6,4.95,0.00,-0.99,(連),0.00,,,,,
2026-08-21,2195,アミタＨＬＤＧ,東G,350,+2.0 (+0.57%) ,2.09,19.75,11.1,8.94,0.00,-15.80,(連),1.43,,,,,
2026-08-21,2198,アイ・ケイ・ケイＨＬＤＧ,東P,795,+3.0 (+0.38%) ,1.9,11.69,17.3,8.11,0.00,-25.15,(連),3.02,24.30,-0.51,-20.00,-20.00,-0.89
2026-08-21,219A,Ｈｅａｒｔｓｅｅｄ,東G,"2,229",-45.0 (-1.98%) ,7.08,264.10,2.7,8.99,99.95,135.21,(単),0.00,,,,,
2026-08-21,2201,森永製菓,東P,"2,584.5",+11.0 (+0.43%) ,,,,,,,,,195.54,-1.79,-1.07,-7.53,4.95
2026-08-21,2204,中村屋,東S,"3,190",-15.0 (-0.47%) ,0.63,20.05,3.3,3.54,0.00,25.22,(単),2.35,,,,,
2026-08-21,2206,江崎グリコ,東P,"5,185",-2.0 (-0.04%) ,1.19,65.53,1.8,2.42,25.10,-12.76,(連),1.83,146.28,0.42,-5.63,-16.19,8.08
2026-08-21,2207,ｍｅｉｔｏ,東P,"3,625",-50.0 (-1.36%) ,,,,,,,,,,,,,
2026-08-21,2208,ブルボン,東S,"3,100",+5.0 (+0.16%) ,1.11,12.67,9.2,6.23,0.00,5.52,(連),1.35,,,,,
2026-08-21,2209,井村屋グループ,東P,"2,417",+15.0 (+0.62%) ,1.24,12.95,10.1,5.96,0.00,11.49,(連),1.57,,,,,
2026-08-21,220A,Ｆａｂｅｒ　Ｃｏｍｐａｎｙ,東S,938,0.0 (0.00%) ,1.08,9.71,11.8,14.68,0.00,22.26,(連),3.20,,,,,
2026-08-21,2211,不二家,東P,"2,504",+16.0 (+0.64%) ,1.06,31.77,3.4,2.38,0.00,15.30,(連),1.20,,,,,
2026-08-21,2212,山崎製パン,東P,"3,612",+40.0 (+1.12%) ,1.55,17.47,9.4,4.66,0.00,14.22,(連),1.66,218.80,2.81,0.63,5.64,4.40
2026-08-21,2215,第一屋製パン,東S,607,+1.0 (+0.17%) ,,,,,,,,,,,,,
2026-08-21,2216,カンロ,東S,"1,095",+4.0 (+0.37%) ,,,,,,,,,84.16,2.61,-9.90,14.77,8.19
2026-08-21,2217,モロゾフ,東P,"1,514",+5.0 (+0.33%) ,1.53,47.54,3.3,3.48,0.00,-38.70,(連),1.06,,,,,
2026-08-21,221A,ＭＸＳ日経半導体株上場投信,東ETF,"1,152.5",+16.0 (+1.41%) ,,,,,,,,,,,,,
2026-08-21,2220,亀田製菓,東P,"1,361",+23.0 (+1.72%) ,0.84,3.49,27.6,5.45,35.31,8.46,(連),1.62,71.10,-0.23,23.59,23.44,17.72
2026-08-21,2221,岩塚製菓,東S,"3,050",+5.0 (+0.16%) ,0.45,15.43,2.9,3.01,0.00,-27.35,(連),1.05,,,,,
2026-08-21,2222,寿スピリッツ,東P,"2,680.5",-22.0 (-0.81%) ,8.64,32.96,28.5,23.61,0.00,5.92,(連),1.31,95.79,1.59,1.27,-2.62,9.28
2026-08-21,2224,コモ,東S,"3,700",-25.0 (-0.67%) ,6.0,167.12,3.7,2.35,0.00,64.79,(連),0.19,,,,,
2026-08-21,2226,湖池屋,東S,"4,840",+5.0 (+0.10%) ,2.43,19.90,12.9,6.32,"93,300.00",-6.07,(連),1.14,,,,,
2026-08-21,2229,カルビー,東P,"3,070",+6.0 (+0.20%) ,1.77,21.93,8.3,7.69,26.05,-9.22,(連),2.15,145.97,4.90,0.74,-13.99,6.35
2026-08-21,2235,上場インデックスファンド米国無,東ETF,"3,638",-37.0 (-1.01%) ,,,,,,,,,,,,,
2026-08-21,2236,ＧＸ　Ｓ＆Ｐ５００　配当貴族,東ETF,"1,512",-5.0 (-0.33%) ,,,,,,,,,,,,,
2026-08-21,2237,ダイワ　Ｓ＆Ｐ５００　２ＬＥＶ,東ETF,"2,440",-46.0 (-1.85%) ,,,,,,,,,,,,,
2026-08-21,2238,ダイワ　Ｓ＆Ｐ５００　インバ,東ETF,"5,265",+49.0 (+0.94%) ,,,,,,,,,,,,,
2026-08-21,2239,上場　Ｓ＆Ｐ５００　先物レバ２,東ETF,"26,550",-485.0 (-1.79%) ,,,,,,,,,,,,,
2026-08-21,223A,ＧＸ　ＡＩ＆ビッグデータ,東ETF,"1,797",0.0 (0.00%) ,,,,,,,,,,,,,
2026-08-21,2240,上場　Ｓ＆Ｐ５００　先物インバ,東ETF,"5,306",+40.0 (+0.76%) ,,,,,,,,,,,,,
2026-08-21,2241,ＭＡＸＩＳ　ＮＹダウ上場投信,東ETF,933.9,-8.1 (-0.86%) ,,,,,,,,,,,,,
2026-08-21,2242,ＭＸＳ　ＮＹダウ為替ヘッジあり,東ETF,685.5,-1.3 (-0.19%) ,,,,,,,,,,,,,
2026-08-21,2243,グローバルＸ　半導体,東ETF,"4,470",0.0 (0.00%) ,,,,,,,,,,,,,
2026-08-21,2244,ＧＸ　ＵＳテック・トップ２０,東ETF,"3,545",-35.0 (-0.98%) ,,,,,,,,,,,,,
2026-08-21,2245,ＮＦ　ドイツ国債７−１０年あり,東ETF,--,-- (--%) ,,,,,,,,,,,,,
2026-08-21,2247,ダイワ　Ｓ＆Ｐ５００無,東ETF,"2,290",-17.0 (-0.74%) ,,,,,,,,,,,,,
2026-08-21,2248,ダイワ　Ｓ＆Ｐ５００有,東ETF,"2,752",-25.0 (-0.90%) ,,,,,,,,,,,,,
2026-08-21,2249,ダイワ　Ｓ＆Ｐ５００　ダブル,東ETF,"9,463",+165.0 (+1.77%) ,,,,,,,,,,,,,
2026-08-21,224A,ＧＸ　ウラニウムビジネス,東ETF,"1,600",-37.0 (-2.26%) ,,,,,,,,,,,,,
2026-08-21,2250,ｉＳ　ＭＳＣＩ　ジャパン気候,東ETF,366.8,+1.1 (+0.30%) ,,,,,,,,,,,,,
2026-08-21,2251,ＮＯＭ　ＪＰＸ国債先物　ダブル,東ETF,901.5,+3.6 (+0.40%) ,,,,,,,,,,,,,
2026-08-21,2252,グローバルＸ　米国中小型,東ETF,"1,490",+2.0 (+0.13%) ,,,,,,,,,,,,,
2026-08-21,2253,グローバルＸ　ＳＵＰＥＲＤＩＶ,東ETF,"1,353",+3.0 (+0.22%) ,,,,,,,,,,,,,
2026-08-21,2254,グローバルＸ　ＣＮ　ＥＶ＆ＢＡ,東ETF,"1,111",+21.0 (+1.93%) ,,,,,,,,,,,,,
2026-08-21,2255,ｉＳ　米国債２０年超　ＥＴＦ,東ETF,200.1,-1.2 (-0.60%) ,,,,,,,,,,,,,
2026-08-21,2256,ｉＳ　米国総合債券　ＥＴＦ,東ETF,221,-0.5 (-0.23%) ,,,,,,,,,,,,,
2026-08-21,2257,ｉＳ　米ドル建て投資適格社債,東ETF,221.9,-0.5 (-0.22%) ,,,,,,,,,,,,,
2026-08-21,2258,ｉＳ　米ドル建てハイイールド,東ETF,226.4,+0.1 (+0.04%) ,,,,,,,,,,,,,
2026-08-21,2259,ｉＳ　フランス国債　７−１０有,東ETF,179.2,-0.4 (-0.22%) ,,,,,,,,,,,,,
2026-08-21,2264,森永乳業,東P,"1,176",-8.0 (-0.68%) ,1.38,17.04,8.4,6.03,15.30,24.30,(連),2.13,71.45,4.68,-1.98,10.90,2.64
2026-08-21,2266,六甲バター,東P,"1,073",-1.0 (-0.09%) ,0.63,14.07,4.5,3.31,0.00,-32.19,(連),1.86,,,,,
2026-08-21,2267,ヤクルト本社,東P,"2,974.5",+43.5 (+1.48%) ,1.43,19.74,7.5,9.29,49.50,-19.48,(連),2.35,161.56,2.52,0.86,-12.63,0.86
2026-08-21,2268,Ｂ―Ｒ　サーティワン　アイス,東S,"4,055",+10.0 (+0.25%) ,,,,,,,,,,,,,
2026-08-21,2269,明治ＨＬＤＧ,東P,"4,351",+9.0 (+0.21%) ,1.53,33.62,4.6,7.95,13.65,17.75,(連),2.41,234.26,0.23,1.25,7.91,2.64
2026-08-21,226A,勝美ジャパン,東PRO,--,-- (--%) ,2.12,7.54,32.0,9.26,0.00,27.72,(単),2.63,,,,,
2026-08-21,2270,雪印メグミルク,東P,"3,670",+20.0 (+0.55%) ,0.94,6.99,13.6,2.97,0.00,1.11,(連),2.72,430.80,-0.47,25.91,23.47,1.71
2026-08-21,227A,ＩＮＳＩＧＨＴ　ＬＡＢ,東PRO,--,-- (--%) ,,,,,,,,,,,,,
2026-08-21,2281,プリマハム,東P,"2,430",+15.0 (+0.62%) ,1.0,26.62,3.8,1.92,0.00,6.50,(連),3.29,,,,,
2026-08-21,2282,日本ハム,東P,"6,423",+9.0 (+0.14%) ,,,,,,,,,416.13,1.01,-0.65,4.29,4.28
2026-08-21,2286,林兼産業,東S,919,-5.0 (-0.54%) ,,,,,,,,,,,,,
2026-08-21,2288,丸大食品,東P,"2,248",+12.0 (+0.54%) ,0.72,5.62,13.8,3.15,0.00,30.98,(連),3.11,,,,,
2026-08-21,228A,オプロ,東G,"1,636",-31.0 (-1.86%) ,2.88,15.60,20.1,12.97,0.00,60.48,(単),0.00,,,,,
2026-08-21,2291,福留ハム,東S,513,-2.0 (-0.39%) ,0.69,5.40,14.6,-3.34,0.00,-28.99,(連),0.00,,,,,
2026-08-21,2292,Ｓ　ＦＯＯＤＳ,東P,"2,888",+39.0 (+1.37%) ,0.69,9.90,7.3,2.22,13.31,83.56,(連),3.60,239.95,-0.67,13.68,-35.12,7.00
2026-08-21,2293,滝沢ハム,東S,"2,717",+10.0 (+0.37%) ,,,,,,,,,,,,,
2026-08-21,2294,柿安本店,東P,"2,641",+22.0 (+0.84%) ,1.63,31.18,5.3,3.95,0.00,-4.23,(連),3.22,,,,,
2026-08-21,2296,伊藤ハム米久ＨＬＤＧ,東P,"5,110",+20.0 (+0.39%) ,0.98,14.34,7.0,2.66,19.85,46.48,(連),6.26,332.22,-2.26,0.80,9.26,3.92
2026-08-21,229A,アスミＨＬＤＧ,東PRO,--,-- (--%) ,,,,,,,,,,,,,
2026-08-21,2300,きょくとう,東S,497,+2.0 (+0.40%) ,1.14,48.54,2.4,0.04,0.00,-47.80,(単),2.21,,,,,
2026-08-21,2301,学情,東P,"1,695",+5.0 (+0.30%) ,1.53,12.11,12.9,21.16,0.00,-13.07,(単),3.95,166.90,0.53,-9.42,-17.76,8.58
2026-08-21,2303,ドーン,東S,"1,335",-22.0 (-1.62%) ,,,,,,,,,,,,,
2026-08-21,2304,ＣＳＳ　ＨＬＤＧ,東S,910,0.0 (0.00%) ,,,,,,,,,,,,,
2026-08-21,2305,スタジオアリス,東S,"1,928",+1.0 (+0.05%) ,1.08,28.18,3.9,6.37,0.00,-29.20,(連),2.59,,,,,
2026-08-21,2307,クロスキャット,東P,"1,087",-6.0 (-0.55%) ,,,,,,,,,,,,,
2026-08-21,2311,エプコ,東S,785,+3.0 (+0.38%) ,1.5,16.54,9.1,6.01,0.00,9.07,(連),4.46,,,,,
2026-08-21,2315,ＣＡＩＣＡ　ＤＩＧＩＴＡＬ,東S,64,-1.0 (-1.54%) ,2.68,52.46,11.6,1.35,0.00,-44.93,(連),0.00,,,,,
2026-08-21,2317,システナ,東P,440,-2.0 (-0.45%) ,3.97,13.90,31.4,16.28,0.00,36.19,(連),3.18,32.14,8.83,-0.59,21.43,8.29
2026-08-21,2321,ソフトフロントＨＬＤＧ,東G,131,-3.0 (-2.24%) ,,,,,,,,,,,,,
2026-08-21,2323,ｆｏｎｆｕｎ,東S,323,+1.0 (+0.31%) ,4.8,15.97,31.8,11.46,0.00,66.26,(連),0.00,,,,,
2026-08-21,2325,ＮＪＳ,東P,"4,825",+30.0 (+0.63%) ,1.61,21.05,8.0,13.15,7.74,7.83,(連),2.18,257.30,1.52,-6.33,2.78,11.32
2026-08-21,2326,デジタルアーツ,東P,"4,370",-55.0 (-1.24%) ,,,,,,,,,297.85,0.85,0.51,-29.23,10.90
2026-08-21,2327,日鉄ソリューションズ,東P,"3,866",-30.0 (-0.77%) ,2.53,22.94,11.4,11.6,0.00,15.89,(連),2.20,177.66,4.03,0.12,2.42,10.95
2026-08-21,2329,東北新社,東S,488,+3.0 (+0.62%) ,,,,,,,,,,,,,
2026-08-21,2330,フォーサイド,東S,77,+1.0 (+1.32%) ,1.09,7.57,15.8,5.29,0.00,919.15,(連),0.00,,,,,
2026-08-21,2331,ＡＬＳＯＫ,東P,"1,184.5",+9.0 (+0.77%) ,1.5,17.29,9.2,7.86,0.00,15.79,(連),2.47,84.48,0.60,-0.02,24.49,7.13
2026-08-21,2332,クエスト,東S,"1,666",-4.0 (-0.24%) ,1.15,10.93,10.9,6.13,0.00,3.60,(連),3.48,,,,,
2026-08-21,2334,イオレ,東G,508,-41.0 (-7.47%) ,,,,,,,,,,,,,
2026-08-21,2335,キューブシステム,東P,"1,090",+3.0 (+0.28%) ,1.45,10.54,14.0,8.42,0.00,13.50,(連),4.22,,,,,
2026-08-21,2337,いちご,東P,413,+6.0 (+1.47%) ,,,,,,,,,47.77,0.45,0.17,4.97,12.01
2026-08-21,2338,クオンタムソリューションズ,東S,133,-1.0 (-0.75%) ,,,,,,,,,,,,,
2026-08-21,233A,ｉＦ　インド　Ｎｉｆｔｙ５０,東ETF,"1,888",+8.0 (+0.43%) ,,,,,,,,,,,,,
2026-08-21,2340,極楽湯ＨＬＤＧ,東S,515,+2.0 (+0.39%) ,3.33,17.46,22.7,7.61,0.00,3.67,(連),1.17,,,,,
2026-08-21,2341,アルバイトタイムス,東S,172,+1.0 (+0.58%) ,1.1,16.65,6.7,3.39,0.00,92.05,(連),2.91,,,,,
2026-08-21,2342,トランスジェニックグループ,東S,257,-1.0 (-0.39%) ,,,,,,,,,,,,,
2026-08-21,2345,ＨＯＤＬ１,東S,108,+5.0 (+4.85%) ,,,,,,,,,,,,,
2026-08-21,2349,エヌアイデイ,東S,"2,543",-7.0 (-0.27%) ,1.14,11.10,10.9,12.76,0.00,6.02,(連),1.14,,,,,
2026-08-21,234A,ＧＸ　ＭＳＣＩキャッシュフロ,東ETF,"1,487",-5.0 (-0.34%) ,,,,,,,,,,,,,
2026-08-21,2351,ＡＳＪ,東S,332,+14.0 (+4.40%) ,0.89,29.46,3.1,4.73,0.00,-22.96,(連),0.90,,,,,
2026-08-21,2353,日本駐車場開発,東P,269,-1.0 (-0.37%) ,4.42,17.87,27.7,20.79,0.00,20.29,(連),2.97,19.20,0.51,0.16,9.18,11.71
2026-08-21,2354,ＹＥ　ＤＩＧＩＴＡＬ,東S,"1,325",-45.0 (-3.28%) ,2.91,18.55,17.9,8.03,0.00,18.51,(連),1.51,,,,,
2026-08-21,2359,コア,東P,"2,118",+4.0 (+0.19%) ,,,,,,,,,,,,,
2026-08-21,235A,ＧＸ　高配当　３０−日本株式,東ETF,"1,455",+5.0 (+0.34%) ,,,,,,,,,,,,,
2026-08-21,236A,ｉＳ　日本国債７−１０年,東ETF,439,-0.8 (-0.18%) ,,,,,,,,,,,,,
2026-08-21,2370,メディネット,東G,26,+1.0 (+4.00%) ,,,,,,,,,,,,,
2026-08-21,2371,カカクコム,東P,"3,700",-9.0 (-0.24%) ,11.26,38.93,29.7,28.94,0.00,-4.76,(連),1.35,112.47,1.80,-1.32,-5.71,19.48
2026-08-21,2373,ケア２１,東S,409,+1.0 (+0.25%) ,1.25,14.38,8.4,1.63,0.00,327.20,(連),4.16,,,,,
2026-08-21,2375,ギグワークス,東S,205,+2.0 (+0.99%) ,1.45,14.94,10.6,0.07,0.00,101.17,(連),0.98,,,,,
2026-08-21,2376,サイネックス,東S,784,-6.0 (-0.76%) ,0.55,87.11,0.6,0.98,0.00,-54.47,(連),1.91,,,,,
2026-08-21,2378,ルネサンス,東P,"1,068",0.0 (0.00%) ,,,,,,,,,,,,,
2026-08-21,2379,ディップ,東P,"1,880",-8.0 (-0.42%) ,2.65,16.52,16.4,16.61,0.00,-32.19,(連),5.05,77.86,-0.77,-15.25,-59.73,-3.01
2026-08-21,237A,ｉＳ　米国債２５年超,東ETF,146.3,-0.7 (-0.48%) ,,,,,,,,,,,,,
2026-08-21,2384,ＳＢＳ　ＨＬＤＧ,東P,"5,190",+190.0 (+3.80%) ,2.13,17.49,12.7,4.34,0.00,14.52,(連),1.73,356.02,0.70,1.69,13.25,12.44
2026-08-21,2385,総医研ＨＬＤＧ,東G,220,-1.0 (-0.45%) ,,,,,,,,,,,,,
2026-08-21,2388,ウェッジＨＬＤＧ,東G,36,+1.0 (+2.86%) ,,,,,,,,,,,,,
2026-08-21,238A,ｉＳ　米国債２５年超　ベッジ有,東ETF,120.7,-1.2 (-0.98%) ,,,,,,,,,,,,,
2026-08-21,2391,プラネット,東S,"1,175",+3.0 (+0.26%) ,1.38,19.44,7.2,17.84,0.00,-14.33,(単),3.70,,,,,
2026-08-21,2393,日本ケアサプライ,東S,"4,420",+55.0 (+1.26%) ,3.69,30.42,12.5,8.86,0.00,25.59,(連),1.63,,,,,
2026-08-21,2395,新日本科学,東P,"1,418",-49.0 (-3.34%) ,1.37,12.93,11.0,8.16,35.20,-9.57,(連),3.53,94.90,-1.15,4.30,-19.59,8.80
2026-08-21,239A,バレッグス,東PRO,--,-- (--%) ,0.68,3.99,18.7,8.57,0.00,48.68,(連),7.33,,,,,
2026-08-21,2404,鉄人化ＨＬＤＧ,東S,559,-7.0 (-1.24%) ,11.38,22.01,78.7,2.62,0.00,633.33,(連),0.00,,,,,
2026-08-21,2408,ＫＧ情報,東S,857,-2.0 (-0.23%) ,1.04,18.68,5.6,16.08,0.00,44.20,(連),4.20,,,,,
2026-08-21,2410,キャリアデザインセンター,東P,"2,922",-12.0 (-0.41%) ,3.32,13.94,25.7,8.48,0.00,11.54,(単),3.42,,,,,
2026-08-21,2411,ゲンダイエージェンシー,東S,465,+1.0 (+0.22%) ,,,,,,,,,,,,,
2026-08-21,2413,エムスリー,東P,"1,708",-42.5 (-2.43%) ,2.79,23.55,12.5,20.93,27.66,17.74,(連),1.29,81.12,1.82,-0.69,0.01,17.61
2026-08-21,2415,ヒューマンＨＬＤＧ,東S,"1,588",-2.0 (-0.13%) ,0.84,7.43,11.8,3.52,0.00,8.70,(連),4.35,226.40,1.17,-6.58,-13.41,2.20
2026-08-21,2418,ツカダ・グローバルＨＬＤＧ,東S,604,+3.0 (+0.50%) ,0.77,6.00,13.7,13.05,0.00,-3.00,(連),1.99,,,,,
2026-08-21,241A,ＲＯＸＸ,東G,406,+1.0 (+0.25%) ,,,,,,,,,,,,,
2026-08-21,2424,ブラス,東S,600,-1.0 (-0.17%) ,0.77,7.74,10.4,5.54,0.00,56.76,(連),1.33,,,,,
2026-08-21,2425,ケアサービス,東S,661,-6.0 (-0.90%) ,0.85,21.79,3.9,1.42,0.00,-72.12,(単),3.33,,,,,
2026-08-21,2428,ウェルネット,東S,635,+2.0 (+0.32%) ,,,,,,,,,,,,,
2026-08-21,2429,ワールドＨＬＤＧ,東P,"2,866",-1.0 (-0.03%) ,1.03,7.75,14.1,3.81,0.00,27.08,(連),4.52,430.60,0.41,5.69,15.04,16.54
2026-08-21,2432,ディー・エヌ・エー,東P,"2,496.5",-6.5 (-0.26%) ,1.15,14.57,8.0,12.66,0.91,-19.02,(連),2.64,331.14,0.08,26.97,10.98,-6.24
2026-08-21,2433,博報堂ＤＹ　ＨＬＤＧ,東P,"1,307.5",-30.5 (-2.28%) ,1.21,28.37,4.3,5.19,27.67,7.97,(連),2.45,68.34,0.41,1.20,6.31,-2.04
2026-08-21,2435,シダー,東S,216,+2.0 (+0.93%) ,,,,,,,,,,,,,
2026-08-21,2436,共同ピーアール,東S,649,+2.0 (+0.31%) ,2.61,13.12,22.7,15.22,0.00,20.79,(連),1.08,,,,,
2026-08-21,2437,Ｓｈｉｎｗａ　Ｗｉｓｅ　ＨＬＤ,東S,610,-9.0 (-1.45%) ,,,,,,,,,,,,,
2026-08-21,2438,アスカネット,東G,352,+1.0 (+0.28%) ,0.99,18.58,5.5,5.5,0.00,140.45,(連),1.99,,,,,
2026-08-21,243A,トップス,東PRO,--,-- (--%) ,1.23,20.56,6.2,2.91,0.00,-18.40,(単),0.36,,,,,
2026-08-21,2440,ぐるなび,東S,131,+1.0 (+0.77%) ,,,,,,,,,,,,,
2026-08-21,2445,タカミヤ,東S,419,-5.0 (-1.18%) ,0.82,11.07,7.7,7.22,3.62,63.69,(連),3.82,,,,,
2026-08-21,2449,プラップジャパン,東S,"1,092",-3.0 (-0.27%) ,0.9,10.16,9.0,9.72,22.72,26.86,(連),3.75,,,,,
2026-08-21,244A,グロースエクスパートナーズ,東G,"1,159",-1.0 (-0.09%) ,1.14,6.30,22.7,15.22,0.00,42.39,(連),0.00,,,,,
2026-08-21,2452,コンピュータマインド,東PRO,--,-- (--%) ,1.08,9.37,12.0,7.27,0.00,-18.75,(連),2.06,,,,,
2026-08-21,2454,オールアバウト,東S,345,+4.0 (+1.17%) ,,,,,,,,,,,,,
2026-08-21,2459,アウンコンサルティング,東S,174,-1.0 (-0.57%) ,,,,,,,,,,,,,
2026-08-21,245A,ＩＮＧＳ,東G,"2,466",-4.0 (-0.16%) ,3.17,22.37,20.0,6.34,0.00,5.65,(単),0.00,,,,,
2026-08-21,2461,ファンコミュニケーションズ,東P,397,0.0 (0.00%) ,1.5,20.11,7.4,27.69,15.68,20.60,(連),6.80,,,,,
2026-08-21,2462,ライク,東P,"1,545",+13.0 (+0.85%) ,,,,,,,,,109.90,-1.48,-27.05,-28.48,6.35
2026-08-21,2464,Ａｏｂａ−ＢＢＴ,東S,363,+2.0 (+0.55%) ,,,,,,,,,,,,,
2026-08-21,2467,ＶＬＣセキュリティ,名N,181,+2.0 (+1.12%) ,,,,,,,,,,,,,
2026-08-21,2469,ヒビノ,東S,"2,786",+9.0 (+0.32%) ,1.97,9.05,24.0,7.49,17.80,29.00,(連),3.05,292.50,-1.89,-1.00,5.64,12.30
2026-08-21,246A,アスア,東G,914,+3.0 (+0.33%) ,,,,,,,,,,,,,
2026-08-21,2471,エスプール,東P,300,-4.0 (-1.32%) ,2.29,16.27,14.4,9.29,0.00,-17.36,(連),3.33,21.80,0.77,4.40,-25.43,2.57
2026-08-21,2475,ＷＤＢ　ＨＬＤＧ,東P,"1,839",-4.0 (-0.22%) ,1.08,12.98,8.5,8.87,0.00,-9.77,(連),3.40,146.00,4.11,-7.92,-15.45,-0.13
2026-08-21,2477,手間いらず,東S,"3,090",-15.0 (-0.48%) ,2.87,18.64,16.0,73.58,0.00,9.53,(単),1.23,195.20,0.89,0.00,9.38,9.12
2026-08-21,2479,ジェイテック,東S,245,0.0 (0.00%) ,1.33,13.34,10.2,7.0,0.00,-35.76,(連),5.31,,,,,
2026-08-21,247A,Ａｉロボティクス,東G,963,-10.0 (-1.03%) ,10.33,22.17,56.7,12.95,0.00,56.07,(単),0.00,85.60,0.12,1.91,59.35,103.42
2026-08-21,2480,システム・ロケーション,東S,"1,725",-3.0 (-0.17%) ,1.5,20.49,7.7,34.84,0.00,8.49,(連),2.20,,,,,
2026-08-21,2481,タウンニュース社,東S,662,-2.0 (-0.30%) ,,,,,,,,,,,,,
2026-08-21,2483,翻訳センター,東S,"2,205",+10.0 (+0.46%) ,1.05,16.00,6.7,6.48,0.00,-17.35,(連),6.35,,,,,
2026-08-21,2484,出前館,東S,156,+1.0 (+0.65%) ,,,,,,,,,,,,,
2026-08-21,2485,ティア,東S,451,+5.0 (+1.12%) ,1.18,11.38,10.6,7.62,0.00,26.79,(連),4.43,,,,,
2026-08-21,2488,ＪＴＰ,東S,"1,451",-7.0 (-0.48%) ,2.01,12.03,17.8,9.73,0.00,18.36,(単),3.38,,,,,
2026-08-21,2489,アドウェイズ,東S,380,-2.0 (-0.52%) ,1.09,58.73,1.9,2.43,16.66,20.68,(連),1.69,,,,,
2026-08-21,248A,キッズスター,東G,814,-4.0 (-0.49%) ,0.9,13.20,6.7,21.43,0.00,48.21,(連),0.00,,,,,
2026-08-21,2491,バリューコマース,東P,483,0.0 (0.00%) ,,,,,,,,,,,,,
2026-08-21,2492,インフォマート,東P,590,-15.0 (-2.48%) ,11.0,69.49,16.7,15.21,0.00,138.92,(連),0.92,12.62,0.99,-0.49,4.96,16.91
2026-08-21,2493,イーサポートリンク,東S,949,+3.0 (+0.32%) ,1.13,28.61,4.1,2.18,0.00,-13.74,(連),0.53,,,,,
2026-08-21,2497,ユナイテッド,東G,529,+3.0 (+0.57%) ,,,,,,,,,,,,,
2026-08-21,2498,オリエンタルコンサルタンツＨＤ,東S,"3,310",+55.0 (+1.69%) ,1.4,10.40,14.5,5.9,38.90,43.64,(連),3.63,,,,,
2026-08-21,2499,日本和装ＨＬＤＧ,東S,292,0.0 (0.00%) ,,,,,,,,,,,,,
2026-08-21,2501,サッポロビール,東P,"1,916.5",+4.5 (+0.24%) ,3.41,38.31,9.4,4.82,24.24,96.13,(連),0.94,530.49,0.00,"1,116.03",636.31,-1.42
2026-08-21,2502,アサヒグループＨＬＤＧ,東P,"1,680.5",+9.0 (+0.54%) ,0.82,20.67,4.3,6.42,55.97,-32.85,(連),3.09,128.80,0.22,-0.77,-8.39,3.51
2026-08-21,2503,キリンＨＬＤＧ,東P,"3,038",+6.0 (+0.20%) ,,,,,,,,,217.50,0.72,1.31,12.65,3.66
2026-08-21,250A,シマダヤ,東S,"1,620",0.0 (0.00%) ,1.26,9.47,14.2,9.18,0.00,12.32,(連),3.21,,,,,
2026-08-21,2510,ＮＦ国内債券ＢＰＩ総合連動,東ETF,803.7,0.0 (0.00%) ,,,,,,,,,,,,,
2026-08-21,2511,ＮＦ外国債券ヘッジなし,東ETF,"1,188",+5.0 (+0.42%) ,,,,,,,,,,,,,
2026-08-21,2512,ＮＦ外国債券ヘッジあり,東ETF,729.3,-0.4 (-0.05%) ,,,,,,,,,,,,,
2026-08-21,2513,ＮＦ外国株式ヘッジなし,東ETF,"3,621",-13.0 (-0.36%) ,,,,,,,,,,,,,
2026-08-21,2514,ＮＦ外国株式ヘッジあり,東ETF,"2,040",-15.0 (-0.73%) ,,,,,,,,,,,,,
2026-08-21,2515,ＮＦ外国ＲＥＩＴヘッジなし,東ETF,"1,704",+2.0 (+0.12%) ,,,,,,,,,,,,,
2026-08-21,2516,東証グロース２５０ＥＴＦ,東ETF,610,-5.4 (-0.88%) ,,,,,,,,,,,,,
2026-08-21,2517,ＭＸＳ　Ｊリート・コア,東ETF,"1,093",-3.5 (-0.32%) ,,,,,,,,,,,,,
2026-08-21,2518,ＮＦ日本株女性活躍連動型,東ETF,"2,385",-50.0 (-2.05%) ,,,,,,,,,,,,,
2026-08-21,2519,ＮＦ新興国債券ヘッジなし,東ETF,"1,203",+0.5 (+0.04%) ,,,,,,,,,,,,,
2026-08-21,2520,ＮＦ新興国株式ヘッジなし,東ETF,"2,381",+29.0 (+1.23%) ,,,,,,,,,,,,,
2026-08-21,2521,上場米国株式為替ヘッジあり,東ETF,"2,161",-20.0 (-0.92%) ,,,,,,,,,,,,,
2026-08-21,2522,ｉＳロボット,東ETF,"8,976",+1.0 (+0.01%) ,,,,,,,,,,,,,
2026-08-21,2523,ＭＸＳトピックス除く金融,東ETF,--,-- (--%) ,,,,,,,,,,,,,
2026-08-21,2524,ＮＺＡＭ　ＴＯＰＩＸ,東ETF,"4,160",+7.0 (+0.17%) ,,,,,,,,,,,,,
2026-08-21,2525,ＮＺＡＭ日経２２５,東ETF,"66,460",-240.0 (-0.36%) ,,,,,,,,,,,,,
2026-08-21,2526,ＮＺＡＭ　ＪＰＸ日経４００,東ETF,"37,140",0.0 (0.00%) ,,,,,,,,,,,,,
2026-08-21,2527,ＮＺＡＭ東証ＲＥＩＴ　Ｃｏｒｅ,東ETF,"1,105",-6.0 (-0.54%) ,,,,,,,,,,,,,
2026-08-21,2528,ｉＦ東証ＲＥＩＴ　Ｃｏｒｅ,東ETF,"1,100",-6.0 (-0.54%) ,,,,,,,,,,,,,
2026-08-21,2529,ＮＦ野村株主還元７０連動型,東ETF,"2,382",+24.0 (+1.02%) ,,,,,,,,,,,,,
2026-08-21,252A,ウェッジ,東PRO,--,-- (--%) ,1.82,20.41,9.4,3.55,0.00,11.11,(連),0.49,,,,,
2026-08-21,2530,ＭＸＳ中国上海１８０Ａ株,東ETF,"17,595",0.0 (0.00%) ,,,,,,,,,,,,,
2026-08-21,2531,宝ＨＬＤＧ,東P,"2,182",-13.0 (-0.59%) ,1.62,36.05,4.6,4.33,62.72,-23.98,(連),1.42,,,,,
2026-08-21,2533,オエノンＨＬＤＧ,東P,479,+6.0 (+1.27%) ,,,,,,,,,,,,,
2026-08-21,253A,ＥＴＳグループ,東S,"1,037",+6.0 (+0.58%) ,1.92,14.16,14.5,6.37,0.00,121.15,(連),1.64,,,,,
2026-08-21,254A,ＡＩ　フュージョンキャピタルグ,東S,"1,164",-26.0 (-2.18%) ,,,,,,,,,,,,,
2026-08-21,2551,マルサンアイ,名M,"3,590",+15.0 (+0.42%) ,1.15,11.37,10.6,2.61,12.26,-22.84,(連),1.39,,,,,
2026-08-21,2552,上場Ｊリート隔月分配型ミニ,東ETF,"1,934",-13.0 (-0.67%) ,,,,,,,,,,,,,
2026-08-21,2553,Ｏｎｅ南方中国Ａ株ＣＳＩ５００,東ETF,"2,448",+9.0 (+0.37%) ,,,,,,,,,,,,,
2026-08-21,2554,ＮＦ米国社債１０年ヘッジ,東ETF,749.9,-0.1 (-0.01%) ,,,,,,,,,,,,,
2026-08-21,2555,東証ＲＥＩＴ　ＥＴＦ,東ETF,"1,858",-3.0 (-0.16%) ,,,,,,,,,,,,,
2026-08-21,2556,Ｏｎｅ東証ＲＥＩＴ,東ETF,"1,857.5",-5.5 (-0.30%) ,,,,,,,,,,,,,
2026-08-21,2557,ＳＭＤＡＭトピックス上場投信,東ETF,"4,107",+7.0 (+0.17%) ,,,,,,,,,,,,,
2026-08-21,2558,ＭＡＸＩＳ米株ＳＰ５００,東ETF,"3,500",-20.0 (-0.57%) ,,,,,,,,,,,,,
2026-08-21,2559,ＭＡＸＩＳ全世界株式,東ETF,"2,997",-3.0 (-0.10%) ,,,,,,,,,,,,,
2026-08-21,255A,ジーエルテクノＨＬＤＧ,東S,"5,090",-110.0 (-2.12%) ,1.34,12.40,11.4,15.07,42.39,16.53,(連),2.42,,,,,
2026-08-21,2560,ＭＡＸＩＳカーボン日本株,東ETF,--,-- (--%) ,,,,,,,,,,,,,
2026-08-21,2561,ｉＳコア日本国債ＥＴＦ,東ETF,"1,986",+1.0 (+0.05%) ,,,,,,,,,,,,,
2026-08-21,2562,上場米株ダウ平均為替ヘッジあり,東ETF,"3,671",-47.0 (-1.26%) ,,,,,,,,,,,,,
2026-08-21,2563,ｉＳＳＰ５百米株ヘジ,東ETF,403.9,-3.9 (-0.96%) ,,,,,,,,,,,,,
2026-08-21,2564,ＧＸスーパーディビ,東ETF,"3,670",+99.0 (+2.77%) ,,,,,,,,,,,,,
2026-08-21,2565,ＧＸロジＪリート,東ETF,890,-8.0 (-0.89%) ,,,,,,,,,,,,,
2026-08-21,2566,上場日経 ＥＳＧリート,東ETF,"1,021",-7.0 (-0.68%) ,,,,,,,,,,,,,
2026-08-21,2567,ＮＺＡＭ　カーボン,東ETF,536,+10.0 (+1.90%) ,,,,,,,,,,,,,
2026-08-21,2568,上場ＮＳＱ１００ヘ無,東ETF,"7,982",-108.0 (-1.33%) ,,,,,,,,,,,,,
2026-08-21,2569,上場ＮＳＱ１００ヘ有,東ETF,"4,278",-41.0 (-0.95%) ,,,,,,,,,,,,,
2026-08-21,256A,飛島ＨＬＤＧ,東P,"2,135",0.0 (0.00%) ,,,,,,,,,,,,,
2026-08-21,2573,北海道コカ・コーラボトリング,東S,"4,010",+20.0 (+0.50%) ,1.26,32.66,3.9,4.44,0.00,16.79,(連),0.75,,,,,
2026-08-21,2579,コカ・コーラボトラーズＪＰＨＤ,東P,"3,863",-6.0 (-0.16%) ,,,,,,,,,145.99,-0.18,-0.55,17.91,1.13
2026-08-21,257A,ＳＭＴ日本株厳選投資アクティブ,東ETF,"3,372",-18.0 (-0.53%) ,,,,,,,,,,,,,
2026-08-21,2585,ライフドリンク　カンパニー,東P,"1,602",-26.0 (-1.60%) ,5.05,24.10,22.6,10.12,0.00,10.27,(連),0.87,82.97,0.79,-5.28,-14.68,29.39
2026-08-21,2586,フルッタフルッタ,東G,80,0.0 (0.00%) ,,,,,,,,,,,,,
2026-08-21,2587,サントリービバレッジ＆フード,東P,"4,571",0.0 (0.00%) ,1.07,15.92,7.0,8.67,57.14,-8.73,(連),2.63,290.51,13.38,-0.13,-12.35,4.47
2026-08-21,2588,プレミアムウォーターＨＬＤＧ,東S,"3,755",+130.0 (+3.59%) ,3.58,13.28,29.6,15.75,0.00,32.48,(連),3.06,,,,,
2026-08-21,258A,ＳＭＴ国内リート厳選アクティブ,東ETF,"2,078",-8.0 (-0.38%) ,,,,,,,,,,,,,
2026-08-21,2590,ダイドーグループＨＬＤＧ,東P,"3,025",+32.0 (+1.07%) ,,,,,,,,,167.20,-0.15,8.54,147.22,3.83
2026-08-21,2593,伊藤園,東P,"2,970",-6.0 (-0.20%) ,1.94,110.53,2.0,4.36,14.45,1.28,(連),1.62,97.67,0.12,-9.75,-26.21,1.89
2026-08-21,2594,キーコーヒー,東P,"2,027",+4.0 (+0.20%) ,1.37,43.93,3.2,1.16,0.00,107.23,(連),0.59,,,,,
2026-08-21,2597,ユニカフェ,東S,"1,192",+10.0 (+0.85%) ,2.25,23.66,9.9,4.42,0.00,32.84,(連),0.84,,,,,
2026-08-21,259A,ケイ・ウノ,名N,"1,720",0.0 (0.00%) ,1.43,78.65,2.0,1.46,0.00,-67.95,(連),0.00,,,,,
2026-08-21,2602,日清オイリオグループ,東P,"2,067",+30.0 (+1.47%) ,0.9,8.12,12.1,3.07,29.74,-11.38,(連),2.90,113.70,-0.32,-18.23,-37.20,6.27
2026-08-21,2607,不二製油,東P,"4,612",+124.0 (+2.76%) ,1.65,35.59,5.0,3.86,67.77,239.57,(連),1.13,276.21,0.14,0.28,0.78,6.98
2026-08-21,2612,かどや製油,東S,"1,751",+1.0 (+0.06%) ,1.29,17.75,7.5,9.54,18.53,19.62,(連),2.61,,,,,
2026-08-21,2613,Ｊ―オイルミルズ,東P,"2,226",+14.0 (+0.63%) ,0.67,15.50,4.4,1.94,0.00,-42.37,(連),3.14,,,,,
2026-08-21,261A,日水コン,東S,"1,962",+11.0 (+0.56%) ,1.55,13.34,11.9,9.74,0.00,15.22,(連),3.77,,,,,
2026-08-21,2620,ｉＳ米国債 １−３ 年,東ETF,369.4,+1.2 (+0.33%) ,,,,,,,,,,,,,
2026-08-21,2621,ｉＳ米国債 ２０年超ヘッジ,東ETF,997,-7.0 (-0.70%) ,,,,,,,,,,,,,
2026-08-21,2622,ｉＳ米ドル建て新興国債ヘッジ,東ETF,"1,704",-6.0 (-0.35%) ,,,,,,,,,,,,,
2026-08-21,2623,ｉＳユーロ建て投資社債 ヘッジ,東ETF,"1,938",+3.0 (+0.16%) ,,,,,,,,,,,,,
2026-08-21,2624,ｉＦ日経２２５（年４回決算型）,東ETF,"6,650",+6.0 (+0.09%) ,,,,,,,,,,,,,
2026-08-21,2625,ｉＦＴＯＰＩＸ（年４回決算型）,東ETF,"4,077",+11.0 (+0.27%) ,,,,,,,,,,,,,
2026-08-21,2626,ＧＸデジタルイノベーション,東ETF,"3,273",-22.0 (-0.67%) ,,,,,,,,,,,,,
2026-08-21,2627,ＧＸｅコマース,東ETF,"1,585",-12.0 (-0.75%) ,,,,,,,,,,,,,
2026-08-21,2628,ｉＦ中国科創板５０,東ETF,"3,999",+99.0 (+2.54%) ,,,,,,,,,,,,,
2026-08-21,2629,ｉＦ中国ＧＢＡ１００,東ETF,"3,640",+9.0 (+0.25%) ,,,,,,,,,,,,,
2026-08-21,262A,インターメスティック,東P,"1,850",-25.0 (-1.33%) ,2.18,13.74,16.8,11.94,0.00,22.57,(連),2.38,174.15,0.37,-3.53,18.84,39.39
2026-08-21,2630,ＭＡＸＩＳ米株Ｓ＆Ｐ５００,東ETF,"16,165",-20.0 (-0.12%) ,,,,,,,,,,,,,
2026-08-21,2631,ＭＡＸＩＳナスダック１００,東ETF,"33,320",-210.0 (-0.63%) ,,,,,,,,,,,,,
2026-08-21,2632,ＭＡＸＩＳナスダック１００ヘ,東ETF,"17,845",-160.0 (-0.89%) ,,,,,,,,,,,,,
2026-08-21,2633,ＮＦ　Ｓ＆Ｐ５００ ヘッジなし,東ETF,562,-3.3 (-0.58%) ,,,,,,,,,,,,,
2026-08-21,2634,ＮＦ　Ｓ＆Ｐ５００ ヘッジあり,東ETF,"3,160",-31.0 (-0.97%) ,,,,,,,,,,,,,
2026-08-21,2636,ＧＸ ガバナンス・クオリティ,東ETF,"4,920",-16.0 (-0.32%) ,,,,,,,,,,,,,
2026-08-21,2637,ＧＸ　クリーンテック,東ETF,"2,712",+26.0 (+0.97%) ,,,,,,,,,,,,,
2026-08-21,2638,ＧＸ ロボティクス＆ＡＩ,東ETF,"2,659",-25.0 (-0.93%) ,,,,,,,,,,,,,
2026-08-21,2639,ＧＸ バイオ＆メドテック,東ETF,"1,767",-33.0 (-1.83%) ,,,,,,,,,,,,,
2026-08-21,263A,デジタルキューブ,東PRO,--,-- (--%) ,,,,,,,,,,,,,
2026-08-21,2640,ＧＸ ゲーム＆アニメ,東ETF,"4,119",-113.0 (-2.67%) ,,,,,,,,,,,,,
2026-08-21,2641,ＧＸグローバルリーダーズ,東ETF,"4,506",-5.0 (-0.11%) ,,,,,,,,,,,,,
2026-08-21,2642,ＳＭＴカーボンエフィシェント,東ETF,"53,430",+190.0 (+0.36%) ,,,,,,,,,,,,,
2026-08-21,2643,ＮＦＭＳＣＩジャパンセレクト,東ETF,"4,252",-21.0 (-0.49%) ,,,,,,,,,,,,,
2026-08-21,2644,ＧＸ　半導体関連,東ETF,"3,970",+28.0 (+0.71%) ,,,,,,,,,,,,,
2026-08-21,2645,ＧＸ　レジャー＆エンターテイン,東ETF,"3,069",-14.0 (-0.45%) ,,,,,,,,,,,,,
2026-08-21,2646,ＧＸ　メタルビジネス,東ETF,"3,787",-53.0 (-1.38%) ,,,,,,,,,,,,,
2026-08-21,2647,ＮＦ米国債７―１０年ヘッジなし,東ETF,"5,879",-12.0 (-0.20%) ,,,,,,,,,,,,,
2026-08-21,2648,ＮＦ米国債７―１０年ヘッジあり,東ETF,"3,352",-10.0 (-0.30%) ,,,,,,,,,,,,,
2026-08-21,2649,ｉＳ米国政府系機関ジニ　ヘッジ,東ETF,579.3,-0.7 (-0.12%) ,,,,,,,,,,,,,
2026-08-21,264A,Ｓｃｈｏｏ,東G,333,-16.0 (-4.58%) ,2.22,23.27,14.0,8.63,0.00,196.55,(単),0.00,,,,,
2026-08-21,2652,まんだらけ,東S,428,-1.0 (-0.23%) ,1.17,12.46,9.8,11.8,16.07,-14.84,(単),0.23,,,,,
2026-08-21,2653,イオン九州,東S,"2,823",+2.0 (+0.07%) ,1.6,16.13,10.4,1.96,0.00,4.39,(連),1.77,,,,,
2026-08-21,2654,アスモ,東S,426,+1.0 (+0.24%) ,0.82,12.32,6.9,3.07,12.30,120.13,(連),2.35,,,,,
2026-08-21,2656,ベクターＨＬＤＧ,東S,189,-11.0 (-5.50%) ,,,,,,,,,,,,,
2026-08-21,2659,サンエー,東P,"3,365",0.0 (0.00%) ,1.33,19.49,7.0,6.95,0.00,1.72,(連),3.71,188.30,1.97,1.35,0.11,4.69
2026-08-21,265A,Ｈｍｃｏｍｍ,東G,709,+6.0 (+0.85%) ,1.7,156.51,1.1,3.42,0.00,-45.83,(単),0.00,,,,,
2026-08-21,2664,カワチ薬品,東P,"3,785",-15.0 (-0.39%) ,0.73,26.41,2.8,2.38,0.00,-5.31,(連),2.64,,,,,
2026-08-21,2666,オートウェーブ,東S,180,0.0 (0.00%) ,,,,,,,,,,,,,
2026-08-21,2667,イメージワン,東S,102,-3.0 (-2.86%) ,,,,,,,,,,,,,
2026-08-21,2668,タビオ,東S,"1,272",0.0 (0.00%) ,1.61,15.17,11.2,5.25,0.00,21.49,(連),2.36,,,,,
2026-08-21,2669,カネ美食品,東S,"4,000",0.0 (0.00%) ,1.27,21.17,6.1,3.18,0.00,-7.40,(単),0.95,,,,,
2026-08-21,266A,グローカルマーケティング,東PRO,--,-- (--%) ,,,,,,,,,,,,,
2026-08-21,2670,エービーシー・マート,東P,"2,793.5",-14.0 (-0.50%) ,1.74,14.92,12.1,16.71,28.14,3.93,(連),2.68,191.46,6.39,-0.10,-0.89,3.83
2026-08-21,2673,夢みつけ隊,東S,118,+2.0 (+1.72%) ,0.41,7.71,5.8,8.29,0.00,71.43,(連),0.00,,,,,
2026-08-21,2674,ハードオフコーポレーション,東P,"2,725",-68.0 (-2.43%) ,1.88,15.04,13.1,8.62,0.00,2.53,(連),3.12,,,,,
2026-08-21,2676,高千穂交易,東P,"2,080",+1.0 (+0.05%) ,2.21,27.41,8.2,7.11,28.39,20.16,(連),3.65,,,,,
2026-08-21,2678,アスクル,東P,"1,280",+2.0 (+0.16%) ,,,,,,,,,52.21,-0.20,-1.73,-45.79,-0.07
2026-08-21,267A,トワライズ,東PRO,--,-- (--%) ,,,,,,,,,,,,,
2026-08-21,2681,ゲオＨＬＤＧ,東P,"2,352",+29.0 (+1.25%) ,0.95,10.70,9.3,2.96,10.02,25.56,(連),1.45,,,,,
2026-08-21,2683,魚喜,東S,"1,010",-2.0 (-0.20%) ,2.82,83.06,3.5,0.93,0.00,-14.29,(連),0.99,,,,,
2026-08-21,2685,アンドエスティＨＤ,東P,"3,535",+45.0 (+1.29%) ,,,,,,,,,248.26,0.68,0.47,-3.81,3.79
2026-08-21,2687,シー・ヴイ・エス・ベイエリア,東S,505,-2.0 (-0.39%) ,,,,,,,,,,,,,
2026-08-21,2689,オルバヘルスケアＨＬＤＧ,東S,"1,873",-3.0 (-0.16%) ,,,,,,,,,,,,,
2026-08-21,268A,リガク・ＨＬＤＧ,東P,"1,701",-68.0 (-3.84%) ,4.35,33.89,13.4,17.74,36.59,-11.16,(連),1.11,60.05,1.50,-0.06,-6.46,6.15
2026-08-21,2693,ＹＫＴ,東S,300,0.0 (0.00%) ,0.44,62.50,0.7,-1.49,72.18,-131.47,(連),1.67,,,,,
2026-08-21,2694,焼肉坂井ＨＬＤＧ,東S,72,0.0 (0.00%) ,,,,,,,,,,,,,
2026-08-21,2695,くら寿司,東P,"1,729",+10.0 (+0.58%) ,,,,,,,,,41.51,-4.86,-4.44,-22.10,5.22
2026-08-21,2698,キャンドゥ,東S,"3,675",+45.0 (+1.24%) ,5.58,131.77,4.3,1.76,0.00,67.80,(連),0.46,,,,,
2026-08-21,269A,Ｓａｐｅｅｔ,東G,"2,685",-59.0 (-2.15%) ,8.5,59.34,21.2,5.52,0.00,260.71,(単),0.00,,,,,
2026-08-21,2700,木徳神糧,東S,"1,790",-5.0 (-0.28%) ,,,,,,,,,134.40,-0.17,-39.39,-63.64,24.35
2026-08-21,2702,日本マクドナルドＨＬＤＧ,東S,"8,070",+70.0 (+0.88%) ,3.83,31.64,12.7,12.78,0.00,9.84,(連),0.69,271.87,4.46,-0.59,4.73,1.06
2026-08-21,2705,大戸屋ＨＬＤＧ,東S,"9,240",+80.0 (+0.87%) ,16.32,54.35,28.7,5.78,10.71,28.03,(連),0.22,,,,,
2026-08-21,2708,久世,東S,"1,888",+12.0 (+0.64%) ,,,,,,,,,,,,,
2026-08-21,271A,アクセリア,東PRO,--,-- (--%) ,,,,,,,,,,,,,
2026-08-21,2721,ジェイＨＬＤＧ,東S,112,+3.0 (+2.75%) ,,,,,,,,,,,,,
2026-08-21,2722,ＩＫＨＬＤＧ,東S,359,0.0 (0.00%) ,,,,,,,,,,,,,
2026-08-21,2726,パルグループＨＬＤＧ,東P,"1,524",-8.0 (-0.52%) ,3.17,14.94,22.9,11.57,0.00,13.37,(連),2.62,109.22,1.98,-0.90,-3.62,9.42
2026-08-21,2730,エディオン,東P,"2,547",-15.0 (-0.59%) ,1.15,17.40,6.8,3.25,0.00,9.40,(連),1.88,148.50,11.80,0.00,11.81,2.88
2026-08-21,2733,あらた,東P,"2,683",+24.0 (+0.90%) ,0.72,8.86,8.4,1.31,0.00,-13.34,(連),4.17,218.10,-0.44,-13.39,-44.16,2.20
2026-08-21,2734,サーラコーポレーション,東P,"1,232",+4.0 (+0.33%) ,,,,,,,,,,,,,
2026-08-21,2735,ワッツ,東S,717,+3.0 (+0.42%) ,0.73,10.86,6.8,2.3,0.00,16.37,(連),3.21,67.80,3.86,9.68,21.43,1.85
2026-08-21,2736,フェスタリアＨＬＤＧ,東S,670,+3.0 (+0.45%) ,1.44,13.54,11.3,3.07,0.00,25.66,(連),1.04,,,,,
2026-08-21,2737,トーメンデバイス,東P,"28,350",-620.0 (-2.14%) ,3.25,19.25,18.4,2.96,80.18,80.59,(連),1.90,,,,,
2026-08-21,273A,ＳＢＩサウジアラビア株式上場投,東ETF,"10,000",+70.0 (+0.70%) ,,,,,,,,,,,,,
2026-08-21,2742,ハローズ,東P,"3,945",-25.0 (-0.63%) ,1.08,9.37,12.2,5.53,0.00,2.15,(単),1.77,,,,,
2026-08-21,2747,北雄ラッキー,東S,"3,165",0.0 (0.00%) ,0.68,36.92,1.9,0.61,0.00,8.29,(単),1.58,,,,,
2026-08-21,2749,ＪＰ　ＨＬＤＧ,東P,660,0.0 (0.00%) ,,,,,,,,,48.10,-3.49,0.00,2.33,2.94
2026-08-21,274A,ガーデン,東S,"2,368",+11.0 (+0.47%) ,2.2,26.27,8.0,7.27,0.00,-29.67,(単),4.22,,,,,
2026-08-21,2750,石光商事,東S,"1,350",+16.0 (+1.20%) ,0.78,8.27,9.9,3.54,19.67,61.75,(連),3.33,,,,,
2026-08-21,2751,テンポスＨＬＤＧ,東S,"3,750",-10.0 (-0.27%) ,2.53,23.85,11.3,5.41,0.00,8.26,(連),0.24,,,,,
2026-08-21,2752,フジオフードグループ本社,東P,"1,124",+5.0 (+0.45%) ,6.64,638.64,1.0,2.27,0.00,-42.14,(連),0.27,3.10,4.74,35.94,-74.41,2.02
2026-08-21,2753,あみやき亭,東P,"1,391",-6.0 (-0.43%) ,1.27,22.49,5.7,5.86,0.00,-14.01,(連),2.44,70.60,1.40,5.83,-18.06,7.72
2026-08-21,275A,ハンワホームズ,名N,365,-21.0 (-5.44%) ,3.87,11.22,48.4,4.84,0.00,505.88,(単),0.00,,,,,
2026-08-21,2760,東京エレクトロン　デバイス,東P,"3,970",-45.0 (-1.12%) ,2.21,14.93,15.6,5.03,20.42,-14.59,(連),2.70,332.40,0.48,14.52,14.52,6.84
2026-08-21,2762,ＳＡＮＫＯ　ＭＡＲＫＥＴＩＮＧ,東S,71,0.0 (0.00%) ,,,,,,,,,,,,,
2026-08-21,2764,ひらまつ,東S,151,+2.0 (+1.34%) ,1.74,48.55,3.7,2.02,0.00,17.92,(連),0.00,,,,,
2026-08-21,2767,円谷フィールズＨＬＤＧ,東P,"2,540",+74.0 (+3.00%) ,2.59,12.11,23.3,10.02,0.00,7.83,(連),2.76,224.10,1.60,7.59,4.81,20.96
2026-08-21,2768,双日,東P,"5,624",+100.0 (+1.81%) ,,,,,,,,,614.72,0.37,0.11,6.10,9.16
2026-08-21,2769,ヴィレッジヴァンガードコーポレ,東S,905,+1.0 (+0.11%) ,,,,,,,,,,,,,
2026-08-21,276A,ククレブ・アドバイザーズ,東G,"3,575",+20.0 (+0.56%) ,,,,,,,,,,,,,
2026-08-21,2776,新都ＨＬＤＧ,東S,95,0.0 (0.00%) ,1.54,42.99,4.1,2.12,27.06,"1,008.16",(連),0.00,,,,,
2026-08-21,2778,パレモＨＬＤＧ,東S,113,+2.0 (+1.80%) ,1.03,63.48,1.4,1.35,0.00,9.26,(連),0.00,,,,,
2026-08-21,277A,グロービング,東P,"1,846",-12.0 (-0.65%) ,,,,,,,,,120.10,1.28,-3.89,9.78,39.79
2026-08-21,2780,コメ兵ＨＬＤＧ,東S,"5,140",-170.0 (-3.20%) ,1.51,10.28,15.7,4.19,12.14,40.82,(連),2.06,652.00,0.27,2.40,14.78,30.06
2026-08-21,2782,セリア,東S,"4,250",-55.0 (-1.28%) ,2.87,19.40,14.6,8.2,0.00,25.27,(単),1.76,247.95,1.32,0.55,29.54,8.39
2026-08-21,2784,アルフレッサＨＬＤＧ,東P,"2,337",+17.0 (+0.73%) ,0.84,10.18,8.4,1.17,0.00,-4.57,(連),2.91,135.63,-0.42,-4.13,-15.42,3.44
2026-08-21,2788,アップルインターナショナル,東S,413,0.0 (0.00%) ,0.52,6.73,7.9,1.39,65.18,-63.65,(連),2.42,,,,,
2026-08-21,2789,カルラ,東S,474,-1.0 (-0.21%) ,1.25,11.39,11.5,4.06,0.00,-16.71,(連),1.05,,,,,
2026-08-21,278A,Ｔｅｒｒａ　Ｄｒｏｎｅ,東G,"13,960",-100.0 (-0.71%) ,,,,,,,,,,,,,
2026-08-21,2790,ナフコ,東S,"2,149",+2.0 (+0.09%) ,0.35,236.41,0.1,0.93,0.00,11.96,(単),2.70,,,,,
2026-08-21,2791,大黒天物産,東P,"4,545",-75.0 (-1.62%) ,,,,,,,,,320.60,0.69,1.54,-62.92,7.26
2026-08-21,2792,ハニーズＨＬＤＧ,東P,"1,449",-1.0 (-0.07%) ,,,,,,,,,,,,,
2026-08-21,2795,日本プリメックス,東S,--,-- (--%) ,0.6,11.30,5.5,6.89,7.09,15.07,(連),2.57,,,,,
2026-08-21,2796,ファーマライズホールディングス,東S,500,+1.0 (+0.20%) ,0.84,49.95,1.7,1.41,0.00,425.74,(連),2.80,,,,,
2026-08-21,2798,ワイズテーブルコーポレーション,東S,"3,055",+5.0 (+0.16%) ,11.41,49.09,26.3,1.91,0.00,39.11,(連),0.00,,,,,
2026-08-21,279A,インターグ,東PRO,--,-- (--%) ,,,,,,,,,,,,,
2026-08-21,2801,キッコーマン,東P,"1,837.5",-0.5 (-0.03%) ,3.04,27.85,11.5,10.19,77.82,0.38,(連),1.36,70.85,3.52,0.37,5.86,7.31
2026-08-21,2802,味の素,東P,"5,396",+47.0 (+0.88%) ,,,,,,,,,142.06,14.08,0.31,-1.94,6.18
2026-08-21,2804,ブルドックソース,東P,"1,845",+1.0 (+0.05%) ,0.92,9.70,10.5,4.17,4.75,52.55,(連),2.44,,,,,
2026-08-21,2805,エスビー食品,東S,"6,800",+20.0 (+0.29%) ,,,,,,,,,339.18,-7.98,0.92,10.00,4.54
2026-08-21,2806,ユタカフーズ,東S,"1,888",-1.0 (-0.05%) ,0.57,64.20,0.9,0.95,0.00,-63.62,(単),2.12,,,,,
2026-08-21,2809,キユーピー,東P,"4,779",-18.0 (-0.38%) ,2.05,21.66,9.7,6.74,19.54,1.40,(連),1.34,187.25,-1.69,0.18,1.60,4.21
2026-08-21,280A,ＴＭＨ,東G,"1,144",-28.0 (-2.39%) ,2.97,16.89,17.5,4.11,85.85,10.46,(連),0.00,,,,,
2026-08-21,2810,ハウス食品グループ本社,東P,"3,766",+4.0 (+0.11%) ,1.17,47.24,2.5,5.76,25.71,-8.71,(連),1.86,195.85,0.13,11.69,-3.70,0.96
2026-08-21,2811,カゴメ,東P,"2,701",+2.5 (+0.09%) ,1.29,16.73,7.9,7.69,45.22,-37.27,(連),1.78,145.42,-1.87,-3.12,-17.42,-0.38
2026-08-21,2813,和弘食品,東S,"3,970",+30.0 (+0.76%) ,0.96,8.59,12.2,9.03,23.82,-0.68,(連),2.52,,,,,
2026-08-21,2814,佐藤食品工業,東S,"3,455",+25.0 (+0.73%) ,0.61,17.75,3.7,11.09,0.00,11.56,(単),1.45,,,,,
2026-08-21,2815,アリアケジャパン,東P,"5,370",+10.0 (+0.19%) ,1.28,18.08,7.3,17.6,27.63,14.63,(連),3.35,299.35,22.26,1.01,-13.64,2.84
2026-08-21,2816,ダイショー,東S,"1,409",-1.0 (-0.07%) ,1.35,29.88,4.6,2.47,0.00,-1.04,(単),1.49,,,,,
2026-08-21,2818,ピエトロ,東S,"1,760",-4.0 (-0.23%) ,,,,,,,,,,,,,
2026-08-21,2819,エバラ食品工業,東S,"2,602",-19.0 (-0.72%) ,0.7,14.24,5.1,4.81,0.00,26.64,(連),1.81,,,,,
2026-08-21,281A,インフォメティス,東G,436,-13.0 (-2.90%) ,,,,,,,,,,,,,
2026-08-21,2820,やまみ,東S,"6,280",+70.0 (+1.13%) ,,,,,,,,,252.61,-2.92,0.00,12.08,9.59
2026-08-21,282A,ＧＸ　半導体・トップ１０−日本,東ETF,"2,370",+19.0 (+0.81%) ,,,,,,,,,,,,,
2026-08-21,2831,はごろもフーズ,東S,"3,675",-5.0 (-0.14%) ,0.7,13.12,5.8,4.19,0.00,9.21,(連),1.90,,,,,
2026-08-21,2836,ＧＸ　フィンテック日本株,東ETF,"3,295",-11.0 (-0.33%) ,,,,,,,,,,,,,
2026-08-21,2837,ＧＸ中小型リーダーズ日本,東ETF,"4,775",-43.0 (-0.89%) ,,,,,,,,,,,,,
2026-08-21,2838,ＭＸＳ米国債７―１０ヘッジなし,東ETF,"8,677",-26.0 (-0.30%) ,,,,,,,,,,,,,
2026-08-21,2839,ＭＸＳ米国債７―１０ヘッジあり,東ETF,"4,975",-15.0 (-0.30%) ,,,,,,,,,,,,,
2026-08-21,283A,ＧＸ　ＵＳテック・配当貴族,東ETF,"1,348",-6.0 (-0.44%) ,,,,,,,,,,,,,
2026-08-21,2840,ｉＦｒＥＴＦ　ＮＡＳＤ１００無,東ETF,"2,684",-19.0 (-0.70%) ,,,,,,,,,,,,,
2026-08-21,2841,ｉＦｒＥＴＦ　ＮＡＳＤ１００有,東ETF,"1,684",-14.0 (-0.82%) ,,,,,,,,,,,,,
2026-08-21,2842,ｉＦｒＥＴＦ　ＮＡＳＤ１００イ,東ETF,"12,255",+110.0 (+0.91%) ,,,,,,,,,,,,,
2026-08-21,2843,上場インファンド豪州国債有,東ETF,"3,680",-5.0 (-0.14%) ,,,,,,,,,,,,,
2026-08-21,2844,上場インファンド豪州国債無,東ETF,"5,580",+18.0 (+0.32%) ,,,,,,,,,,,,,
2026-08-21,2845,ＮＦ　ＮＳＱ１００有上場投信,東ETF,"3,524",-28.0 (-0.79%) ,,,,,,,,,,,,,
2026-08-21,2846,ＮＦ　ダウ工業株３０有上場投信,東ETF,"2,567",-11.0 (-0.43%) ,,,,,,,,,,,,,
2026-08-21,2847,ＧＸ　新成長インフラ日本株式,東ETF,"3,008",+9.0 (+0.30%) ,,,,,,,,,,,,,
2026-08-21,2848,ＧＸ　ＭＳＣＩ　気候変動日本株,東ETF,"3,050",+27.0 (+0.89%) ,,,,,,,,,,,,,
2026-08-21,2849,ＧＸ　ＭＯＲ高配当ＥＳＧ日本株,東ETF,"5,560",+5.0 (+0.09%) ,,,,,,,,,,,,,
2026-08-21,284A,フクヤ建設,東PRO,--,-- (--%) ,0.75,6.26,12.5,3.59,0.00,126.32,(連),7.92,,,,,
2026-08-21,2851,ｉＳ　ＭＳＣＩ　ジャパンＳＲＩ,東ETF,395.2,+1.3 (+0.33%) ,,,,,,,,,,,,,
2026-08-21,2852,ｉＳ　グリーンＪリート　ＥＴＦ,東ETF,175.6,-0.8 (-0.45%) ,,,,,,,,,,,,,
2026-08-21,2853,ｉＳ　気候リスク調整世界国債,東ETF,611.7,0.0 (0.00%) ,,,,,,,,,,,,,
2026-08-21,2854,ＧＸ　テック・トップ　２０,東ETF,"2,740",-36.0 (-1.30%) ,,,,,,,,,,,,,
2026-08-21,2855,ＧＸ　グリーン・ＪＲＥＩＴ,東ETF,944,-30.0 (-3.08%) ,,,,,,,,,,,,,
2026-08-21,2856,ｉＳ　米国債３―７年ヘッジあり,東ETF,648.6,-1.0 (-0.15%) ,,,,,,,,,,,,,
2026-08-21,2857,ｉＳ　ドイツ国債ヘッジあり,東ETF,623,+0.7 (+0.11%) ,,,,,,,,,,,,,
2026-08-21,2858,ＧＸ　日経２２５　カバード・コ,東ETF,"1,510",-8.0 (-0.53%) ,,,,,,,,,,,,,
2026-08-21,2859,ＮＦ　ユーロ５０有　連動型投信,東ETF,"3,230",-12.0 (-0.37%) ,,,,,,,,,,,,,
2026-08-21,285A,キオクシアＨＬＤＧ,東P,"54,320","+1,370.0 (+2.59%) ",21.2,53.04,51.9,37.23,88.74,111.54,(連),0.00,"10,072.16",0.01,0.07,"2,554.51",140.83
2026-08-21,2860,ＮＦ　ドイツＤＡＸ有　連動投信,東ETF,"3,250",-23.0 (-0.70%) ,,,,,,,,,,,,,
2026-08-21,2861,上場インファンドフランス国債無,東ETF,"5,659",-24.0 (-0.42%) ,,,,,,,,,,,,,
2026-08-21,2862,上場インファンドフランス国債有,東ETF,"3,851",-8.0 (-0.21%) ,,,,,,,,,,,,,
2026-08-21,2864,ＧＸ　ロジスティクス・ＲＥＩＴ,東ETF,"1,367",-16.0 (-1.16%) ,,,,,,,,,,,,,
2026-08-21,2865,ＧＸ　ＮＡＳ１００・カバード,東ETF,"1,272",+3.0 (+0.24%) ,,,,,,,,,,,,,
2026-08-21,2866,ＧＸ　米国優先証券　ＥＴＦ,東ETF,985,-5.0 (-0.51%) ,,,,,,,,,,,,,
2026-08-21,2867,ＧＸ　自動運転＆ＥＶ,東ETF,"1,744",-5.0 (-0.29%) ,,,,,,,,,,,,,
2026-08-21,2868,ＧＸ　Ｓ＆Ｐ５００・カバード,東ETF,"1,143",+2.0 (+0.18%) ,,,,,,,,,,,,,
2026-08-21,2869,ダイワＮＡＳＤＡＱ１００　レバ,東ETF,"2,935",-45.0 (-1.51%) ,,,,,,,,,,,,,
2026-08-21,286A,ユカリア,東G,820,+9.0 (+1.11%) ,1.43,10.50,14.4,9.56,0.00,-23.67,(連),0.00,46.92,-0.43,2.70,-22.76,27.88
2026-08-21,2870,ダイワＮＡＳＤＡＱ１００　ダブ,東ETF,"7,699",+135.0 (+1.78%) ,,,,,,,,,,,,,
2026-08-21,2871,ニチレイ,東P,"2,187",+4.5 (+0.21%) ,1.91,20.05,10.0,5.45,24.26,0.68,(連),2.15,,,,,
2026-08-21,2872,セイヒョー,東S,"2,004",+5.0 (+0.25%) ,1.87,244.69,0.7,0.73,0.00,-56.10,(単),0.90,,,,,
2026-08-21,2874,横浜冷凍,東P,"2,102",-72.0 (-3.31%) ,1.61,62.63,2.5,3.38,5.65,-8.49,(連),1.14,82.85,0.18,1.56,22.64,1.71
2026-08-21,2875,東洋水産,東P,"10,660",+20.0 (+0.19%) ,1.95,14.95,13.9,15.99,46.38,12.07,(連),2.06,696.96,-6.67,-0.25,4.72,6.07
2026-08-21,2876,デルソーレ,東S,462,-1.0 (-0.22%) ,,,,,,,,,,,,,
2026-08-21,2877,日東ベスト,東S,746,+1.0 (+0.13%) ,0.54,17.54,3.1,1.13,0.00,34.51,(連),1.61,,,,,
2026-08-21,287A,黒田グループ,東S,"1,181",-3.0 (-0.25%) ,1.22,14.24,8.9,5.32,41.13,7.97,(連),5.17,,,,,
2026-08-21,2882,イートアンドＨＬＤＧ,東P,"2,057",-1.0 (-0.05%) ,2.09,62.56,3.4,2.82,0.00,11.55,(連),0.73,51.10,0.73,17.24,-2.86,7.44
2026-08-21,2883,大冷,東S,"2,020",+1.0 (+0.05%) ,1.34,24.61,5.5,2.63,0.00,-17.89,(単),2.97,,,,,
2026-08-21,2884,ヨシムラ・フード・ＨＬＤＧ,東P,677,+13.0 (+1.96%) ,1.3,17.58,7.8,2.73,21.06,-60.20,(連),0.00,,,,,
2026-08-21,288A,ラクサス・テクノロジーズ,東G,96,+2.0 (+2.13%) ,0.8,25.13,3.2,8.07,0.00,-66.61,(単),0.00,,,,,
2026-08-21,2892,日本食品化工,東S,"4,510",0.0 (0.00%) ,0.72,18.91,4.0,1.99,0.17,-18.08,(連),3.22,,,,,
2026-08-21,2894,石井食品,東S,353,+2.0 (+0.57%) ,,,,,,,,,,,,,
2026-08-21,2897,日清食品ＨＬＤＧ,東P,"3,086",+89.0 (+2.97%) ,1.71,19.61,9.1,7.91,38.15,-15.26,(連),2.27,168.14,2.59,-0.12,-15.35,4.63
2026-08-21,2901,ウェルディッシュ,東S,160,+2.0 (+1.27%) ,1.07,73.06,1.6,2.45,0.00,-20.83,(連),0.94,,,,,
2026-08-21,2902,太陽化学,名M,"2,690",+17.0 (+0.64%) ,0.81,8.69,9.9,13.49,30.52,19.02,(連),4.05,,,,,
2026-08-21,2903,シノブフーズ,東S,"1,583",-1.0 (-0.06%) ,,,,,,,,,,,,,
2026-08-21,2904,一正蒲鉾,東S,751,-2.0 (-0.27%) ,,,,,,,,,,,,,
2026-08-21,2907,あじかん,東S,"1,519",+10.0 (+0.66%) ,0.62,10.39,6.2,2.49,0.00,-26.07,(連),3.42,,,,,
2026-08-21,2908,フジッコ,東P,"1,619",+6.0 (+0.37%) ,0.66,32.26,2.1,2.64,0.00,22.27,(連),2.84,42.14,-2.39,2.61,4.12,-0.95
2026-08-21,290A,Ｓｙｎｓｐｅｃｔｉｖｅ,東G,"1,342",-42.0 (-3.03%) ,,,,,,,,,23.98,-0.07,1.97,-43.64,68.15
2026-08-21,2910,ロック・フィールド,東P,"1,415",+10.0 (+0.71%) ,1.29,373.35,0.3,1.53,0.00,-38.51,(連),1.70,11.46,0.61,-18.67,-57.81,-0.08
2026-08-21,2911,旭松食品,東S,"2,263",-1.0 (-0.04%) ,0.5,18.20,2.8,1.13,0.00,-33.22,(連),1.99,,,,,
2026-08-21,2914,日本たばこ産業,東P,"6,980",+110.0 (+1.60%) ,3.03,24.29,13.0,25.0,81.92,216.46,(連),3.35,356.14,0.81,0.57,19.61,10.62
2026-08-21,2915,ケンコーマヨネーズ,東P,"2,069",+44.0 (+2.17%) ,0.72,10.40,7.2,4.5,0.00,-13.40,(連),3.24,206.28,2.68,8.21,-1.14,1.03
2026-08-21,2916,仙波糖化工業,東S,741,-4.0 (-0.54%) ,,,,,,,,,,,,,
2026-08-21,2917,大森屋,東S,931,0.0 (0.00%) ,,,,,,,,,,,,,
2026-08-21,2918,わらべや日洋ＨＬＤＧ,東P,"2,871",+31.0 (+1.09%) ,0.84,9.34,9.2,3.18,11.50,51.37,(連),4.18,313.30,4.67,2.50,24.24,3.98
2026-08-21,291A,リスキル,東G,"1,990",-16.0 (-0.80%) ,2.15,6.81,36.5,36.23,0.00,34.58,(単),0.00,,,,,
2026-08-21,2922,なとり,東P,"2,006",+7.0 (+0.35%) ,0.91,18.80,5.0,3.89,0.00,-4.79,(連),1.30,116.03,1.97,198.63,-9.17,0.01
2026-08-21,2923,サトウ食品,東S,"8,360",+60.0 (+0.72%) ,1.7,15.05,11.8,6.44,0.00,21.91,(連),0.90,,,,,
2026-08-21,2924,イフジ産業,東S,"1,927",-8.0 (-0.41%) ,1.24,7.84,16.8,8.57,0.00,-6.30,(連),3.48,,,,,
2026-08-21,2926,篠崎屋,東S,125,0.0 (0.00%) ,1.69,46.47,3.7,2.01,0.00,"1,166.67",(単),0.00,,,,,
2026-08-21,2927,ＡＦＣ―ＨＤアムスライフ,東S,901,+5.0 (+0.56%) ,0.84,8.75,10.0,7.38,14.17,27.17,(連),3.77,,,,,
2026-08-21,2929,ファーマフーズ,東P,608,-6.0 (-0.98%) ,1.52,47.39,3.1,3.63,0.00,-51.36,(連),4.11,,,,,
2026-08-21,292A,エスアイイー,東PRO,--,-- (--%) ,,,,,,,,,,,,,
2026-08-21,2930,北の達人,東P,127,0.0 (0.00%) ,2.2,25.45,8.7,8.92,0.00,-39.14,(連),2.76,,,,,
2026-08-21,2931,ユーグレナ,東P,360,+2.0 (+0.56%) ,,,,,,,,,2.80,-0.87,107.14,107.14,4.40
2026-08-21,2932,ＳＴＩフードＨＬＤＧ,東S,"1,106",+7.0 (+0.64%) ,1.96,7.90,27.0,6.64,0.00,-10.83,(連),3.62,,,,,
2026-08-21,2933,紀文食品,東P,"1,133",+9.0 (+0.80%) ,1.01,23.53,4.7,2.94,10.49,-35.60,(連),1.77,,,,,
2026-08-21,2934,ジェイフロンティア,東G,"2,004",-28.0 (-1.38%) ,,,,,,,,,,,,,
2026-08-21,2935,ピックルスＨＬＤＧ,東P,"1,180",-3.0 (-0.25%) ,0.74,10.66,7.3,5.09,0.00,59.70,(連),2.46,119.09,1.31,28.00,12.00,-1.36
2026-08-21,2936,ベースフード,東G,269,+1.0 (+0.37%) ,10.6,54.67,21.9,1.43,0.00,117.07,(単),0.00,,,,,
2026-08-21,2937,サンクゼール,東G,"1,741",-6.0 (-0.34%) ,3.12,26.13,12.2,3.84,12.96,1.89,(連),2.01,,,,,
2026-08-21,2938,オカムラ食品工業,東S,"1,280",-18.0 (-1.39%) ,,,,,,,,,57.20,8.15,0.00,4.61,10.81
2026-08-21,293A,ＢＡＢＹ　ＪＯＢ,東PRO,--,-- (--%) ,,,,,,,,,,,,,
2026-08-21,294A,ＮＦＭＳＣＩ気候変動指数連動型,東ETF,--,-- (--%) ,,,,,,,,,,,,,
2026-08-21,295A,ＯｎｅＦＴＳＥサウジアラビアイ,東ETF,"10,110",+180.0 (+1.81%) ,,,,,,,,,,,,,
2026-08-21,2961,日本調理機,東S,"1,443",-37.0 (-2.50%) ,0.86,10.67,8.3,4.66,0.00,-15.06,(単),2.60,,,,,
2026-08-21,2962,テクニスコ,東S,"1,549",-56.0 (-3.49%) ,,,,,,,,,,,,,
2026-08-21,296A,令和アカウンティング・ＨＬＤＧ,東G,"1,087",+150.0 (+16.01%) ,15.4,28.75,49.6,34.85,0.00,34.91,(連),2.99,,,,,
2026-08-21,2970,ＧＬＣ　ＧＲＯＵＰ,東S,"1,096",+3.0 (+0.27%) ,3.13,10.95,33.0,10.5,0.00,67.37,(連),0.00,,,,,
2026-08-21,2971,エスコンジャパンリート投資法人,東REIT,"110,600",-500.0 (-0.45%) ,,,,,,,,,,,,,
2026-08-21,2972,サンケイリアルエステート投資,東REIT,"111,800",-500.0 (-0.45%) ,,,,,,,,,,,,,
2026-08-21,2975,スター・マイカ・ＨＬＤＧ,東P,"1,586",+9.0 (+0.57%) ,1.81,12.75,15.2,10.58,0.00,33.62,(連),2.33,,,,,
2026-08-21,2978,ツクルバ,東G,341,+2.0 (+0.59%) ,3.15,36.35,6.2,3.38,0.00,74.56,(連),0.00,,,,,
2026-08-21,2979,ＳＯＳｉＬＡ 物流リート投資,東REIT,"102,000","-1,000.0 (-0.97%) ",,,,,,,,,,,,,
2026-08-21,297A,アルピコＨＬＤＧ,東S,215,0.0 (0.00%) ,0.95,7.85,13.3,3.64,0.00,16.27,(連),2.33,,,,,
2026-08-21,2980,ＳＲＥ　ＨＬＤＧ,東P,"2,403",-17.0 (-0.70%) ,2.48,21.03,12.7,12.72,0.00,32.31,(連),0.75,194.55,0.18,-0.14,-2.02,23.22
2026-08-21,2981,ランディックス,東G,"2,157",-2.0 (-0.09%) ,1.24,6.61,20.3,12.75,0.00,31.58,(連),2.18,,,,,
2026-08-21,2982,ＡＤワークスグループ,東P,421,-2.0 (-0.47%) ,,,,,,,,,,,,,
2026-08-21,2983,アールプランナー,東G,"1,646",+33.0 (+2.05%) ,2.25,7.14,36.5,7.71,0.00,75.97,(連),2.43,,,,,
2026-08-21,2984,ヤマイチエステート,東S,764,+5.0 (+0.66%) ,0.47,10.29,4.6,11.63,0.00,7.07,(連),3.93,,,,,
2026-08-21,2985,ファーストステージ,東PRO,--,-- (--%) ,0.51,3.78,14.0,7.88,0.00,-11.43,(連),7.69,,,,,
2026-08-21,2986,ＬＡ　ＨＬＤＧ,東G,"2,823",0.0 (0.00%) ,2.16,9.68,25.7,21.54,0.00,30.78,(連),3.99,,,,,
2026-08-21,2989,東海道リート投資法人,東REIT,"97,900",-400.0 (-0.41%) ,,,,,,,,,,,,,
2026-08-21,298A,ＧＶＡ　ＴＥＣＨ,東G,322,0.0 (0.00%) ,,,,,,,,,,,,,
2026-08-21,2990,アイダ設計,東PRO,--,-- (--%) ,,,,,,,,,,,,,
2026-08-21,2991,ランドネット,東S,540,-2.0 (-0.37%) ,1.17,5.42,23.9,3.9,0.00,31.49,(連),1.85,,,,,
2026-08-21,2992,アーバンライク,東PRO,--,-- (--%) ,2.98,19.25,16.8,4.38,0.00,20.00,(単),0.00,,,,,
2026-08-21,2993,長栄,東S,"2,235",-11.0 (-0.49%) ,0.8,9.85,8.2,17.88,0.00,-2.75,(単),5.59,,,,,
2026-08-21,2994,アンサーＨＬＤＧ,東PRO,--,-- (--%) ,1.83,34.11,5.4,2.64,0.00,-85.07,(連),0.00,,,,,
2026-08-21,2995,ジェイレックス,東PRO,--,-- (--%) ,0.38,3.66,10.9,10.51,0.00,6.06,(単),2.57,,,,,
2026-08-21,2997,ストレージ王,東G,"1,324",0.0 (0.00%) ,1.98,20.91,9.9,4.78,0.00,1.18,(単),0.00,,,,,
2026-08-21,2998,クリアル,東G,544,+1.0 (+0.18%) ,1.71,8.98,23.5,7.78,0.00,52.13,(連),1.47,,,,,
2026-08-21,2999,ホームポジション,東S,617,+6.0 (+0.98%) ,1.0,14.37,8.4,3.24,0.00,153.71,(単),1.62,,,,,
2026-08-21,299A,クラシル,東G,"1,280",+25.0 (+1.99%) ,,,,,,,,,,,,,
2026-08-21,3001,片倉工業,東S,"2,953",+65.0 (+2.25%) ,0.96,16.34,6.3,14.4,0.00,31.63,(連),2.03,,,,,
2026-08-21,3002,グンゼ,東P,"4,200",+15.0 (+0.36%) ,1.18,265.32,0.4,3.73,21.02,-39.85,(連),5.14,150.50,0.03,8.16,-21.29,-2.03
2026-08-21,3003,ヒューリック,東P,"1,780",+16.5 (+0.94%) ,1.48,11.83,13.0,25.68,0.00,12.05,(連),3.48,164.11,1.19,-0.07,9.84,22.98
2026-08-21,3004,神栄,東S,"2,116",+7.0 (+0.33%) ,0.76,6.15,13.7,3.8,9.83,20.55,(連),5.20,,,,,
2026-08-21,300A,ＭＩＣ,東S,"3,320",-30.0 (-0.90%) ,2.53,19.16,14.0,11.17,0.00,70.95,(単),2.11,,,,,
2026-08-21,3010,ポラリス・ＨＬＤＧ,東S,190,-2.0 (-1.04%) ,1.38,9.66,15.2,8.34,0.00,52.98,(連),2.63,8.49,-0.40,-2.65,11.52,40.08
2026-08-21,3011,バナーズ,東S,144,-1.0 (-0.69%) ,0.8,10.60,7.7,4.93,0.00,-17.41,(連),3.47,,,,,
2026-08-21,301A,インデックス,東PRO,--,-- (--%) ,0.75,12.44,6.2,2.27,0.00,7.35,(単),0.00,,,,,
2026-08-21,3020,アプライド,東S,"4,360",-5.0 (-0.11%) ,0.85,5.19,17.7,7.15,12.79,29.04,(連),2.98,,,,,
2026-08-21,3021,パシフィックネット,東S,"1,628",-5.0 (-0.31%) ,,,,,,,,,,,,,
2026-08-21,3023,ラサ商事,東S,"2,103",+16.0 (+0.77%) ,0.95,9.43,10.5,10.49,9.54,13.51,(連),3.80,,,,,
2026-08-21,3024,クリエイト,東S,"1,157",+2.0 (+0.17%) ,,,,,,,,,,,,,
2026-08-21,3028,アルペン,東P,"2,376",-2.0 (-0.08%) ,,,,,,,,,,,,,
2026-08-21,302A,ビースタイルＨＬＤＧ,東G,625,-5.0 (-0.79%) ,1.38,35.25,4.0,1.57,0.00,-45.85,(連),0.00,,,,,
2026-08-21,3030,ハブ,東S,849,0.0 (0.00%) ,3.13,17.51,19.5,4.67,0.00,19.73,(単),1.30,35.00,-0.87,-13.24,-1.67,6.70
2026-08-21,3031,ラクーンＨＬＤＧ,東P,653,+2.0 (+0.31%) ,2.89,16.49,18.7,20.08,0.00,-11.24,(連),4.13,22.70,-0.67,-53.12,-55.88,10.90
2026-08-21,3032,ゴルフ・ドゥ,名N,243,-4.0 (-1.62%) ,1.35,17.85,8.4,1.6,0.00,143.24,(連),1.23,,,,,
2026-08-21,3034,クオールＨＬＤＧ,東P,"2,510",-18.0 (-0.71%) ,1.64,12.72,12.9,5.09,0.00,7.58,(連),1.99,194.30,-8.42,0.00,-13.11,8.54
2026-08-21,3035,ケイティケイ,東S,769,-10.0 (-1.28%) ,0.94,12.63,7.6,2.25,0.00,5.53,(連),2.21,,,,,
2026-08-21,3036,アルコニックス,東P,"3,430",+110.0 (+3.31%) ,1.3,18.38,7.5,4.43,39.40,18.85,(連),2.54,,,,,
2026-08-21,3038,神戸物産,東P,"2,797",-5.0 (-0.18%) ,3.84,19.43,22.2,7.23,0.00,52.27,(連),1.07,143.44,-52.28,-0.27,5.57,7.18
2026-08-21,303A,ｖｉｓｕｍｏ,東G,602,+7.0 (+1.18%) ,1.79,14.40,12.1,8.32,0.00,23.88,(単),0.00,,,,,
2026-08-21,3040,ソリトンシステムズ,東P,"2,385",-14.0 (-0.58%) ,3.34,19.24,18.0,14.39,0.00,38.08,(連),2.26,,,,,
2026-08-21,3041,ビューティカダンＨＬＤＧ,東S,401,0.0 (0.00%) ,2.69,38.08,7.4,-0.07,0.00,-95.96,(連),1.31,,,,,
2026-08-21,3042,セキュアヴェイル,東S,302,+3.0 (+1.00%) ,,,,,,,,,,,,,
2026-08-21,3045,カワサキ,東S,"1,487",-5.0 (-0.34%) ,0.55,9.44,6.0,22.52,0.00,25.98,(単),3.36,,,,,
2026-08-21,3046,ジンズＨＬＤＧ,東P,"6,380",-70.0 (-1.09%) ,4.69,17.88,29.1,12.44,21.14,56.70,(連),1.71,368.35,5.45,-0.88,-6.23,15.85
2026-08-21,3048,ビックカメラ,東P,"1,790",-9.0 (-0.50%) ,1.82,17.54,10.9,3.11,0.00,19.70,(連),2.29,115.34,1.20,-0.44,9.05,4.84
2026-08-21,304A,フォルシア,東G,"1,900",+3.0 (+0.16%) ,1.18,48.04,2.5,3.23,0.00,-62.63,(単),0.00,,,,,
2026-08-21,3050,ＤＣＭ　ＨＬＤＧ,東P,"1,613",+6.0 (+0.37%) ,0.75,12.70,6.2,5.72,0.00,-5.93,(連),2.91,126.40,-26.05,3.48,-13.66,2.05
2026-08-21,3053,ペッパーフードサービス,東S,210,0.0 (0.00%) ,,,,,,,,,,,,,
2026-08-21,3054,ハイパー,東S,370,-3.0 (-0.80%) ,1.16,14.84,8.1,2.32,0.00,36.40,(連),1.89,,,,,
2026-08-21,3058,三洋堂ＨＬＤＧ,東S,704,+5.0 (+0.72%) ,1.69,15.06,11.6,1.55,0.00,66.07,(連),0.00,,,,,
2026-08-21,3059,ヒラキ,東S,708,0.0 (0.00%) ,,,,,,,,,,,,,
2026-08-21,305A,ダブルツリー,東PRO,--,-- (--%) ,,,,,,,,,,,,,
2026-08-21,3063,ジェイグループＨＬＤＧ,東G,"1,202",-1.0 (-0.08%) ,16.74,55.73,17.4,3.22,0.00,0.28,(連),0.33,23.20,6.86,-19.57,-38.33,11.27
2026-08-21,3064,ＭｏｎｏｔａＲＯ,東P,"1,816",-44.0 (-2.37%) ,7.37,27.82,28.7,13.83,0.00,23.41,(連),1.82,74.90,1.68,-0.54,1.69,14.97
2026-08-21,3065,ライフフーズ,東S,"1,618",0.0 (0.00%) ,2.93,139.72,2.1,0.9,0.00,-69.08,(単),0.31,,,,,
2026-08-21,3066,ＪＢイレブン,名M,632,0.0 (0.00%) ,,,,,,,,,,,,,
2026-08-21,3067,東京一番フーズ,東S,459,-1.0 (-0.22%) ,2.45,53.94,4.8,2.69,8.55,-24.80,(連),0.00,,,,,
2026-08-21,3068,ＷＤＩ,東S,"3,025",-5.0 (-0.17%) ,2.89,80.30,3.6,3.69,23.64,97.86,(連),0.56,,,,,
2026-08-21,3069,ＪＦＬＡ　ＨＬＤＧ,東S,167,0.0 (0.00%) ,,,,,,,,,,,,,
2026-08-21,3070,ジェリービーンズグループ,東G,71,-1.0 (-1.39%) ,,,,,,,,,,,,,
2026-08-21,3071,ストリーム,東S,104,0.0 (0.00%) ,,,,,,,,,,,,,
2026-08-21,3075,銚子丸,東S,"1,701",+9.0 (+0.53%) ,2.43,21.11,12.1,6.65,0.00,49.16,(単),0.82,85.40,3.30,37.50,-31.25,19.91
2026-08-21,3076,あいＨＬＤＧ,東P,"2,933",+19.0 (+0.65%) ,,,,,,,,,170.30,-0.71,0.00,8.93,15.30
2026-08-21,3077,ホリイフードサービス,東S,"1,021",+19.0 (+1.90%) ,6.87,35.11,24.4,4.63,0.00,-11.67,(連),0.00,,,,,
2026-08-21,3079,ディーブイエックス,東S,932,-4.0 (-0.43%) ,1.11,43.37,5.1,0.53,0.00,-44.46,(連),5.36,,,,,
2026-08-21,307A,ハウジング・スタッフ,東PRO,--,-- (--%) ,,,,,,,,,,,,,
2026-08-21,3080,ジェーソン,東S,813,+3.0 (+0.37%) ,,,,,,,,,,,,,
2026-08-21,3082,きちりＨＬＤＧ,東S,973,+1.0 (+0.10%) ,,,,,,,,,,,,,
2026-08-21,3083,スターシーズ,東S,958,+1.0 (+0.10%) ,,,,,,,,,,,,,
2026-08-21,3086,Ｊ．フロント　リテイリング,東P,"3,023",+43.5 (+1.46%) ,1.81,26.77,6.9,11.01,0.00,-20.20,(連),1.79,127.05,1.88,-0.71,-6.14,2.05
2026-08-21,3087,ドトール・日レスＨＬＤＧ,東P,"3,290",+5.0 (+0.15%) ,1.31,19.27,6.9,6.38,0.00,10.40,(連),1.73,214.17,0.60,14.66,14.66,7.60
2026-08-21,3088,マツキヨココカラ＆カンパニー,東P,"2,572.5",+12.5 (+0.49%) ,1.88,18.38,10.5,7.6,0.00,4.15,(連),1.94,153.21,1.76,0.13,-2.75,5.06
2026-08-21,3089,テクノアルファ,東S,"1,050",-11.0 (-1.04%) ,0.8,4.49,19.3,12.96,7.06,90.82,(連),3.33,,,,,
2026-08-21,308A,ぽすとめいとＨＬＤＧ,東PRO,--,-- (--%) ,,,,,,,,,,,,,
2026-08-21,3091,ブロンコビリー,東P,"2,752",+28.0 (+1.03%) ,3.77,41.59,9.5,9.7,0.00,16.35,(連),0.51,,,,,
2026-08-21,3092,ＺＯＺＯ,東P,"1,133",+7.0 (+0.62%) ,9.38,20.94,46.6,30.37,0.00,6.74,(連),3.44,58.50,2.37,0.02,-2.02,6.48
2026-08-21,3093,トレジャー・ファクトリー,東P,"2,147",-27.0 (-1.24%) ,3.95,15.87,27.4,9.83,0.00,18.99,(連),1.86,153.60,1.05,1.13,3.46,14.21
2026-08-21,3096,オーシャンシステム,東S,"1,609",-17.0 (-1.05%) ,1.24,13.21,9.8,1.86,0.00,2.92,(連),1.24,,,,,
2026-08-21,3097,物語コーポレーション,東P,"5,670",-10.0 (-0.18%) ,,,,,,,,,,,,,
2026-08-21,3099,三越伊勢丹ＨＬＤＧ,東P,"3,473",-58.0 (-1.64%) ,1.97,16.23,12.5,14.67,0.00,-1.74,(連),2.02,183.61,-1.36,0.97,8.24,0.84
2026-08-21,309A,コスモス調剤,東PRO,--,-- (--%) ,,,,,,,,,,,,,
2026-08-21,3101,東洋紡,東P,"1,629",+23.0 (+1.43%) ,0.67,12.86,5.5,6.62,39.11,116.01,(連),2.46,117.87,-1.97,0.77,19.27,3.17
2026-08-21,3103,ユニチカ,東S,"1,410",-110.0 (-7.24%) ,2.41,4.54,52.4,8.9,28.03,121.44,(連),0.00,,,,,
2026-08-21,3104,富士紡ＨＬＤＧ,東P,"3,450",-55.0 (-1.57%) ,2.25,20.79,11.3,17.73,12.36,25.18,(連),1.74,207.15,0.68,4.47,20.92,12.63
2026-08-21,3105,日清紡ＨＬＤＧ,東P,"2,135",-11.0 (-0.51%) ,1.16,23.97,5.0,5.26,37.17,20.18,(連),1.69,119.33,0.53,9.59,25.83,2.55
2026-08-21,3106,倉敷紡績,東P,"10,400",+80.0 (+0.78%) ,1.26,13.30,10.2,6.39,24.57,-6.05,(連),2.95,,,,,
2026-08-21,3107,ダイワボウＨＬＤＧ,東P,"3,620",+82.0 (+2.32%) ,1.85,10.00,19.9,3.27,0.00,26.76,(連),2.90,287.40,-0.60,-1.33,1.87,0.96
2026-08-21,3109,シキボウ,東P,"1,089",+6.0 (+0.55%) ,0.38,14.53,2.7,2.19,16.45,-37.15,(連),4.59,,,,,
2026-08-21,310A,サーティーフォー,東PRO,--,-- (--%) ,,,,,,,,,,,,,
2026-08-21,3110,日東紡績,東P,"3,065",-105.0 (-3.31%) ,3.21,13.36,27.5,17.61,72.50,22.63,(連),0.83,106.06,-0.56,0.61,37.94,14.42
2026-08-21,3111,オーミケンシ,東S,172,-1.0 (-0.58%) ,,,,,,,,,,,,,
2026-08-21,3113,ＵＮＩＶＡ・ＯａｋＨＬＤＧ,東S,78,0.0 (0.00%) ,,,,,,,,,,,,,
2026-08-21,3116,トヨタ紡織,東P,"2,260",-5.5 (-0.24%) ,0.83,17.34,5.0,2.65,57.32,31.47,(連),3.81,267.68,0.08,0.30,-1.05,3.79
2026-08-21,3121,マーチャント・バンカーズ,東S,253,+4.0 (+1.61%) ,,,,,,,,,,,,,
2026-08-21,3123,サイボー,東S,650,+1.0 (+0.15%) ,0.42,7.84,5.7,9.58,0.00,8.02,(連),2.62,,,,,
2026-08-21,312A,シンコーＨＬＤＧ,東PRO,--,-- (--%) ,0.98,10.36,9.9,3.4,0.00,-23.53,(連),0.00,,,,,
2026-08-21,3131,シンデン・ハイテックス,東S,"6,080",-60.0 (-0.98%) ,1.53,32.57,4.7,2.49,50.44,-43.70,(連),2.14,,,,,
2026-08-21,3132,マクニカＨＬＤＧ,東P,"3,332",-17.0 (-0.51%) ,2.13,21.42,10.5,3.45,54.81,0.20,(連),2.10,237.14,0.27,6.09,16.76,22.67
2026-08-21,3133,海帆,東G,75,-2.0 (-2.60%) ,,,,,,,,,,,,,
2026-08-21,3134,Ｈａｍｅｅ,東S,304,-5.0 (-1.62%) ,0.66,8.98,6.1,4.45,17.22,-67.64,(連),7.40,16.90,-0.37,-45.00,-86.67,-0.21
2026-08-21,3135,マーケットエンタープライズ,東S,"1,169",+25.0 (+2.19%) ,,,,,,,,,,,,,
2026-08-21,3137,ファンデリー,東S,208,+2.0 (+0.97%) ,,,,,,,,,,,,,
2026-08-21,3138,富士山マガジンサービス,東S,"1,130",-14.0 (-1.22%) ,1.55,47.10,3.3,2.79,0.00,-43.62,(連),2.65,,,,,
2026-08-21,3139,ラクト・ジャパン,東P,"3,415",-10.0 (-0.29%) ,1.05,7.88,14.4,3.25,15.78,34.17,(連),3.87,347.31,-0.50,-3.04,-7.88,7.31
2026-08-21,313A,ｉＳ　Ｓ＆Ｐ５００トップ２０,東ETF,261.4,-1.1 (-0.42%) ,,,,,,,,,,,,,
2026-08-21,3140,ＢＲＵＮＯ,東G,"1,028",+8.0 (+0.78%) ,,,,,,,,,,,,,
2026-08-21,3143,オーウイル,東S,693,-5.0 (-0.72%) ,,,,,,,,,,,,,
2026-08-21,3148,クリエイトＳＤ　ＨＬＤＧ,東P,"3,420",-5.0 (-0.15%) ,1.43,13.00,11.4,4.82,0.00,7.76,(連),2.72,,,,,
2026-08-21,314A,ｉＳ　ゴールド,東ETF,343.3,+5.6 (+1.66%) ,,,,,,,,,,,,,
2026-08-21,3150,グリムス,東P,"2,529",-9.0 (-0.35%) ,2.99,11.93,27.4,21.07,0.00,9.69,(連),3.36,235.65,0.96,-5.88,-5.88,6.20
2026-08-21,3151,バイタルケーエスケーＨＬＤＧ,東P,"1,672",+26.0 (+1.58%) ,0.69,10.98,6.6,0.66,0.00,12.22,(連),4.19,,,,,
2026-08-21,3153,八洲電機,東P,"2,838",+5.0 (+0.18%) ,1.68,11.75,15.4,9.77,0.00,38.41,(連),1.59,,,,,
2026-08-21,3154,メディアスＨＬＤＧ,東P,808,-1.0 (-0.12%) ,,,,,,,,,,,,,
2026-08-21,3156,レスター,東P,"4,755",+25.0 (+0.53%) ,1.43,17.38,8.6,2.65,39.60,43.97,(連),2.69,334.38,0.64,-5.04,2.52,12.23
2026-08-21,3157,ジオリーブグループ,東S,"1,411",-24.0 (-1.67%) ,0.75,8.76,8.9,1.14,0.00,8.85,(連),3.54,,,,,
2026-08-21,3159,丸善ＣＨＩ　ＨＬＤＧ,東S,400,+1.0 (+0.25%) ,0.68,11.10,6.3,3.02,0.00,59.03,(連),1.50,,,,,
2026-08-21,315A,ＧＸ　銀行高配当日本株式ＥＴＦ,東ETF,"1,873",+12.0 (+0.64%) ,,,,,,,,,,,,,
2026-08-21,3160,大光,東S,580,+2.0 (+0.35%) ,1.33,147.58,0.9,0.2,0.00,-59.88,(連),2.59,,,,,
2026-08-21,3161,アゼアス,東S,683,+8.0 (+1.19%) ,0.57,28.19,2.0,2.32,2.76,-1.38,(連),3.37,,,,,
2026-08-21,3166,ＯＣＨＩ　ＨＬＤＧ,東S,"1,442",-12.0 (-0.83%) ,0.76,14.34,5.4,1.39,0.00,16.23,(連),3.74,,,,,
2026-08-21,3167,ＴＯＫＡＩ　ＨＬＤＧ,東P,"1,263",+11.0 (+0.88%) ,1.6,15.30,11.0,7.64,0.00,10.26,(連),2.85,86.60,2.93,9.04,7.82,2.94
2026-08-21,3168,ＭＥＲＦ,東S,"1,442",+15.0 (+1.05%) ,,,,,,,,,,,,,
2026-08-21,3169,ミサワ,東S,661,0.0 (0.00%) ,1.44,37.45,3.9,1.93,0.00,-21.67,(単),1.21,,,,,
2026-08-21,316A,ｉＦｒｅｅＥＴＦ　ＦＡＮＧ＋,東ETF,"2,680",-8.0 (-0.30%) ,,,,,,,,,,,,,
2026-08-21,3172,ティーライフ,東S,"1,125",0.0 (0.00%) ,0.75,13.38,5.6,3.96,0.00,-19.68,(連),3.56,,,,,
2026-08-21,3173,Ｃｏｍｉｎｉｘ,東S,"1,546",+131.0 (+9.26%) ,1.23,15.11,8.5,2.38,31.03,88.28,(連),2.26,,,,,
2026-08-21,3174,ハピネス・アンド・ディ,東S,404,-1.0 (-0.25%) ,,,,,,,,,,,,,
2026-08-21,3175,エー・ピーＨＬＤＧ,東S,942,-2.0 (-0.21%) ,-68.04,11.15,213.6,3.87,9.41,184.98,(連),0.00,,,,,
2026-08-21,3176,三洋貿易,東P,"1,115",0.0 (0.00%) ,1.25,13.92,9.3,4.85,32.40,-12.98,(連),2.56,107.08,0.31,29.18,-3.65,1.91
2026-08-21,3177,ありがとうサービス,東S,"4,310",-50.0 (-1.15%) ,1.17,8.07,15.3,8.28,14.20,8.39,(連),3.13,,,,,
2026-08-21,3178,チムニー,東S,"1,185",+3.0 (+0.25%) ,3.57,45.32,8.1,1.86,0.00,-49.15,(連),0.84,,,,,
2026-08-21,3179,シュッピン,東P,"1,270",-14.0 (-1.09%) ,,,,,,,,,87.20,1.34,-3.06,-25.28,2.46
2026-08-21,317A,エス・エム・エス・データテック,東PRO,--,-- (--%) ,,,,,,,,,,,,,
2026-08-21,3180,ビューティガレージ,東P,"1,541",-16.0 (-1.03%) ,2.3,20.72,11.6,3.97,0.00,-4.92,(連),1.04,110.03,0.30,0.46,-9.75,12.63
2026-08-21,3181,買取王国,東S,"1,069",-14.0 (-1.29%) ,1.15,10.92,11.1,5.43,0.00,17.42,(単),0.94,,,,,
2026-08-21,3182,オイシックス,東P,"1,746",-35.0 (-1.97%) ,,,,,,,,,138.50,2.05,3.98,-7.76,-1.15
2026-08-21,3183,ウイン・パートナーズ,東P,"1,289",+6.0 (+0.47%) ,1.52,16.96,8.9,3.34,0.00,7.86,(連),4.19,,,,,
2026-08-21,3184,ＩＣＤＡ　ＨＬＤＧ,東S,"4,195",-70.0 (-1.64%) ,0.75,6.95,11.5,5.01,0.00,8.45,(連),1.67,,,,,
2026-08-21,3185,夢展望,東G,143,+1.0 (+0.70%) ,,,,,,,,,,,,,
2026-08-21,3186,ネクステージ,東P,"3,515",-70.0 (-1.95%) ,3.47,21.74,16.9,3.01,0.00,52.22,(連),1.28,232.63,0.35,-0.13,41.70,18.45
2026-08-21,3187,ミラタップ,東G,371,+13.0 (+3.63%) ,,,,,,,,,,,,,
2026-08-21,3189,ＡＮＡＰ　ＨＬＤＧ,東S,163,+50.0 (+44.25%) ,,,,,,,,,,,,,
2026-08-21,318A,ＶＩＸ短期先物指数ＥＴＦ,東ETF,379.4,+3.7 (+0.98%) ,,,,,,,,,,,,,
2026-08-21,3190,ホットマン,東S,586,+5.0 (+0.86%) ,0.53,11.58,4.7,2.88,0.00,-3.83,(単),1.88,,,,,
2026-08-21,3191,ジョイフル本田,東P,"2,308",+8.0 (+0.35%) ,,,,,,,,,,,,,
2026-08-21,3192,白鳩,東S,300,+2.0 (+0.67%) ,0.79,6.34,13.3,-3.11,0.00,"-7,550.00",(単),0.00,,,,,
2026-08-21,3193,エターナルホスピタリティグルー,東P,"1,478",-1.0 (-0.07%) ,3.49,19.81,18.6,6.73,0.00,-4.85,(連),1.56,,,,,
2026-08-21,3195,ジェネレーションパス,東S,650,+8.0 (+1.25%) ,2.8,32.70,8.9,0.69,0.00,709.09,(連),0.00,,,,,
2026-08-21,3196,ホットランドＨＬＤＧ,東P,"1,680",+6.0 (+0.36%) ,3.15,88.10,3.5,3.5,0.00,-40.30,(連),0.77,30.40,0.93,17.00,-41.50,11.06
2026-08-21,3197,すかいらーくＨＬＤＧ,東P,"3,362",+54.0 (+1.63%) ,4.08,45.67,9.3,6.54,0.00,22.40,(連),0.65,91.13,1.53,0.81,21.29,11.44
2026-08-21,3199,綿半ＨＬＤＧ,東P,"1,328",-2.0 (-0.15%) ,1.02,12.01,9.0,2.66,0.00,2.41,(連),2.26,,,,,
2026-08-21,319A,技術承継機構,東G,"21,080",+880.0 (+4.36%) ,20.24,59.58,47.1,9.57,10.63,-8.53,(連),0.00,,,,,
2026-08-21,3201,日本毛織,東P,"1,953",-9.0 (-0.46%) ,0.99,14.77,7.1,9.98,0.00,7.18,(連),2.41,,,,,
2026-08-21,3202,ダイトウボウ,東S,127,0.0 (0.00%) ,0.76,41.91,1.9,7.73,0.00,-4.13,(連),2.36,,,,,
2026-08-21,3204,トーア紡コーポレーション,東S,498,-2.0 (-0.40%) ,0.31,6.68,4.8,3.26,0.00,-14.70,(連),2.81,,,,,
2026-08-21,3205,ダイドーリミテッド,東S,739,-1.0 (-0.14%) ,1.99,10.65,17.6,1.14,20.60,175.97,(連),6.77,,,,,
2026-08-21,320A,Ｄ＆Ｉ,東PRO,--,-- (--%) ,,,,,,,,,,,,,
2026-08-21,321A,ヒューマンステージＨＬＤＧ,東PRO,--,-- (--%) ,,,,,,,,,,,,,
2026-08-21,3221,ヨシックスＨＬＤＧ,東P,"3,370",-15.0 (-0.44%) ,2.6,17.05,16.4,11.56,0.00,28.34,(連),0.89,238.90,0.68,0.00,24.81,11.15
2026-08-21,3222,ユナイテッド・スーパーマーケッ,東S,846,+15.0 (+1.81%) ,,,,,,,,,0.80,-9.90,0.00,-22.77,17.13
2026-08-21,3223,エスエルディー,東S,931,+3.0 (+0.32%) ,,,,,,,,,,,,,
2026-08-21,3224,ゼネラル・オイスター,東G,694,-1.0 (-0.14%) ,,,,,,,,,,,,,
2026-08-21,3226,三井不動産アコモデーションファ,東REIT,"120,300",-100.0 (-0.08%) ,,,,,,,,,"4,247.30",-3.47,1.71,0.29,-1.27
2026-08-21,322A,ヒメジ理化,東PRO,--,-- (--%) ,,,,,,,,,,,,,
2026-08-21,3231,野村不動産ＨＬＤＧ,東P,928.5,+5.6 (+0.61%) ,0.99,9.60,10.7,14.67,0.00,16.93,(連),4.31,102.27,1.56,-0.54,0.65,18.93
2026-08-21,3232,三重交通グループＨＬＤＧ,東P,572,+7.0 (+1.24%) ,0.82,9.19,9.4,8.85,0.00,13.62,(連),3.15,60.70,-3.76,2.30,2.30,3.59
2026-08-21,3234,森ヒルズリート投資法人,東REIT,"128,400",-300.0 (-0.23%) ,,,,,,,,,"6,188.51",-13.97,2.31,0.84,0.57
2026-08-21,3236,プロパスト,東S,290,+2.0 (+0.69%) ,,,,,,,,,,,,,
2026-08-21,3237,イントランス,東G,106,0.0 (0.00%) ,,,,,,,,,,,,,
2026-08-21,3238,セントラル総合開発,東S,388,0.0 (0.00%) ,0.36,25.26,1.4,2.34,0.00,-60.26,(連),1.29,,,,,
2026-08-21,323A,フライヤー,東G,369,-1.0 (-0.27%) ,4.12,94.62,4.4,2.81,0.00,"1,400.00",(連),0.00,,,,,
2026-08-21,3241,ウィル,東S,594,+1.0 (+0.17%) ,,,,,,,,,,,,,
2026-08-21,3242,アーバネットコーポレーション,東S,523,+2.0 (+0.38%) ,,,,,,,,,,,,,
2026-08-21,3245,ディア・ライフ,東P,"1,167",+9.0 (+0.78%) ,1.81,9.54,20.2,9.84,0.00,68.19,(連),5.40,,,,,
2026-08-21,3246,コーセーアールイー,東S,676,+4.0 (+0.60%) ,0.64,9.87,6.7,7.65,0.00,96.01,(連),3.55,,,,,
2026-08-21,3248,アールエイジ,東S,--,-- (--%) ,0.6,10.09,6.0,15.38,0.00,-50.37,(連),4.05,,,,,
2026-08-21,3249,産業ファンド投資法人,東REIT,"137,900",-400.0 (-0.29%) ,,,,,,,,,"7,486.77",3.78,-10.75,13.52,8.49
2026-08-21,324A,ブッキングリゾート,東G,739,-7.0 (-0.94%) ,2.25,11.66,20.1,29.6,0.00,3.63,(単),0.00,,,,,
2026-08-21,3252,地主,東P,"3,025",+25.0 (+0.83%) ,,,,,,,,,405.25,0.55,-0.24,3.50,29.66
2026-08-21,325A,ＴＥＮＴＩＡＬ,東G,"1,824",+9.0 (+0.50%) ,8.91,49.22,23.5,10.48,0.00,-19.54,(単),0.00,,,,,
2026-08-21,3260,エスポア,名N,640,-28.0 (-4.19%) ,,,,,,,,,,,,,
2026-08-21,3261,グランディーズ,東G,408,0.0 (0.00%) ,,,,,,,,,,,,,
2026-08-21,3266,ファンドクリエーショングループ,東S,79,0.0 (0.00%) ,0.9,9.08,10.3,9.95,11.39,46.92,(連),1.27,,,,,
2026-08-21,3267,フィル・カンパニー,東S,640,-15.0 (-2.29%) ,1.03,8.63,12.7,7.14,0.00,39.46,(連),3.12,,,,,
2026-08-21,3269,アドバンス・レジデンス投資法人,東REIT,"145,900",-600.0 (-0.41%) ,,,,,,,,,"6,235.52",2.78,0.05,11.36,-2.02
2026-08-21,326A,ａｅｒｏ　ｌａｂ　ｉｎｔｅｒｎ,東PRO,--,-- (--%) ,25.19,59.93,53.99,1.97,62.95,39.76,(連),0.00,,,,,
2026-08-21,3276,ＪＰＭＣ,東P,"2,244",0.0 (0.00%) ,4.05,20.93,19.4,4.5,0.00,-3.01,(連),2.67,,,,,
2026-08-21,3277,サンセイランディック,東S,814,+3.0 (+0.37%) ,0.97,10.24,9.8,9.62,0.00,16.85,(連),2.83,,,,,
2026-08-21,3279,アクティビア・プロパテ投資法人,東REIT,"136,400","-1,100.0 (-0.80%) ",,,,,,,,,"6,960.17",1.26,-0.62,18.40,2.51
2026-08-21,3280,エストラスト,東S,936,-2.0 (-0.21%) ,0.52,3.99,14.0,9.39,0.00,1.61,(連),3.21,,,,,
2026-08-21,3281,ＧＬＰ投資法人,東REIT,"138,800","-1,500.0 (-1.07%) ",,,,,,,,,"6,205.94",-5.93,-1.29,8.17,1.76
2026-08-21,3282,コンフォリア・レジデン投資法人,東REIT,"99,500",+100.0 (+0.10%) ,,,,,,,,,,,,,
2026-08-21,3283,日本プロロジスリート投資法人,東REIT,"86,300","-1,400.0 (-1.60%) ",,,,,,,,,"3,465.54",-4.98,-0.25,-1.17,0.52
2026-08-21,3284,フージャースＨＬＤＧ,東P,"1,333",-2.0 (-0.15%) ,1.03,7.22,15.0,9.96,0.00,37.38,(連),5.55,,,,,
2026-08-21,3286,トラストＨＬＤＧ,東S,891,0.0 (0.00%) ,,,,,,,,,,,,,
2026-08-21,3287,星野リゾート・リート投資法人,東REIT,"239,500","-1,600.0 (-0.66%) ",,,,,,,,,"12,876.69",0.99,-3.95,-1.73,13.73
2026-08-21,3288,オープンハウスグループ,東P,"8,136",+23.0 (+0.28%) ,1.7,9.30,20.1,10.92,0.00,15.97,(連),2.19,"1,071.68",0.34,0.22,13.74,7.60
2026-08-21,3289,東急不動産ＨＬＤＧ,東P,"1,347.5",+4.0 (+0.30%) ,1.07,9.95,11.2,13.39,0.00,14.44,(連),3.56,144.48,1.39,1.45,14.43,10.55
2026-08-21,328A,ＧＸ　プライシングパワー・リー,東ETF,"1,374",+9.0 (+0.66%) ,,,,,,,,,,,,,
2026-08-21,3290,Ｏｎｅリート投資法人,東REIT,"77,000",-400.0 (-0.52%) ,,,,,,,,,,,,,
2026-08-21,3291,飯田グループＨＬＤＧ,東P,"2,361.5",+31.0 (+1.33%) ,0.64,10.31,6.3,6.26,0.00,21.03,(連),4.23,242.17,1.69,1.64,9.09,6.27
2026-08-21,3292,イオンリート投資法人,東REIT,"120,100",-300.0 (-0.25%) ,,,,,,,,,,,,,
2026-08-21,3293,アズマハウス,東S,771,-2.0 (-0.26%) ,0.36,12.30,2.9,8.69,0.00,-20.40,(連),4.54,,,,,
2026-08-21,3295,ヒューリックリート投資法人,東REIT,"153,500","-1,300.0 (-0.84%) ",,,,,,,,,,,,,
2026-08-21,3296,日本リート投資法人,東REIT,"81,900",-500.0 (-0.61%) ,,,,,,,,,"4,802.00",-0.78,1.28,8.53,1.69
2026-08-21,3297,東武住販,東S,"1,190",+1.0 (+0.08%) ,,,,,,,,,,,,,
2026-08-21,3299,ムゲンエステート,東S,"1,757",+33.0 (+1.91%) ,1.15,6.16,19.7,16.19,0.00,12.34,(連),6.49,319.40,0.45,-0.91,-0.91,12.50
2026-08-21,329A,ジールアソシエイツ,東PRO,--,-- (--%) ,,,,,,,,,,,,,
2026-08-21,3300,アンビション　ＤＸ　ＨＬＤＧ,東G,"1,935",-9.0 (-0.46%) ,,,,,,,,,,,,,
2026-08-21,3302,帝国繊維,東P,"3,375",+30.0 (+0.90%) ,,,,,,,,,167.80,1.29,5.01,-24.94,10.63
2026-08-21,3306,日本製麻,東S,589,-3.0 (-0.51%) ,1.22,4.45,32.4,-1.46,51.21,-117.94,(単),1.70,,,,,
2026-08-21,3309,積水ハウス・リート投資法人,東REIT,"73,400",-200.0 (-0.27%) ,,,,,,,,,"4,491.31",-26.74,46.71,37.42,-3.87
2026-08-21,330A,ＴａｌｅｎｔＸ,東G,502,-13.0 (-2.52%) ,3.24,11.34,37.6,19.07,0.00,22.10,(連),0.00,,,,,
2026-08-21,3315,日本コークス工業,東P,102,-3.0 (-2.86%) ,,,,,,,,,,,,,
2026-08-21,3317,フライングガーデン,東S,"1,433",-57.0 (-3.83%) ,,,,,,,,,,,,,
2026-08-21,331A,メディックス,東S,492,+2.0 (+0.41%) ,1.1,8.76,12.7,15.48,0.00,-30.49,(連),3.66,,,,,
2026-08-21,3320,クロスプラス,東S,"1,315",+6.0 (+0.46%) ,0.5,5.55,9.7,2.33,0.00,28.31,(連),3.80,,,,,
2026-08-21,3321,ミタチ産業,東S,"1,654",-16.0 (-0.96%) ,0.74,6.19,12.7,2.3,14.23,28.48,(連),4.84,,,,,
2026-08-21,3323,レカム,東S,89,-3.0 (-3.26%) ,,,,,,,,,,,,,
2026-08-21,3326,ランシステム,東S,655,+3.0 (+0.46%) ,8.67,27.35,37.6,3.19,0.00,-4.50,(連),0.00,,,,,
2026-08-21,3329,東和フードサービス,東S,"2,125",+4.0 (+0.19%) ,2.21,22.84,9.7,7.38,0.00,3.09,(単),1.04,,,,,
2026-08-21,332A,ミーク,東G,"1,111",+6.0 (+0.54%) ,2.09,14.47,14.9,18.12,0.00,43.41,(連),0.00,,,,,
2026-08-21,3333,あさひ,東P,"1,357",-3.0 (-0.22%) ,0.88,15.58,5.7,4.84,0.00,-25.90,(単),3.68,104.80,0.64,4.96,-22.11,2.66
2026-08-21,333A,テクノスマイル,東PRO,--,-- (--%) ,,,,,,,,,,,,,
2026-08-21,3346,ヒロタグループＨＬＤＧ,名N,83,0.0 (0.00%) ,,,,,,,,,,,,,
2026-08-21,3349,コスモス薬品,東P,"6,458",+14.0 (+0.22%) ,,,,,,,,,401.11,-20.15,0.28,-5.00,8.24
2026-08-21,334A,ビジュアル・プロセッシング・ジ,東G,927,+1.0 (+0.11%) ,2.4,16.81,17.1,18.92,0.00,34.78,(単),1.73,,,,,
2026-08-21,3350,メタプラネット,東S,306,+53.0 (+20.95%) ,,,,,,,,,,,,,
2026-08-21,3352,バッファロー,東S,"1,753",+20.0 (+1.15%) ,0.63,9.35,6.9,4.38,0.00,18.75,(連),3.71,,,,,
2026-08-21,3353,メディカル一光グループ,東S,"2,880",+3.0 (+0.10%) ,0.69,8.50,8.6,3.25,0.00,2.37,(連),4.17,,,,,
2026-08-21,3355,クリヤマＨＬＤＧ,東S,"1,811",+4.0 (+0.22%) ,0.73,9.03,8.4,4.63,62.18,-8.06,(連),3.37,197.80,-6.64,-5.17,-5.17,11.71
2026-08-21,3358,Ｔｒａｉｌｈｅａｄ　Ｇｌｏｂａ,東S,100,+1.0 (+1.01%) ,,,,,,,,,,,,,
2026-08-21,3359,ｃｏｔｔａ,東G,521,+1.0 (+0.19%) ,1.23,12.66,10.2,5.65,0.00,44.38,(連),1.92,56.50,0.25,16.28,11.11,32.01
2026-08-21,335A,ミライロ,東G,366,-2.0 (-0.54%) ,,,,,,,,,,,,,
2026-08-21,3360,シップヘルスケアＨＬＤＧ,東P,"2,369.5",-41.0 (-1.70%) ,1.44,16.43,8.9,3.41,0.00,1.18,(連),2.53,174.68,0.65,-0.95,-7.40,4.49
2026-08-21,3361,トーエル,東S,890,+13.0 (+1.48%) ,0.76,10.35,7.6,7.33,0.00,8.39,(連),2.58,,,,,
2026-08-21,336A,ダイナミックマッププラットフォ,東G,833,-15.0 (-1.77%) ,,,,,,,,,,,,,
2026-08-21,3370,フジタコーポレーション,東S,469,+2.0 (+0.43%) ,,,,,,,,,,,,,
2026-08-21,3371,ソフトクリエイトＨＬＤＧ,東P,"2,135",-3.0 (-0.14%) ,2.11,12.77,18.2,18.05,0.00,13.53,(連),2.90,,,,,
2026-08-21,3372,関門海,東S,220,+1.0 (+0.46%) ,,,,,,,,,,,,,
2026-08-21,3374,内外テック,東S,"4,030",+85.0 (+2.15%) ,1.1,14.51,7.9,4.3,0.00,-8.92,(連),2.61,,,,,
2026-08-21,3375,ＺＯＡ,東S,--,-- (--%) ,0.68,6.64,10.7,5.1,0.00,13.33,(単),4.34,,,,,
2026-08-21,3377,バイク王＆カンパニー,東S,397,+3.0 (+0.76%) ,0.81,17.19,4.8,1.52,0.00,41.95,(連),2.77,46.10,0.09,5.00,16.67,8.11
2026-08-21,3382,セブン＆アイＨＬＤＧ,東P,"2,030.5",-2.0 (-0.10%) ,1.3,17.09,7.6,4.06,82.32,0.75,(連),2.46,121.19,8.39,0.64,4.83,-7.30
2026-08-21,3384,アークコア,名N,764,+2.0 (+0.26%) ,0.89,4.79,20.4,5.94,0.00,-25.91,(単),0.00,,,,,
2026-08-21,3386,コスモ・バイオ,東S,"1,254",+16.0 (+1.29%) ,0.76,21.16,3.7,3.19,0.00,34.34,(連),3.99,,,,,
2026-08-21,3387,クリエイト・レストランツＨＬＤ,東P,783,+9.0 (+1.16%) ,7.53,70.48,11.1,4.8,0.00,2.64,(連),0.57,13.50,2.67,-20.00,-20.00,6.22
2026-08-21,3388,明治電機工業,東P,"2,100",+13.0 (+0.62%) ,0.71,9.41,7.9,4.81,14.95,13.74,(連),4.29,,,,,
2026-08-21,338A,ＺｅｎｍｕＴｅｃｈ,東G,"1,982",-11.0 (-0.55%) ,,,,,,,,,,,,,
2026-08-21,3391,ツルハＨＬＤＧ,東P,"2,404.5",+20.5 (+0.86%) ,1.24,16.63,7.4,4.35,0.00,66.72,(連),2.07,102.81,-0.80,0.64,64.98,73.73
2026-08-21,3392,デリカフーズＨＬＤＧ,東S,800,+7.0 (+0.88%) ,1.25,8.57,15.6,3.39,0.00,145.70,(連),3.12,107.70,0.48,4.08,82.14,6.46
2026-08-21,3393,スターティアＨＬＤＧ,東P,"3,015",-5.0 (-0.17%) ,,,,,,,,,,,,,
2026-08-21,3395,サンマルクＨＬＤＧ,東P,"2,472",-6.0 (-0.24%) ,1.68,19.74,8.7,5.82,0.00,31.75,(連),2.10,142.30,1.28,-4.39,-4.39,14.07
2026-08-21,3396,フェリシモ,東S,875,0.0 (0.00%) ,0.32,17.37,1.8,0.74,0.00,106.17,(連),2.29,,,,,
2026-08-21,3397,トリドールＨＬＤＧ,東P,"4,355",+93.0 (+2.18%) ,4.14,201.15,2.6,3.8,36.32,51.71,(連),0.25,80.39,0.20,0.95,-9.19,3.60
2026-08-21,3399,丸千代山岡家,東S,"3,830",-90.0 (-2.30%) ,7.45,20.41,43.9,10.88,0.00,26.38,(単),0.60,188.30,60.10,6.00,3.92,18.30
2026-08-21,339A,プログレス・テクノロジーズ,東G,934,+1.0 (+0.11%) ,1.2,6.10,24.4,28.25,0.00,100.82,(連),3.21,,,,,
2026-08-21,3401,帝人,東P,"1,753",+17.5 (+1.01%) ,,,,,,,,,281.04,-0.04,1.91,118.99,-6.75
2026-08-21,3402,東レ,東P,"1,298.5",-2.5 (-0.19%) ,1.05,24.52,4.5,3.76,59.58,-5.85,(連),1.54,64.57,0.92,0.82,-6.97,4.07
2026-08-21,3405,クラレ,東P,"1,839",+7.5 (+0.41%) ,0.76,77.86,1.0,7.28,79.99,-36.78,(連),2.94,110.96,0.04,-1.09,-43.27,2.00
2026-08-21,3407,旭化成,東P,"1,641.5",+7.5 (+0.46%) ,1.07,14.03,8.0,7.52,55.11,19.10,(連),2.56,125.14,1.87,0.35,5.16,3.98
2026-08-21,3409,北紡,東S,95,-1.0 (-1.04%) ,,,,,,,,,,,,,
2026-08-21,340A,ジグザグ,東G,324,+2.0 (+0.62%) ,,,,,,,,,,,,,
2026-08-21,3415,ＴＯＫＹＯ　ＢＡＳＥ,東P,369,-6.0 (-1.60%) ,2.59,13.27,21.3,8.24,7.75,28.07,(連),1.63,32.95,0.62,-2.17,12.50,16.55
2026-08-21,3416,ピクスタ,東S,888,0.0 (0.00%) ,,,,,,,,,,,,,
2026-08-21,3417,大木ヘルスケアＨＬＤＧ,東S,"1,055",-5.0 (-0.47%) ,,,,,,,,,,,,,
2026-08-21,3418,バルニバービ,東G,"1,048",-5.0 (-0.47%) ,1.9,25.29,9.3,4.45,0.00,-3.87,(連),0.72,29.60,-1.25,-4.92,-42.00,5.94
2026-08-21,3419,アートグリーン,名N,"1,979",+1.0 (+0.05%) ,4.42,682.41,0.6,0.56,0.00,-66.67,(連),0.00,,,,,
2026-08-21,341A,トヨコー,東G,"2,010",-15.0 (-0.74%) ,,,,,,,,,,,,,
2026-08-21,3420,ケー・エフ・シー,東S,"1,608",-5.0 (-0.31%) ,0.53,11.33,4.8,4.23,0.00,-19.53,(連),4.04,,,,,
2026-08-21,3421,稲葉製作所,東S,"1,745",+23.0 (+1.34%) ,0.63,18.18,3.5,4.45,0.00,-35.42,(連),2.41,,,,,
2026-08-21,3422,Ｊ−ＭＡＸ,東S,627,-11.0 (-1.72%) ,0.38,8.07,4.8,3.58,63.26,313.08,(連),0.80,,,,,
2026-08-21,3423,エスイー,東S,278,0.0 (0.00%) ,,,,,,,,,,,,,
2026-08-21,3426,アトムリビンテック,東S,"1,291",+4.0 (+0.31%) ,,,,,,,,,,,,,
2026-08-21,3431,宮地エンジニアリンググループ,東P,"1,639",+16.0 (+0.99%) ,1.01,13.32,7.8,7.99,0.00,-49.14,(連),5.95,,,,,
2026-08-21,3433,トーカロ,東P,"2,765",-63.0 (-2.23%) ,2.46,16.34,15.8,24.11,30.37,17.39,(連),3.07,185.45,1.59,5.50,8.67,13.41
2026-08-21,3434,アルファＣｏ,東S,"1,259",+14.0 (+1.12%) ,0.31,8.74,3.7,1.16,71.93,165.68,(連),3.97,,,,,
2026-08-21,3435,サンコーテクノ,東S,"1,453",-7.0 (-0.48%) ,0.58,7.22,8.3,8.24,0.00,42.22,(連),2.89,,,,,
2026-08-21,3436,ＳＵＭＣＯ,東P,"3,384",-72.0 (-2.08%) ,,,,,,,,,,,,,
2026-08-21,3437,特殊電極,東S,"2,744",-6.0 (-0.22%) ,0.55,9.50,5.9,5.34,0.00,-6.97,(連),3.68,,,,,
2026-08-21,3439,三ツ知,東S,680,-5.0 (-0.73%) ,,,,,,,,,,,,,
2026-08-21,343A,ＩＡＣＥトラベル,東S,"1,335",+14.0 (+1.06%) ,1.48,11.98,14.8,25.01,12.79,28.62,(連),2.25,,,,,
2026-08-21,3440,日創グループ,東S,943,-3.0 (-0.32%) ,,,,,,,,,,,,,
2026-08-21,3441,山王,東S,"2,699",+16.0 (+0.60%) ,1.73,15.63,11.6,7.35,28.79,122.04,(連),0.82,,,,,
2026-08-21,3442,ＭＩＥコーポレーション,名M,--,-- (--%) ,0.6,4.61,13.9,9.06,0.00,11.79,(連),2.48,,,,,
2026-08-21,3443,川田テクノロジーズ,東P,"1,401",-13.0 (-0.92%) ,,,,,,,,,171.60,3.88,-10.16,-10.16,-4.39
2026-08-21,3444,菊池製作所,東S,"1,001",-36.0 (-3.47%) ,2.02,117.21,1.9,-4.07,14.83,74.89,(連),1.00,,,,,
2026-08-21,3445,ＲＳ　Ｔｅｃｈｎｏｌｏｇｉｅｓ,東P,"5,500",-70.0 (-1.26%) ,1.82,15.65,12.5,18.62,69.12,6.17,(連),0.82,402.75,0.95,-0.27,-4.92,20.00
2026-08-21,3446,ジェイテックコーポレーション,東S,"1,610",-28.0 (-1.71%) ,,,,,,,,,60.62,0.05,0.00,-41.11,22.08
2026-08-21,3447,信和,東S,"1,030",+3.0 (+0.29%) ,0.83,8.16,10.5,12.35,0.00,54.39,(連),3.30,,,,,
2026-08-21,3448,清鋼材,東PRO,--,-- (--%) ,,,,,,,,,,,,,
2026-08-21,3449,テクノフレックス,東S,"3,745",-260.0 (-6.49%) ,2.67,21.98,12.7,15.06,13.54,83.79,(連),1.84,196.30,1.34,-0.96,60.94,17.92
2026-08-21,3451,トーセイ・リート投資法人,東REIT,"131,000",-500.0 (-0.38%) ,,,,,,,,,,,,,
2026-08-21,3452,ビーロット,東S,"1,482",-11.0 (-0.74%) ,1.38,6.28,23.5,20.06,0.00,11.02,(連),4.93,,,,,
2026-08-21,3454,ファーストブラザーズ,東S,"1,280",+17.0 (+1.35%) ,0.69,10.26,6.9,27.78,0.00,102.14,(連),2.73,,,,,
2026-08-21,3455,ヘルスケア＆メディカル投資法人,東REIT,"99,300",+300.0 (+0.30%) ,,,,,,,,,,,,,
2026-08-21,3457,Ａｎｄ　ＤｏＨＬＤＧ,東P,929,+8.0 (+0.87%) ,1.0,7.82,13.1,4.05,0.00,-14.87,(連),4.84,,,,,
2026-08-21,3459,サムティ・レジデンシャル投資,東REIT,"89,000",-200.0 (-0.22%) ,,,,,,,,,,,,,
2026-08-21,345A,高配当成長日本株ＥＴＮ,東ETF,"15,585",+140.0 (+0.91%) ,,,,,,,,,,,,,
2026-08-21,3461,パルマ,東S,608,+1.0 (+0.16%) ,1.7,33.59,5.1,6.36,0.00,32.62,(単),1.97,,,,,
2026-08-21,3462,野村不動産マスターファンド,東REIT,"149,500",-900.0 (-0.60%) ,,,,,,,,,"6,435.09",-3.48,-1.31,-2.77,-5.06
2026-08-21,3463,いちごホテルリート投資法人,東REIT,"111,000",-500.0 (-0.45%) ,,,,,,,,,,,,,
2026-08-21,3465,ケイアイスター不動産,東P,"3,865",+15.0 (+0.39%) ,1.64,7.81,23.0,6.85,0.00,65.06,(連),3.04,589.40,0.34,0.58,22.94,15.55
2026-08-21,3466,ラサールロジポート投資法人,東REIT,"148,800",-200.0 (-0.13%) ,,,,,,,,,"7,156.59",10.86,0.62,5.95,-1.25
2026-08-21,3467,アグレ都市デザイン,東S,"2,845",+11.0 (+0.39%) ,1.9,8.48,24.4,8.87,0.00,23.85,(連),4.15,,,,,
2026-08-21,3468,スターアジア不動産投資法人,東REIT,"53,200",-400.0 (-0.75%) ,,,,,,,,,,,,,
2026-08-21,3469,デュアルタップ,東S,898,+3.0 (+0.34%) ,,,,,,,,,,,,,
2026-08-21,346A,ＮＦ　Ｓ＆Ｐ　５００半導体指数,東ETF,"4,960",+5.0 (+0.10%) ,,,,,,,,,,,,,
2026-08-21,3470,マリモ地方創生リート投資法人,東REIT,"101,800",-800.0 (-0.78%) ,,,,,,,,,,,,,
2026-08-21,3471,三井不動産ロジスティクスパーク,東REIT,"106,100",-500.0 (-0.47%) ,,,,,,,,,,,,,
2026-08-21,3472,日本ホテル＆レジデンシャル投資,東REIT,"67,100",0.0 (0.00%) ,,,,,,,,,,,,,
2026-08-21,3474,Ｇ―ＦＡＣＴＯＲＹ,東G,585,0.0 (0.00%) ,,,,,,,,,,,,,
2026-08-21,3475,グッドコムアセット,東P,"1,598",+16.0 (+1.01%) ,3.22,29.98,10.7,5.38,0.00,-47.63,(連),2.82,,,,,
2026-08-21,3476,投資法人みらい,東REIT,"40,750",-250.0 (-0.61%) ,,,,,,,,,,,,,
2026-08-21,3477,フォーライフ,東G,888,+8.0 (+0.91%) ,0.81,6.52,13.1,5.04,0.00,50.19,(単),3.38,,,,,
2026-08-21,3479,ＴＫＰ,東G,"1,889",-1.0 (-0.05%) ,1.43,5.91,26.9,9.01,0.00,56.19,(連),0.00,126.56,-0.25,2.66,24.70,56.41
2026-08-21,347A,ＧＲＯＷＴＨ　ＰＯＷＥＲ,東PRO,--,-- (--%) ,,,,,,,,,,,,,
2026-08-21,3480,ジェイ・エス・ビー,東P,"8,950",-10.0 (-0.11%) ,4.53,36.62,13.0,10.07,0.00,-6.83,(連),1.17,298.10,1.37,-2.86,-4.58,8.98
2026-08-21,3481,三菱地所物流リート投資法人,東REIT,"119,300",-400.0 (-0.33%) ,,,,,,,,,"4,431.46",-1.20,-3.96,-9.09,-0.66
2026-08-21,3482,ロードスターキャピタル,東P,"2,643",+24.0 (+0.92%) ,,,,,,,,,553.23,0.31,2.97,-6.90,27.54
2026-08-21,3483,翔栄,東PRO,--,-- (--%) ,0.29,1.20,27.9,27.72,0.00,172.47,(単),0.00,,,,,
2026-08-21,3484,イノベーションＨＬＤＧ,東S,"1,073",-4.0 (-0.37%) ,3.65,13.28,30.3,10.2,0.00,58.21,(連),3.17,,,,,
2026-08-21,3486,グローバル・リンク・マネジメン,東P,"2,001",+1.0 (+0.05%) ,,,,,,,,,,,,,
2026-08-21,3487,ＣＲＥロジスティクスファンド,東REIT,"134,300",-200.0 (-0.15%) ,,,,,,,,,"7,094.00",-14.81,48.46,-31.65,-10.70
2026-08-21,3488,セントラル・リート投資法人,東REIT,"103,300",-300.0 (-0.29%) ,,,,,,,,,,,,,
2026-08-21,3489,フェイスネットワーク,東S,871,-2.0 (-0.23%) ,2.08,7.20,32.4,17.11,0.00,25.79,(連),4.88,,,,,
2026-08-21,348A,ＭＸＳ読売３３３日本株上場投信,東ETF,301.3,-0.3 (-0.10%) ,,,,,,,,,,,,,
2026-08-21,3490,アズ企画設計,東S,"3,190",+25.0 (+0.79%) ,1.21,14.74,8.5,5.71,0.00,-36.76,(連),0.94,,,,,
2026-08-21,3491,ＧＡ　ｔｅｃｈｎｏｌｏｇｉｅｓ,東G,"1,588",+5.0 (+0.32%) ,2.11,16.24,14.5,2.85,0.00,96.60,(連),0.50,141.00,0.25,0.66,-6.24,30.34
2026-08-21,3492,ＭＩＲＡＲＴＨ不動産投資法人,東REIT,"80,900",-300.0 (-0.37%) ,,,,,,,,,,,,,
2026-08-21,3494,マリオン,東S,443,0.0 (0.00%) ,0.73,7.56,10.1,26.86,0.00,27.39,(単),1.35,,,,,
2026-08-21,3495,香陵住販,東S,"2,366",-1.0 (-0.04%) ,1.06,6.42,17.7,9.29,0.00,5.72,(連),2.32,,,,,
2026-08-21,3496,アズーム,東P,"4,805",-45.0 (-0.93%) ,8.64,31.28,34.7,19.38,0.00,42.69,(連),2.21,,,,,
2026-08-21,3498,霞ヶ関キャピタル,東P,"7,860",-140.0 (-1.75%) ,4.24,15.10,32.5,19.62,7.11,117.99,(連),1.53,680.75,0.38,-0.43,6.20,53.68
2026-08-21,349A,ＳＭＤＡＭＡｃｔｉｖｅグロース,東ETF,849.9,-5.0 (-0.58%) ,,,,,,,,,,,,,
2026-08-21,3501,ＳＵＭＩＮＯＥ,東P,"1,192",+16.0 (+1.36%) ,,,,,,,,,,,,,
2026-08-21,3504,丸八ＨＬＤＧ,名M,"1,407",-4.0 (-0.28%) ,,,,,,,,,,,,,
2026-08-21,350A,デジタルグリッド,東G,790,+5.0 (+0.64%) ,,,,,,,,,,,,,
2026-08-21,3512,日本フエルト,東S,"1,030",+25.0 (+2.49%) ,0.8,32.41,2.6,4.71,19.82,59.62,(連),2.33,,,,,
2026-08-21,3513,イチカワ,東S,"3,370",-10.0 (-0.30%) ,0.59,12.24,5.1,10.61,63.39,34.29,(連),2.67,,,,,
2026-08-21,351A,アクシスＩＴパートナーズ,東PRO,--,-- (--%) ,,,,,,,,,,,,,
2026-08-21,3521,テルマー湯ＨＬＤＧ,東S,157,0.0 (0.00%) ,0.84,25.65,3.3,11.43,0.00,-9.14,(連),3.18,,,,,
2026-08-21,3524,日東製網,東S,"1,488",+5.0 (+0.34%) ,0.48,5.67,8.8,2.51,10.97,16.30,(連),3.36,,,,,
2026-08-21,3529,アツギ,東S,"1,059",+9.0 (+0.86%) ,,,,,,,,,,,,,
2026-08-21,352A,ＬＯＩＶＥ,東G,539,-12.0 (-2.18%) ,,,,,,,,,,,,,
2026-08-21,3536,アクサスＨＬＤＧ,東S,130,-1.0 (-0.76%) ,,,,,,,,,,,,,
2026-08-21,3537,昭栄薬品,東S,"1,716",+3.0 (+0.18%) ,0.62,10.53,6.1,1.87,0.00,-4.23,(連),2.68,,,,,
2026-08-21,3538,ウイルプラスＨＬＤＧ,東S,"1,026",0.0 (0.00%) ,,,,,,,,,,,,,
2026-08-21,3539,ＪＭ　ＨＬＤＧ,東P,"1,483",+10.0 (+0.68%) ,1.67,11.77,14.6,5.4,0.00,8.86,(連),1.55,,,,,
2026-08-21,3542,ベガコーポレーション,東G,"1,465",-32.0 (-2.14%) ,,,,,,,,,,,,,
2026-08-21,3543,コメダＨＬＤＧ,東P,"2,962",+5.0 (+0.17%) ,2.7,20.86,13.5,16.47,0.00,8.36,(連),2.03,151.85,2.80,-0.06,-5.07,14.03
2026-08-21,3544,サツドラＨＬＤＧ,東S,"1,248",-1.0 (-0.08%) ,1.7,39.56,4.4,1.45,0.00,-18.02,(連),0.00,,,,,
2026-08-21,3547,ユニシアＨＬＤＧ,東S,"1,812",-25.0 (-1.36%) ,4.07,22.36,22.7,5.62,0.00,46.10,(連),0.83,54.00,-1.02,12.07,-13.33,47.32
2026-08-21,3548,バロックジャパンリミテッド,東P,730,+1.0 (+0.14%) ,1.79,71.64,2.4,0.62,2.61,122.76,(連),5.21,,,,,
2026-08-21,3549,クスリのアオキＨＬＤＧ,東S,"4,108",+3.0 (+0.07%) ,2.77,23.22,11.9,4.78,0.00,0.76,(連),1.36,202.04,1.43,-0.61,0.48,12.59
2026-08-21,354A,ｉＦブルームバーグ日本株５０,東ETF,"3,362",+30.0 (+0.90%) ,,,,,,,,,,,,,
2026-08-21,3550,スタジオアタオ,東G,218,-2.0 (-0.91%) ,1.17,19.93,6.0,5.79,0.00,33.52,(単),2.29,,,,,
2026-08-21,3551,ダイニック,東S,"1,628",+12.0 (+0.74%) ,0.45,5.38,8.8,5.21,27.39,9.63,(連),2.83,,,,,
2026-08-21,3553,共和レザー,東S,925,+15.0 (+1.65%) ,0.6,33.62,1.8,1.65,44.64,-40.08,(連),5.62,,,,,
2026-08-21,3556,リネットジャパングループ,東G,874,-14.0 (-1.58%) ,12.57,25.66,80.4,2.89,1.69,141.89,(連),0.00,,,,,
2026-08-21,3557,ユナイテッド＆コレクティブ,東G,567,-2.0 (-0.35%) ,,,,,,,,,,,,,
2026-08-21,3558,ジェイドグループ,東G,"1,828",+15.0 (+0.83%) ,2.52,11.82,24.2,12.36,0.00,65.12,(連),1.64,,,,,
2026-08-21,3559,ピーバンドットコム,東S,421,-4.0 (-0.94%) ,1.37,18.65,7.5,8.22,0.00,17.61,(単),2.38,,,,,
2026-08-21,355A,ナウビレッジ,東PRO,--,-- (--%) ,,,,,,,,,,,,,
2026-08-21,3560,ほぼ日,東S,"4,350",-45.0 (-1.02%) ,2.06,22.52,9.5,7.1,40.16,19.89,(単),2.07,,,,,
2026-08-21,3561,力の源ＨＬＤＧ,東P,"1,633",+4.0 (+0.25%) ,4.06,26.87,16.1,6.41,39.98,-9.12,(連),1.22,61.80,15.71,-6.90,-20.59,8.20
2026-08-21,3562,Ｎｏ．１,東S,"1,591",+1.0 (+0.06%) ,2.38,14.82,16.1,7.59,0.00,34.46,(連),4.90,,,,,
2026-08-21,3563,ＦＯＯＤ　＆　ＬＩＦＥ　ＣＯＭ,東P,"5,549",-43.0 (-0.77%) ,12.84,54.75,26.9,8.4,0.00,55.99,(連),0.32,138.93,1.09,0.11,22.80,19.86
2026-08-21,3565,アセンテック,東S,451,-8.0 (-1.74%) ,3.12,9.39,39.6,16.46,0.00,137.60,(連),2.22,,,,,
2026-08-21,3566,ユニフォームネクスト,東G,756,+2.0 (+0.27%) ,1.98,14.77,14.4,7.65,0.00,62.74,(単),0.66,,,,,
2026-08-21,3569,セーレン,東P,"3,410",0.0 (0.00%) ,1.24,12.84,10.3,12.13,57.23,14.15,(連),2.23,272.10,5.03,-0.07,0.23,8.52
2026-08-21,356A,ＧＸ　Ｓ＆Ｐ５００キャト１００,東ETF,"1,561",-5.0 (-0.32%) ,,,,,,,,,,,,,
2026-08-21,3571,ソトー,東S,721,+3.0 (+0.42%) ,0.59,17.51,3.5,-2.14,0.00,-216.13,(連),5.83,,,,,
2026-08-21,3577,東海染工,東S,947,-3.0 (-0.32%) ,0.38,14.79,2.7,1.18,29.92,-45.52,(連),2.64,,,,,
2026-08-21,357A,エフアンドエフ,東PRO,--,-- (--%) ,,,,,,,,,,,,,
2026-08-21,3580,小松マテーレ,東P,761,+5.0 (+0.66%) ,0.73,19.76,3.8,6.02,42.35,13.04,(連),3.55,,,,,
2026-08-21,3583,オーベクス,東S,"1,308",+6.0 (+0.46%) ,0.49,6.26,8.2,10.22,60.64,-22.60,(連),2.68,,,,,
2026-08-21,358A,ゼン・ランド,東PRO,--,-- (--%) ,,,,,,,,,,,,,
2026-08-21,3591,ワコールＨＬＤＧ,東P,"4,254",-6.0 (-0.14%) ,1.0,16.26,6.5,11.59,40.56,245.21,(連),2.35,100.40,-0.69,0.00,-27.55,3.67
2026-08-21,3597,自重堂,東S,"9,150",+20.0 (+0.22%) ,0.69,23.37,3.0,9.68,0.00,-44.79,(連),6.56,,,,,
2026-08-21,3598,山喜,東S,163,+2.0 (+1.24%) ,,,,,,,,,,,,,
2026-08-21,359A,ＮＥＸＴ　ＳＴＡＧＥ,東PRO,--,-- (--%) ,,,,,,,,,,,,,
2026-08-21,3600,フジックス,東S,--,-- (--%) ,,,,,,,,,,,,,
2026-08-21,3607,クラウディアＨＬＤＧ,東S,362,-1.0 (-0.28%) ,,,,,,,,,,,,,
2026-08-21,3608,ＴＳＩ　ＨＬＤＧ,東P,"1,270",+14.0 (+1.11%) ,0.74,21.00,3.7,2.59,0.00,162.04,(連),3.15,136.00,0.07,2.57,2.32,13.19
2026-08-21,360A,東証ＲＥＩＴ　Ｃｏｒｅ　ＥＴＦ,東ETF,--,-- (--%) ,,,,,,,,,,,,,
2026-08-21,3611,マツオカコーポレーション,東S,"2,483",+48.0 (+1.97%) ,0.65,8.33,8.0,2.93,50.00,28.39,(連),4.03,,,,,
2026-08-21,3612,ワールド,東P,"1,682",+12.0 (+0.72%) ,1.29,9.82,13.7,5.64,1.06,-8.40,(連),3.24,178.60,2.21,-11.27,-21.30,14.34
2026-08-21,361A,リビングハウス,東PRO,--,-- (--%) ,,,,,,,,,,,,,
2026-08-21,3622,ネットイヤーグループ,東S,488,+1.0 (+0.21%) ,1.23,19.65,6.4,9.01,0.00,306.02,(単),1.43,,,,,
2026-08-21,3623,ビリングシステム,東G,"1,222",+77.0 (+6.72%) ,2.45,18.84,13.7,14.23,0.00,4.49,(連),2.11,,,,,
2026-08-21,3624,アクセルマーク,東G,89,+5.0 (+5.95%) ,,,,,,,,,,,,,
2026-08-21,3625,テックファームＨＬＤＧ,東G,672,+13.0 (+1.97%) ,1.75,9.50,20.1,11.17,0.00,191.57,(連),1.19,,,,,
2026-08-21,3626,ＴＩＳＩ,東P,"3,820",-17.0 (-0.44%) ,2.59,18.64,14.0,12.78,0.00,8.52,(連),2.09,266.35,0.48,0.16,4.52,4.45
2026-08-21,3627,テクミラＨＬＤＧ,東S,262,-4.0 (-1.50%) ,,,,,,,,,,,,,
2026-08-21,3628,データホライゾン,東G,592,-3.0 (-0.50%) ,,,,,,,,,,,,,
2026-08-21,362A,エクシオＨＬＤＧ,東PRO,--,-- (--%) ,,,,,,,,,,,,,
2026-08-21,3632,グリーＨＬＤＧ,東P,420,-6.0 (-1.41%) ,0.77,60.17,1.3,8.51,12.88,-47.21,(連),3.45,14.55,0.27,0.00,-50.00,-8.39
2026-08-21,3633,ＧＭＯペパボ,東S,"2,404",+25.0 (+1.05%) ,4.43,14.25,33.9,8.5,0.00,31.16,(連),4.62,141.50,-1.04,-1.89,4.00,-0.61
2026-08-21,3634,ソケッツ,東S,590,+3.0 (+0.51%) ,,,,,,,,,,,,,
2026-08-21,3635,コーエーテクモＨＬＤＧ,東P,"1,672",-25.0 (-1.47%) ,2.05,12.69,18.6,42.05,44.47,14.03,(連),3.95,104.23,-0.78,0.06,15.00,3.37
2026-08-21,3636,三菱総合研究所,東P,"5,010",+35.0 (+0.70%) ,1.1,12.35,9.2,6.59,0.00,19.48,(連),3.29,420.20,3.28,5.48,-1.90,4.76
2026-08-21,3639,ボルテージ,東S,224,0.0 (0.00%) ,,,,,,,,,,,,,
2026-08-21,363A,ｉＦ英国　ＦＴＳＥ１００,東ETF,"2,792",+16.0 (+0.58%) ,,,,,,,,,,,,,
2026-08-21,3640,電算,東S,"2,778",-9.0 (-0.32%) ,,,,,,,,,,,,,
2026-08-21,3641,パピレス,東S,979,+6.0 (+0.62%) ,,,,,,,,,,,,,
2026-08-21,3645,メディカルネット,東G,242,-1.0 (-0.41%) ,,,,,,,,,,,,,
2026-08-21,3646,駅探,東S,342,+1.0 (+0.29%) ,,,,,,,,,,,,,
2026-08-21,3647,アスリナ,東S,116,-2.0 (-1.69%) ,,,,,,,,,,,,,
2026-08-21,3648,ＡＧＳ,東S,"1,045",-4.0 (-0.38%) ,1.09,9.04,12.6,8.56,0.00,32.00,(連),3.25,,,,,
2026-08-21,3649,ファインデックス,東P,870,-12.0 (-1.36%) ,,,,,,,,,54.50,1.83,2.63,8.33,4.67
2026-08-21,364A,ＮＦ　Ｓ＆Ｐ　５００配当貴族,東ETF,"2,555",-18.0 (-0.70%) ,,,,,,,,,,,,,
2026-08-21,3652,ディジタルメディアプロ,東G,"2,412",-10.0 (-0.41%) ,,,,,,,,,,,,,
2026-08-21,3653,モルフォ,東G,747,+3.0 (+0.40%) ,,,,,,,,,,,,,
2026-08-21,3656,ＫＬａｂ,東P,193,-3.0 (-1.53%) ,,,,,,,,,,,,,
2026-08-21,3657,ポールトゥウィンＨＬＤＧ,東P,365,0.0 (0.00%) ,,,,,,,,,28.30,-0.10,15.79,46.67,-5.13
2026-08-21,3659,ネクソン,東P,"3,095",+47.0 (+1.54%) ,2.32,27.04,8.9,26.1,98.67,-28.34,(連),1.45,143.56,0.84,-0.09,3.12,6.84
2026-08-21,365A,伊澤タオル,東S,800,0.0 (0.00%) ,,,,,,,,,,,,,
2026-08-21,3660,アイスタイル,東P,533,-4.0 (-0.74%) ,,,,,,,,,35.00,1.10,0.00,7.23,15.94
2026-08-21,3661,エムアップＨＬＤＧ,東P,851,-6.0 (-0.70%) ,6.36,20.33,34.7,15.77,0.00,32.07,(連),2.35,43.50,5.00,-1.69,10.70,19.30
2026-08-21,3662,エイチームＨＬＤＧ,東P,989,0.0 (0.00%) ,2.03,17.74,10.8,3.53,8.40,160.26,(連),2.22,,,,,
2026-08-21,3663,セルシス,東P,"1,881",+1.0 (+0.05%) ,12.86,34.06,35.5,31.33,51.93,28.74,(単),1.91,,,,,
2026-08-21,3664,ＷＩＺＥ,東G,27,+5.0 (+22.73%) ,,,,,,,,,,,,,
2026-08-21,3665,エニグモ,東P,415,-3.0 (-0.72%) ,1.41,50.43,2.8,0.73,36.77,-93.80,(連),7.23,1.30,-3.82,0.00,-77.78,34.97
2026-08-21,3667,ｅｎｉｓｈ,東S,28,0.0 (0.00%) ,,,,,,,,,,,,,
2026-08-21,3668,コロプラ,東P,439,-1.0 (-0.23%) ,,,,,,,,,,,,,
2026-08-21,366A,ウェルネス・コミュニケーション,東G,"1,133",-7.0 (-0.61%) ,,,,,,,,,,,,,
2026-08-21,3670,協立情報通信,東S,"1,774",+9.0 (+0.51%) ,0.9,6.72,14.1,9.22,0.00,58.14,(単),3.66,,,,,
2026-08-21,3671,ソフトマックス,東S,310,+1.0 (+0.32%) ,1.9,12.99,15.4,10.68,0.00,13.43,(単),3.23,,,,,
2026-08-21,3672,オルトプラス,東S,29,-2.0 (-6.45%) ,,,,,,,,,,,,,
2026-08-21,3673,ブロードリーフ,東P,474,-13.0 (-2.67%) ,3.52,68.75,5.2,9.91,0.00,240.32,(連),0.63,16.50,0.21,10.96,-1.93,11.74
2026-08-21,3674,オークファン,東G,338,+3.0 (+0.90%) ,,,,,,,,,,,,,
2026-08-21,3675,クロス・マーケティンググループ,東S,609,+2.0 (+0.33%) ,,,,,,,,,,,,,
2026-08-21,3676,デジタルハーツＨＬＤＧ,東P,"1,059",-1.0 (-0.09%) ,,,,,,,,,84.36,0.21,-3.45,-15.15,1.36
2026-08-21,3678,メディアドゥ,東P,"1,289",-4.0 (-0.31%) ,1.03,10.76,9.9,2.26,0.00,7.97,(連),3.10,80.05,-0.49,-5.71,-36.13,7.60
2026-08-21,3679,じげん,東P,463,-2.0 (-0.43%) ,2.04,11.11,19.6,20.24,0.00,5.11,(連),2.38,45.25,1.19,-0.75,1.69,14.78
2026-08-21,367A,プリモグローバルＨＬＤＧ,東S,"2,781",-46.0 (-1.63%) ,1.35,13.62,10.6,11.18,37.35,59.39,(連),3.78,,,,,
2026-08-21,3680,ホットリンク,東G,212,-1.0 (-0.47%) ,,,,,,,,,,,,,
2026-08-21,3682,エンカレッジ・テクノロジ,東S,580,-9.0 (-1.53%) ,1.08,18.16,6.0,11.72,0.00,3.96,(単),4.48,,,,,
2026-08-21,3683,サイバーリンクス,東S,"1,121",+4.0 (+0.36%) ,1.36,9.56,15.3,10.18,0.00,46.68,(連),2.68,,,,,
2026-08-21,3686,ディー・エル・イー,東S,58,-1.0 (-1.69%) ,,,,,,,,,,,,,
2026-08-21,3687,フィックスターズ,東P,"2,181",+7.0 (+0.32%) ,8.53,36.15,26.0,26.8,0.00,11.97,(連),0.83,,,,,
2026-08-21,368A,北里,東P,"1,542",-13.0 (-0.84%) ,,,,,,,,,,,,,
2026-08-21,3690,イルグルム,東S,566,+1.0 (+0.18%) ,,,,,,,,,,,,,
2026-08-21,3691,デジタルプラス,東G,"1,856",-14.0 (-0.75%) ,,,,,,,,,,,,,
2026-08-21,3692,ＦＦＲＩセキュリティ,東G,"4,780",-125.0 (-2.55%) ,10.01,34.37,33.5,31.36,0.00,65.68,(連),0.38,,,,,
2026-08-21,3694,オプティム,東P,452,-3.0 (-0.66%) ,2.65,22.32,12.6,16.78,0.00,4.73,(連),0.00,22.90,1.52,5.26,5.26,10.84
2026-08-21,3695,ＧＭＯプロダクトプラットフォー,東G,"1,437",+19.0 (+1.34%) ,2.6,34.35,6.9,4.99,41.77,30.24,(連),4.14,,,,,
2026-08-21,3696,セレス,東P,"2,267",-1.0 (-0.04%) ,1.97,10.47,20.4,7.87,0.00,-21.37,(連),3.53,,,,,
2026-08-21,3697,ＳＨＩＦＴ,東P,955.1,+0.1 (+0.01%) ,6.13,28.15,24.1,12.04,0.00,41.18,(連),0.00,36.04,4.26,-1.28,-28.09,19.22
2026-08-21,3698,ＣＲＩ・ミドルウェア,東S,"1,178",+12.0 (+1.03%) ,1.52,14.63,10.8,16.06,0.00,47.78,(連),2.12,,,,,
2026-08-21,369A,エータイ,東G,"2,524",+23.0 (+0.92%) ,,,,,,,,,,,,,
2026-08-21,3708,特種東海製紙,東P,"2,174",+28.0 (+1.30%) ,,,,,,,,,,,,,
2026-08-21,370A,リバイブル,東PRO,--,-- (--%) ,,,,,,,,,,,,,
2026-08-21,3710,ジョルダン,東S,646,+2.0 (+0.31%) ,0.72,12.59,5.8,1.59,26.24,255.42,(連),0.93,,,,,
2026-08-21,3712,情報企画,東S,993,+3.0 (+0.30%) ,2.16,13.94,16.4,39.96,0.00,6.22,(連),2.32,,,,,
2026-08-21,3719,ＡＩストーム,東S,123,0.0 (0.00%) ,1.64,17.75,15.6,10.36,0.00,123.28,(単),2.44,,,,,
2026-08-21,371A,デージーネット,東PRO,--,-- (--%) ,,,,,,,,,,,,,
2026-08-21,3723,日本ファルコム,東G,"2,871",-29.0 (-1.00%) ,2.71,32.66,8.6,51.28,40.60,9.65,(単),0.70,,,,,
2026-08-21,3726,フォーシーズＨＤ,東S,405,0.0 (0.00%) ,,,,,,,,,,,,,
2026-08-21,3727,アプリックス,東G,155,-1.0 (-0.64%) ,,,,,,,,,,,,,
2026-08-21,372A,レント,東S,"5,610",+20.0 (+0.36%) ,,,,,,,,,,,,,
2026-08-21,3733,ソフトウェア・サービス,東S,"12,530",-130.0 (-1.03%) ,1.57,10.73,15.6,19.83,0.00,15.47,(連),1.28,"1,173.40",22.83,-3.04,-11.34,12.93
2026-08-21,3739,コムシード,名N,122,+2.0 (+1.67%) ,2.07,16.67,13.5,5.66,0.00,24.79,(連),0.00,,,,,
2026-08-21,373A,リップス,東G,"1,462",-6.0 (-0.41%) ,,,,,,,,,,,,,
2026-08-21,3741,セック,東P,"3,210",-90.0 (-2.73%) ,3.18,21.71,15.4,16.75,0.00,8.93,(単),1.87,154.80,4.56,-99.90,-8.00,7.06
2026-08-21,3744,サイオス,東S,462,+7.0 (+1.54%) ,2.16,12.51,20.1,2.1,4.33,162.96,(連),0.00,,,,,
2026-08-21,3747,インタートレード,東S,448,+14.0 (+3.23%) ,,,,,,,,,,,,,
2026-08-21,374A,樋口総合研究所,東PRO,--,-- (--%) ,,,,,,,,,,,,,
2026-08-21,3750,ＡＤＲバイオメディカルＨＬＤＧ,東S,764,-5.0 (-0.65%) ,,,,,,,,,,,,,
2026-08-21,3753,フライトソリューションズ,東S,254,-9.0 (-3.42%) ,,,,,,,,,,,,,
2026-08-21,3758,アエリア,東S,239,-2.0 (-0.83%) ,,,,,,,,,,,,,
2026-08-21,375A,ＹＡＫ　ＨＬＤＧ,東PRO,--,-- (--%) ,,,,,,,,,,,,,
2026-08-21,3760,ケイブ,東S,732,-4.0 (-0.54%) ,,,,,,,,,,,,,
2026-08-21,3762,テクマトリックス,東P,"2,388",-23.0 (-0.95%) ,3.65,18.53,20.5,10.82,0.00,22.36,(連),2.18,143.10,1.53,0.59,-4.56,12.37
2026-08-21,3763,プロシップ,東P,"2,468",+38.0 (+1.56%) ,5.57,27.93,22.1,34.93,0.00,26.45,(連),1.62,,,,,
2026-08-21,3765,ガンホー・オンライン,東P,"2,455",-28.0 (-1.13%) ,1.08,95.19,1.1,5.42,65.86,-66.12,(連),3.67,88.79,0.11,0.43,-28.93,-2.71
2026-08-21,3766,システムズ・デザイン,東S,"1,420",-3.0 (-0.21%) ,,,,,,,,,,,,,
2026-08-21,3768,リスクモンスター,東S,559,+4.0 (+0.72%) ,0.7,18.89,3.8,9.41,0.00,30.80,(連),2.86,,,,,
2026-08-21,3769,ＧＭＯペイメントゲートウェイ,東P,"9,222",-192.0 (-2.04%) ,6.19,32.04,20.2,37.99,2.55,16.02,(連),1.56,322.76,2.40,0.06,1.44,13.27
2026-08-21,376A,ＮＦブルームバーグ米国７−１０,東ETF,"4,854",0.0 (0.00%) ,,,,,,,,,,,,,
2026-08-21,3771,システムリサーチ,東P,"1,963",+5.0 (+0.26%) ,2.42,12.46,20.6,11.93,0.00,15.82,(連),3.57,,,,,
2026-08-21,3772,ウェルス・マネジメント,東S,"1,082",+6.0 (+0.56%) ,,,,,,,,,,,,,
2026-08-21,3773,アドバンスト・メディア,東G,"1,029",-17.0 (-1.63%) ,,,,,,,,,70.20,-0.40,1.35,-28.57,17.04
2026-08-21,3774,インターネットイニシアティブ,東P,"3,381",-140.0 (-3.98%) ,3.79,24.77,16.2,10.09,0.00,20.76,(連),1.15,152.89,1.92,-0.09,-6.82,10.01
2026-08-21,3775,ガイアックス,名N,443,-7.0 (-1.56%) ,,,,,,,,,,,,,
2026-08-21,3776,ブロードバンドタワー,東S,243,0.0 (0.00%) ,,,,,,,,,,,,,
2026-08-21,3777,環境フレンドリーＨＬＤＧ,東G,49,+1.0 (+2.08%) ,,,,,,,,,,,,,
2026-08-21,3778,さくらインターネット,東P,"3,570",0.0 (0.00%) ,4.75,661.11,0.7,-1.14,0.00,-97.41,(連),0.14,48.14,0.09,34.39,-55.03,23.20
2026-08-21,3779,ジェイ・エスコムＨＬＤＧ,東S,131,0.0 (0.00%) ,,,,,,,,,,,,,
2026-08-21,377A,エージェントＩＧＨＬＤＧ,名M,"1,058",-8.0 (-0.75%) ,,,,,,,,,,,,,
2026-08-21,3787,テクノマセマティカル,東S,320,+4.0 (+1.27%) ,0.46,9.65,4.8,6.42,4.35,137.59,(単),0.00,,,,,
2026-08-21,3788,ＧＭＯグローバルサイン・ＨＬＤ,東P,"2,120",-73.0 (-3.33%) ,2.36,24.21,10.2,7.14,38.33,10.64,(連),2.68,85.00,-8.86,0.62,-4.71,7.99
2026-08-21,378A,ヒット,東G,"1,030",+21.0 (+2.08%) ,,,,,,,,,,,,,
2026-08-21,3791,ＩＧポート,東S,"1,124",-22.0 (-1.92%) ,,,,,,,,,14.80,-1.39,-11.54,-47.73,2.79
2026-08-21,3793,ドリコム,東G,491,+11.0 (+2.29%) ,2.82,66.26,4.4,2.33,0.00,500.00,(連),0.00,20.70,0.13,-33.33,-33.33,20.25
2026-08-21,3796,いい生活,東S,309,+6.0 (+1.98%) ,2.14,28.22,7.8,7.09,0.00,661.90,(連),0.97,,,,,
2026-08-21,3798,ＵＬＳグループ,東S,529,-4.0 (-0.75%) ,,,,,,,,,41.70,0.84,0.50,-3.00,22.68
2026-08-21,3799,キーウェアソリューションズ,東S,"1,108",+7.0 (+0.64%) ,1.16,11.55,10.3,4.97,0.00,-2.29,(連),3.07,,,,,
2026-08-21,379A,ＧＸ　Ｓ＆Ｐ５００　ＥＴＦ,東ETF,"1,356",-3.0 (-0.22%) ,,,,,,,,,,,,,
2026-08-21,3800,ユニリタ,東S,"1,965",0.0 (0.00%) ,1.21,19.41,6.3,7.79,0.00,13.39,(連),3.66,,,,,
2026-08-21,3802,エコミック,東S,498,0.0 (0.00%) ,,,,,,,,,,,,,
2026-08-21,3803,イメージ情報開発,東G,555,+31.0 (+5.92%) ,,,,,,,,,,,,,
2026-08-21,3804,システム　ディ,東S,446,+5.0 (+1.13%) ,1.71,13.66,13.2,18.64,0.00,13.61,(連),2.09,,,,,
2026-08-21,3807,フィスコ,東G,90,+5.0 (+5.88%) ,,,,,,,,,,,,,
2026-08-21,3808,オーケーウェブ,名N,29,0.0 (0.00%) ,,,,,,,,,,,,,
2026-08-21,380A,ＧＸ　チャイナテック　ＥＴＦ,東ETF,"1,004",+9.0 (+0.90%) ,,,,,,,,,,,,,
2026-08-21,3810,サイバーステップ　ＨＬＤＧ,東S,243,+20.0 (+8.97%) ,,,,,,,,,,,,,
2026-08-21,3815,メディア工房,東G,458,-3.0 (-0.65%) ,,,,,,,,,,,,,
2026-08-21,3816,大和コンピューター,東S,"1,125",0.0 (0.00%) ,0.81,10.44,8.0,17.82,0.00,3.17,(連),1.69,,,,,
2026-08-21,3817,ＳＲＡ　ＨＬＤＧ,東P,"4,850",-20.0 (-0.41%) ,1.82,10.94,17.4,15.47,0.00,16.91,(連),4.12,,,,,
2026-08-21,381A,ｉＦ米国国債３−５年ヘッジなし,東ETF,"2,169",+1.0 (+0.05%) ,,,,,,,,,,,,,
2026-08-21,3823,ＴＨＥ　ＷＨＹ　ＨＯＷ　ＤＯ,東S,31,0.0 (0.00%) ,,,,,,,,,,,,,
2026-08-21,3825,リミックスポイント,東S,237,+6.0 (+2.60%) ,,,,,,,,,,,,,
2026-08-21,3826,システムインテグレータ,東S,499,0.0 (0.00%) ,1.22,11.88,10.7,10.7,0.00,88.41,(連),2.61,,,,,
2026-08-21,382A,ｉＦ米国国債３−５年ヘッジあり,東ETF,"1,899",-1.0 (-0.05%) ,,,,,,,,,,,,,
2026-08-21,3834,朝日ネット,東P,626,+1.0 (+0.16%) ,,,,,,,,,59.10,0.56,0.00,-22.50,2.95
2026-08-21,3835,ｅＢＡＳＥ,東P,429,-1.0 (-0.23%) ,2.56,18.67,13.9,27.21,0.00,-18.36,(連),3.54,,,,,
2026-08-21,3836,アバントグループ,東P,"1,206",-19.0 (-1.55%) ,,,,,,,,,108.90,0.37,0.00,-7.50,8.12
2026-08-21,3837,アドソル日進,東P,"1,504",-16.0 (-1.05%) ,3.65,17.32,22.2,12.51,0.00,25.42,(連),3.06,,,,,
2026-08-21,3839,ＯＤＫソリューションズ,東S,635,+3.0 (+0.47%) ,,,,,,,,,,,,,
2026-08-21,383A,ＭＸＳ　Ｓ＆Ｐ５００均等ウェイ,東ETF,"2,669",-9.0 (-0.34%) ,,,,,,,,,,,,,
2026-08-21,3840,パス,東S,56,-1.0 (-1.75%) ,,,,,,,,,,,,,
2026-08-21,3841,ジーダット,東S,"1,280",-6.0 (-0.47%) ,1.36,28.63,4.8,12.74,29.03,-13.45,(単),3.12,,,,,
2026-08-21,3842,ネクストジェン,東S,"1,035",0.0 (0.00%) ,,,,,,,,,,,,,
2026-08-21,3843,フリービット,東P,"1,697",-12.0 (-0.70%) ,5.69,12.50,30.4,10.68,0.00,-9.14,(連),1.77,183.10,0.27,-2.02,4.74,8.25
2026-08-21,3844,コムチュア,東P,"1,410",+7.0 (+0.50%) ,,,,,,,,,106.60,3.77,-2.52,-12.18,6.61
2026-08-21,3845,アイフリークモバイル,東S,257,0.0 (0.00%) ,5.88,130.46,4.7,1.55,0.00,164.00,(単),0.00,,,,,
2026-08-21,3848,データ・アプリケーション,東S,844,-2.0 (-0.24%) ,,,,,,,,,,,,,
2026-08-21,3850,エヌ・ティ・ティ・データ・イン,東S,"3,390",+35.0 (+1.04%) ,2.81,18.05,16.6,9.42,0.00,136.06,(連),1.95,215.60,1.05,2.00,2.00,12.61
2026-08-21,3851,日本一ソフトウェア,東S,"1,238",-16.0 (-1.28%) ,,,,,,,,,,,,,
2026-08-21,3853,アステリア,東P,"1,138",-42.0 (-3.56%) ,2.48,23.64,11.5,30.25,0.07,27.21,(連),0.79,,,,,
2026-08-21,3854,アイル,東P,"2,477",-20.0 (-0.80%) ,5.49,17.53,33.3,24.97,0.00,11.25,(連),2.02,161.27,1.10,0.11,-0.30,9.54
2026-08-21,3856,Ａｂａｌａｎｃｅ,東S,429,-25.0 (-5.51%) ,0.31,8.02,4.0,4.97,88.86,-84.99,(連),0.70,,,,,
2026-08-21,3858,ユビキタスＡＩ,東S,300,+2.0 (+0.67%) ,,,,,,,,,,,,,
2026-08-21,385A,山本通産,東PRO,--,-- (--%) ,,,,,,,,,,,,,
2026-08-21,3861,王子ＨＬＤＧ,東P,866.7,+5.3 (+0.62%) ,0.69,14.18,5.0,1.86,41.86,-40.89,(連),4.15,40.91,-0.64,-11.42,-50.72,2.34
2026-08-21,3863,日本製紙,東P,"1,396",+32.0 (+2.35%) ,0.32,13.73,2.4,2.11,28.14,48.97,(連),1.07,92.40,-1.62,-10.51,-48.04,1.56
2026-08-21,3864,三菱製紙,東P,"1,199",+38.0 (+3.27%) ,0.51,27.65,2.0,0.17,29.35,-62.18,(連),1.25,,,,,
2026-08-21,3865,北越コーポレーション,東P,905,-13.0 (-1.42%) ,0.57,20.76,2.8,2.62,34.45,-39.92,(連),2.87,45.30,5.17,-58.08,-58.08,1.18
2026-08-21,386A,みのや,東S,"1,266",-2.0 (-0.16%) ,,,,,,,,,,,,,
2026-08-21,3877,中越パルプ工業,東P,"2,262",+5.0 (+0.22%) ,0.47,11.64,4.2,2.48,0.00,-34.00,(連),3.98,,,,,
2026-08-21,3878,巴川,東S,873,-15.0 (-1.69%) ,,,,,,,,,,,,,
2026-08-21,387A,フラー,東G,917,-18.0 (-1.93%) ,,,,,,,,,,,,,
2026-08-21,3880,大王製紙,東P,983,+10.0 (+1.03%) ,0.67,18.30,3.8,3.6,17.55,371.06,(連),1.42,70.65,0.44,2.65,-23.42,1.56
2026-08-21,3891,ニッポン高度紙工業,東S,"6,440",-190.0 (-2.87%) ,,,,,,,,,340.00,0.55,34.88,61.11,18.55
2026-08-21,3892,岡山製紙,東S,"1,545",+4.0 (+0.26%) ,,,,,,,,,,,,,
2026-08-21,3895,ハビックス,東S,498,+6.0 (+1.22%) ,0.51,7.12,7.3,3.53,0.00,-40.15,(単),3.21,,,,,
2026-08-21,3896,阿波製紙,東S,398,+4.0 (+1.02%) ,0.62,5.28,12.9,0.31,25.85,-134.05,(連),0.00,,,,,
2026-08-21,389A,八光オートメーション,東PRO,--,-- (--%) ,,,,,,,,,,,,,
2026-08-21,3900,クラウドワークス,東G,677,-26.0 (-3.70%) ,,,,,,,,,,,,,
2026-08-21,3901,マークラインズ,東P,"1,614",0.0 (0.00%) ,3.15,13.89,23.1,37.61,44.24,-3.64,(連),3.22,125.50,1.60,-3.36,-17.86,2.99
2026-08-21,3903,ｇｕｍｉ,東P,276,+4.0 (+1.47%) ,0.7,9.70,7.8,0.9,22.88,3.19,(連),"527,053.62",,,,,
2026-08-21,3904,カヤック,東G,429,-1.0 (-0.23%) ,1.14,10.06,12.1,5.33,40.34,119.07,(連),0.91,,,,,
2026-08-21,3905,データセクション,東G,"1,840",+115.0 (+6.67%) ,2.82,15.93,26.9,10.55,97.04,691.68,(連),0.00,,,,,
2026-08-21,3907,シリコンスタジオ,東S,"1,746",-76.0 (-4.17%) ,2.59,23.26,11.8,3.42,0.58,20.33,(単),0.57,,,,,
2026-08-21,3908,コラボス,東S,354,+1.0 (+0.28%) ,1.21,16.30,7.7,4.36,0.00,-49.02,(単),1.69,,,,,
2026-08-21,3909,ショーケース,東S,185,-8.0 (-4.15%) ,0.94,1.86,68.6,3.86,0.00,149.38,(連),0.00,,,,,
2026-08-21,3910,エムケイシステム,東S,283,-1.0 (-0.35%) ,1.7,5.99,32.7,7.59,0.00,717.50,(連),2.83,,,,,
2026-08-21,3911,Ａｉｍｉｎｇ,東G,176,-1.0 (-0.56%) ,,,,,,,,,,,,,
2026-08-21,3912,モバイルファクトリー,東S,"1,132",+2.0 (+0.18%) ,,,,,,,,,130.90,0.09,2.56,9.09,2.71
2026-08-21,3913,ＧｒｅｅｎＢｅｅ,東S,"1,175",+11.0 (+0.95%) ,1.96,13.43,15.8,17.15,14.05,180.00,(連),0.00,,,,,
2026-08-21,3914,ＪＩＧ―ＳＡＷ,東G,"2,342",-51.0 (-2.13%) ,4.57,36.90,13.3,15.14,0.00,-2.44,(連),0.00,,,,,
2026-08-21,3915,テラスカイ,東P,"2,347",-59.0 (-2.45%) ,2.41,19.27,13.3,5.56,0.00,7.74,(連),0.68,108.40,-2.02,12.00,0.80,16.61
2026-08-21,3916,デジタル・インフォメーション,東P,977,-3.0 (-0.31%) ,,,,,,,,,76.40,1.71,0.00,-8.57,5.13
2026-08-21,3917,アイリッジ,東G,487,0.0 (0.00%) ,,,,,,,,,,,,,
2026-08-21,3918,ＰＣＩ　ＨＬＤＧ,東S,"1,161",-2.0 (-0.17%) ,1.18,10.19,12.1,5.81,0.00,132.57,(連),4.91,,,,,
2026-08-21,391A,山忠,名M,--,-- (--%) ,,,,,,,,,,,,,
2026-08-21,3920,アイビーシー,東S,978,-7.0 (-0.71%) ,2.39,13.20,19.7,23.5,0.00,39.66,(単),1.23,,,,,
2026-08-21,3921,ネオジャパン,東P,"1,623",+17.0 (+1.06%) ,3.04,12.56,26.3,30.34,0.00,27.38,(連),3.20,,,,,
2026-08-21,3922,ＰＲ　ＴＩＭＥＳ,東P,"2,140",-11.0 (-0.51%) ,3.12,12.04,30.0,37.94,0.00,92.79,(連),0.64,162.70,-1.56,-22.62,-14.47,14.54
2026-08-21,3923,ラクス,東P,"1,113",-12.5 (-1.11%) ,15.14,30.15,55.4,28.77,0.00,70.68,(連),0.63,69.28,0.19,0.34,20.82,12.41
2026-08-21,3925,ダブルスタンダード,東P,"1,373",+3.0 (+0.22%) ,2.78,16.75,17.0,24.55,0.00,-35.12,(連),5.10,,,,,
2026-08-21,3926,オープンドア,東S,410,-8.0 (-1.91%) ,,,,,,,,,4.20,-0.89,-300.00,300.00,3.97
2026-08-21,3927,フーバーブレイン,東S,923,-7.0 (-0.75%) ,2.29,15.99,16.9,3.6,0.00,24.24,(連),1.63,,,,,
2026-08-21,3928,マイネット,東S,234,-1.0 (-0.43%) ,1.32,8.73,15.6,5.0,0.00,-17.87,(連),0.00,,,,,
2026-08-21,3929,ソーシャルワイヤー,東G,244,-9.0 (-3.56%) ,1.61,12.88,13.4,6.46,0.00,184.72,(連),0.00,,,,,
2026-08-21,392A,ｉＳ　ＮＡＳＤＡＱ　トップ３０,東ETF,272,-2.0 (-0.73%) ,,,,,,,,,,,,,
2026-08-21,3930,はてな,東G,753,-15.0 (-1.95%) ,0.8,9.70,8.6,8.93,0.00,272.53,(単),0.00,,,,,
2026-08-21,3931,バリューゴルフ,東G,"1,523",-12.0 (-0.78%) ,,,,,,,,,,,,,
2026-08-21,3932,アカツキ,東P,"3,730",+120.0 (+3.32%) ,1.19,9.52,13.1,28.79,0.00,79.97,(連),3.08,528.00,0.20,19.10,43.24,38.24
2026-08-21,3933,チエル,東S,541,-24.0 (-4.25%) ,1.2,6.14,20.4,10.45,0.00,59.46,(連),3.33,,,,,
2026-08-21,3934,ベネフィットジャパン,東S,--,-- (--%) ,,,,,,,,,,,,,
2026-08-21,3935,エディア,東S,676,-3.0 (-0.44%) ,2.48,8.49,31.9,9.53,0.00,75.53,(連),1.92,,,,,
2026-08-21,3936,グローバルウェイ,東G,161,-3.0 (-1.83%) ,6.34,30.49,23.5,7.65,0.00,212.27,(連),0.00,,,,,
2026-08-21,3937,Ｕｂｉｃｏｍ　ＨＬＤＧ,東S,"1,293",+29.0 (+2.29%) ,2.6,17.58,15.4,21.76,16.32,-4.03,(連),3.09,86.60,0.82,4.83,1.33,7.30
2026-08-21,3939,カナミックネットワーク,東P,535,+1.0 (+0.19%) ,5.46,22.84,26.2,29.2,0.00,11.40,(連),1.40,28.70,0.83,0.96,5.00,12.17
2026-08-21,393A,ＲｉｔａＸ,東PRO,--,-- (--%) ,,,,,,,,,,,,,
2026-08-21,3940,ノムラシステムコーポレーション,東S,128,0.0 (0.00%) ,1.67,14.50,12.0,17.65,0.00,15.15,(単),2.77,,,,,
2026-08-21,3941,レンゴー,東P,"1,574.5",+25.0 (+1.61%) ,0.8,18.59,4.4,3.68,21.08,-4.49,(連),2.54,126.54,0.25,2.86,-13.31,3.95
2026-08-21,3943,大石産業,東S,"1,332",-4.0 (-0.30%) ,0.53,14.41,3.8,3.05,13.30,-12.30,(連),3.90,,,,,
2026-08-21,3944,古林紙工,東S,"3,135",-125.0 (-3.83%) ,0.35,11.00,3.3,2.42,0.00,22.02,(連),1.59,,,,,
2026-08-21,3945,スーパーバッグ,東S,"2,155",-13.0 (-0.60%) ,0.58,4.00,15.6,2.69,0.00,-18.98,(連),5.10,,,,,
2026-08-21,3946,トーモク,東P,"4,755",+15.0 (+0.32%) ,0.77,10.65,7.6,5.08,0.00,21.76,(連),2.73,,,,,
2026-08-21,3947,ダイナパック,東S,"2,421",-2.0 (-0.08%) ,0.5,7.56,6.9,4.29,23.28,42.91,(連),3.30,,,,,
2026-08-21,3948,光ビジネスフォーム,東S,"1,159",+3.0 (+0.26%) ,,,,,,,,,,,,,
2026-08-21,394A,業界改革厳選ＥＴＦテレビ業界,東ETF,527.9,+0.1 (+0.02%) ,,,,,,,,,,,,,
2026-08-21,3950,ザ・パック,東P,"1,509",-1.0 (-0.07%) ,1.09,14.09,8.0,6.99,0.00,-9.09,(連),2.74,,,,,
2026-08-21,3951,朝日印刷,東S,899,-2.0 (-0.22%) ,0.52,11.87,4.6,3.64,0.00,-12.38,(連),4.23,,,,,
2026-08-21,3953,大村紙業,東S,789,0.0 (0.00%) ,0.55,7.68,7.3,5.9,0.00,27.21,(単),3.80,,,,,
2026-08-21,3954,昭和パックス,東S,"3,255",+10.0 (+0.31%) ,0.53,11.14,5.1,6.93,15.17,14.82,(連),1.54,,,,,
2026-08-21,3955,イムラ,東S,839,0.0 (0.00%) ,0.47,8.78,5.5,5.21,0.00,-11.77,(連),3.58,,,,,
2026-08-21,3958,笹徳印刷,東S,549,+1.0 (+0.18%) ,,,,,,,,,,,,,
2026-08-21,395A,業界改革厳選ＥＴＦ地銀,東ETF,"1,056",+13.0 (+1.25%) ,,,,,,,,,,,,,
2026-08-21,3962,チェンジＨＬＤＧ,東P,"1,010",-3.0 (-0.30%) ,1.5,10.13,15.8,21.25,0.00,-13.53,(連),2.28,,,,,
2026-08-21,3963,シンクロ・フード,東P,344,+1.0 (+0.29%) ,2.02,35.80,5.4,12.05,0.00,-43.46,(連),4.36,,,,,
2026-08-21,3964,オークネット,東P,"1,427",-12.0 (-0.83%) ,4.91,21.98,22.7,14.84,17.45,32.11,(連),2.03,,,,,
2026-08-21,3965,キャピタル・アセット・プランニ,東S,880,0.0 (0.00%) ,1.34,12.58,11.6,5.47,0.00,73.70,(連),2.05,,,,,
2026-08-21,3967,エルテス,東G,605,+4.0 (+0.67%) ,,,,,,,,,,,,,
2026-08-21,3968,セグエグループ,東P,626,-1.0 (-0.16%) ,,,,,,,,,,,,,
2026-08-21,3969,エイトレッド,東S,"1,414",+5.0 (+0.35%) ,1.89,14.78,13.5,36.14,0.00,0.09,(単),2.40,,,,,
2026-08-21,396A,業界改革厳選ＥＴＦＲＥＩＴイベ,東ETF,494,0.0 (0.00%) ,,,,,,,,,,,,,
2026-08-21,3970,イノベーション,東S,872,+9.0 (+1.04%) ,,,,,,,,,,,,,
2026-08-21,3974,ＳＣＡＴ,東S,669,+1.0 (+0.15%) ,1.03,15.29,6.3,7.41,0.00,26.28,(連),2.09,,,,,
2026-08-21,3976,シャノン,東G,717,-11.0 (-1.51%) ,,,,,,,,,,,,,
2026-08-21,3979,うるる,東G,431,+17.0 (+4.11%) ,3.23,16.17,21.9,12.02,0.00,21.29,(連),0.93,,,,,
2026-08-21,3981,ビーグリー,東S,"1,200",-3.0 (-0.25%) ,0.83,9.81,8.8,8.18,0.00,-23.58,(連),3.50,,,,,
2026-08-21,3983,オロ,東P,"2,181",0.0 (0.00%) ,3.28,18.14,18.4,31.89,0.00,-6.99,(連),2.29,138.00,1.07,1.69,-25.00,9.66
2026-08-21,3984,ユーザーローカル,東P,"1,577",-36.0 (-2.23%) ,,,,,,,,,,,,,
2026-08-21,3985,テモナ,東S,184,+4.0 (+2.22%) ,2.58,26.74,10.5,8.46,0.00,363.79,(連),0.00,,,,,
2026-08-21,3986,ビーブレイクシステムズ,東S,476,-5.0 (-1.04%) ,,,,,,,,,,,,,
2026-08-21,3987,エコモット,東G,665,-3.0 (-0.45%) ,,,,,,,,,,,,,
2026-08-21,3988,ＳＹＳ　ＨＬＤＧ,東S,557,-3.0 (-0.54%) ,1.56,13.82,11.9,5.02,0.00,-2.01,(連),1.26,,,,,
2026-08-21,3989,シェアリングテクノロジー,東G,"1,539",-4.0 (-0.26%) ,7.14,25.52,31.2,24.17,0.00,15.67,(連),2.60,104.50,0.20,58.70,58.70,14.87
2026-08-21,398A,リアルクオリティ,東PRO,--,-- (--%) ,,,,,,,,,,,,,
2026-08-21,3991,ウォンテッドリー,東G,946,+7.0 (+0.75%) ,1.83,8.30,24.4,33.49,0.00,4.12,(連),2.11,162.10,0.14,-42.86,-44.44,-1.30
2026-08-21,3992,ニーズウェル,東P,463,+1.0 (+0.22%) ,3.68,19.77,19.8,11.51,0.00,-3.23,(連),2.59,,,,,
2026-08-21,3993,ＰＫＳＨＡ　Ｔｅｃｈｎｏｌｏｇ,東P,"3,305",-5.0 (-0.15%) ,2.98,38.22,8.0,18.01,0.00,39.85,(連),0.00,116.23,0.83,1.49,23.26,48.79
2026-08-21,3994,マネーフォワード,東P,"6,100",-182.0 (-2.90%) ,,,,,,,,,16.89,-9.00,14.08,-80.04,23.28
2026-08-21,3996,サインポスト,東S,193,+1.0 (+0.52%) ,1.31,32.38,4.1,3.12,0.00,-53.30,(単),0.00,,,,,
2026-08-21,3997,トレードワークス,東S,381,+7.0 (+1.87%) ,8.34,255.70,3.7,5.13,0.00,586.79,(連),0.52,,,,,
2026-08-21,3998,すららネット,東G,289,-1.0 (-0.34%) ,,,,,,,,,,,,,
2026-08-21,399A,上場インデックス日経高配５０,東ETF,"2,352",+24.0 (+1.03%) ,,,,,,,,,,,,,
2026-08-21,4004,レゾナック・ＨＬＤＧ,東P,"16,060",+115.0 (+0.72%) ,4.16,100.07,4.3,3.46,56.60,-46.79,(連),0.40,543.18,0.12,-1.67,35.92,-0.03
2026-08-21,4005,住友化学,東P,559.8,+37.5 (+7.18%) ,0.92,15.06,6.4,6.52,70.97,99.80,(連),2.41,49.76,0.31,1.32,56.48,-2.75
2026-08-21,4008,住友精化,東P,"1,517",+12.0 (+0.80%) ,0.13,12.91,7.8,9.75,72.85,37.30,(連),2.90,,,,,
2026-08-21,4011,ヘッドウォータース,東G,"2,418",-29.0 (-1.19%) ,6.99,158.45,4.5,5.87,0.00,-64.64,(連),0.00,,,,,
2026-08-21,4012,アクシス,東S,"1,733",-2.0 (-0.12%) ,1.82,11.47,16.8,10.92,0.00,8.14,(単),2.65,,,,,
2026-08-21,4013,勤次郎,東G,669,0.0 (0.00%) ,1.29,12.99,10.3,28.32,0.00,108.05,(連),1.49,,,,,
2026-08-21,4014,カラダノート,東G,509,-1.0 (-0.20%) ,,,,,,,,,,,,,
2026-08-21,4015,ペイクラウドＨＬＤＧ,東G,557,-10.0 (-1.76%) ,1.96,61.48,3.4,7.14,0.00,123.12,(連),0.00,,,,,
2026-08-21,4016,ＭＩＴ　ＨＬＤＧ,東S,948,0.0 (0.00%) ,2.62,19.88,13.7,3.3,0.00,-13.37,(連),3.16,,,,,
2026-08-21,4017,クリーマ,東G,207,-2.0 (-0.96%) ,1.23,50.74,2.5,1.66,0.00,-36.54,(連),0.00,,,,,
2026-08-21,4019,スタメン,東G,642,-5.0 (-0.77%) ,3.67,27.04,14.9,7.62,0.00,33.04,(連),0.93,,,,,
2026-08-21,401A,霞ヶ関ホテルリート投資法人,東REIT,"95,900","-1,100.0 (-1.13%) ",,,,,,,,,,,,,
2026-08-21,4020,ビートレンド,東G,795,+2.0 (+0.25%) ,,,,,,,,,,,,,
2026-08-21,4021,日産化学,東P,"7,978",-184.0 (-2.25%) ,4.19,21.66,20.3,22.73,60.00,13.58,(連),2.53,392.77,3.12,0.10,11.18,7.95
2026-08-21,4022,ラサ工業,東P,"2,112",-84.0 (-3.83%) ,2.59,18.92,14.6,12.6,45.37,34.53,(連),1.70,,,,,
2026-08-21,4023,クレハ,東P,"4,455",+5.0 (+0.11%) ,,,,,,,,,218.46,-0.11,-0.99,-23.21,2.51
2026-08-21,4025,多木化学,東P,"6,070",+210.0 (+3.58%) ,1.18,15.60,8.1,7.54,0.00,19.58,(連),1.24,,,,,
2026-08-21,4026,神島化学工業,東S,"1,623",-10.0 (-0.61%) ,1.0,7.96,13.4,9.57,27.00,49.19,(単),3.02,179.40,-0.76,0.00,-2.08,1.26
2026-08-21,4027,テイカ,東P,"2,392",+78.0 (+3.37%) ,,,,,,,,,,,,,
2026-08-21,4028,石原産業,東P,"3,145",+10.0 (+0.32%) ,0.93,7.23,13.7,12.32,61.49,90.81,(連),3.82,275.70,-0.31,-1.00,-10.84,2.34
2026-08-21,402A,アクセルスペースＨＬＤＧ,東G,508,-5.0 (-0.97%) ,,,,,,,,,,,,,
2026-08-21,4031,片倉コープアグリ,東S,"1,106",-7.0 (-0.63%) ,,,,,,,,,,,,,
2026-08-21,403A,北條組,東PRO,--,-- (--%) ,,,,,,,,,,,,,
2026-08-21,4040,南海化学,東S,"3,860",+70.0 (+1.85%) ,0.7,2.81,28.6,8.07,0.00,20.88,(連),1.55,,,,,
2026-08-21,4041,日本曹達,東P,"3,930",+5.0 (+0.13%) ,1.03,11.68,9.3,9.84,38.79,17.72,(連),4.07,309.31,-1.57,3.50,0.12,-0.52
2026-08-21,4042,東ソー,東P,"2,656",-2.0 (-0.08%) ,0.98,20.06,5.0,9.37,50.36,3.64,(連),3.77,201.72,0.25,0.34,-4.19,2.57
2026-08-21,4043,トクヤマ,東P,"4,039",-32.0 (-0.79%) ,1.03,13.09,8.2,10.59,26.29,29.12,(連),2.97,566.98,0.09,-1.86,-9.75,5.32
2026-08-21,4044,セントラル硝子,東P,"4,520",+35.0 (+0.78%) ,0.91,13.40,7.0,6.94,28.35,0.96,(連),3.76,306.53,-1.61,-0.31,-3.67,6.63
2026-08-21,4045,東亞合成,東P,"1,847.5",+10.0 (+0.54%) ,0.92,15.79,6.0,8.74,18.13,-5.79,(連),3.52,115.05,-9.49,-3.07,-8.67,-0.33
2026-08-21,4046,大阪ソーダ,東P,"2,011",-12.0 (-0.59%) ,1.94,16.22,12.7,17.64,39.32,38.53,(連),1.39,128.78,4.04,0.63,0.09,6.52
2026-08-21,4047,関東電化工業,東P,"2,326",-74.0 (-3.08%) ,1.84,35.26,5.5,8.38,49.77,47.08,(連),0.86,140.53,0.15,22.61,127.42,24.73
2026-08-21,404A,ＧＸチャイナテック・トップ１０,東ETF,"1,332",+18.0 (+1.37%) ,,,,,,,,,,,,,
2026-08-21,4051,ＧＭＯ　フィナンシャルゲート,東P,"6,680",-170.0 (-2.48%) ,8.81,33.82,27.5,12.44,0.00,46.92,(連),1.48,233.20,1.62,0.24,2.68,6.48
2026-08-21,4052,フィーチャ,東G,531,-24.0 (-4.32%) ,,,,,,,,,,,,,
2026-08-21,4053,Ｓｕｎ　Ａｓｔｅｒｉｓｋ,東P,467,+5.0 (+1.08%) ,1.67,37.09,4.5,7.09,0.00,-31.36,(連),0.00,38.30,0.06,7.89,-2.38,14.54
2026-08-21,4054,日本情報クリエイト,東G,530,+11.0 (+2.12%) ,,,,,,,,,29.10,-0.58,0.00,-28.12,11.41
2026-08-21,4055,ティアンドエスグループ,東G,"1,585",-4.0 (-0.25%) ,4.12,23.59,19.0,18.42,0.00,44.81,(連),0.63,,,,,
2026-08-21,4056,ニューラルグループ,東G,218,-2.0 (-0.91%) ,,,,,,,,,,,,,
2026-08-21,4057,インターファクトリー,東G,353,-1.0 (-0.28%) ,1.18,41.48,2.9,2.24,0.00,-71.58,(単),0.00,,,,,
2026-08-21,4058,トヨクモ,東G,"2,463",-2.0 (-0.08%) ,6.67,24.79,30.6,33.04,0.00,38.38,(連),0.81,,,,,
2026-08-21,4059,まぐまぐ,東S,393,0.0 (0.00%) ,,,,,,,,,,,,,
2026-08-21,405A,コヤマ・ミライエ,東PRO,--,-- (--%) ,,,,,,,,,,,,,
2026-08-21,4060,ｒａｋｕｍｏ,東G,"1,166",-4.0 (-0.34%) ,3.6,24.91,15.6,23.39,0.00,14.13,(連),0.77,,,,,
2026-08-21,4061,デンカ,東P,"3,380",0.0 (0.00%) ,0.94,18.56,5.2,6.83,44.22,153.12,(連),2.96,205.19,1.30,-2.19,-15.93,5.23
2026-08-21,4062,イビデン,東P,"19,190",+40.0 (+0.21%) ,9.74,84.11,12.2,14.9,72.88,27.00,(連),0.16,271.93,3.67,-1.87,56.93,20.15
2026-08-21,4063,信越化学工業,東P,"6,051",-110.0 (-1.79%) ,2.52,23.95,10.4,24.68,78.63,-13.68,(連),1.75,299.29,1.12,-0.38,-4.85,4.62
2026-08-21,4064,日本カーバイド工業,東P,"3,400",+25.0 (+0.74%) ,0.82,12.16,7.0,8.2,53.50,21.86,(連),2.71,353.90,0.36,4.17,11.11,4.29
2026-08-21,4068,ベイシス,東G,"1,685",-3.0 (-0.18%) ,,,,,,,,,,,,,
2026-08-21,4069,ＢｌｕｅＭｅｍｅ,東G,676,0.0 (0.00%) ,,,,,,,,,,,,,
2026-08-21,406A,環境のミカタＨＬＤＧ,東PRO,--,-- (--%) ,,,,,,,,,,,,,
2026-08-21,4071,プラスアルファコンサルティング,東P,"2,254",-13.0 (-0.57%) ,6.46,28.68,24.3,37.33,0.00,39.21,(連),1.29,128.95,0.27,0.22,117.97,18.57
2026-08-21,4072,電算システムＨＬＤＧ,東P,"3,065",-10.0 (-0.33%) ,1.33,11.31,12.4,5.32,0.00,51.66,(連),2.94,244.10,-1.27,-3.75,-16.30,7.13
2026-08-21,4073,ジィ・シィ企画,東G,482,-18.0 (-3.60%) ,,,,,,,,,,,,,
2026-08-21,4074,ラキール,東G,741,+5.0 (+0.68%) ,1.38,18.24,7.9,5.76,0.00,-18.42,(連),0.00,54.03,0.41,-320.69,-20.00,0.70
2026-08-21,4075,ブレインズテクノロジー,東G,911,-14.0 (-1.51%) ,3.23,38.04,8.4,13.14,0.00,127.40,(単),0.00,,,,,
2026-08-21,4076,シイエヌエス,東G,"1,980",-8.0 (-0.40%) ,,,,,,,,,,,,,
2026-08-21,4078,堺化学工業,東P,"3,870",-35.0 (-0.90%) ,0.76,21.94,3.5,7.92,17.35,4.24,(連),3.75,261.20,0.31,-14.29,-21.05,-1.74
2026-08-21,407A,ＵＮＩＣＯＮ　ＨＬＤＧ,東S,920,+30.0 (+3.37%) ,,,,,,,,,,,,,
2026-08-21,4082,第一稀元素化学工業,東P,"1,947",-38.0 (-1.91%) ,1.22,18.75,6.6,9.73,56.22,415.03,(連),1.44,,,,,
2026-08-21,4088,エア・ウォーター,東P,"2,497",-3.0 (-0.12%) ,,,,,,,,,191.11,-0.08,-0.54,-27.24,6.66
2026-08-21,408A,ｉＳ　ＡＩグローバル・イノベ,東ETF,290.2,-1.3 (-0.45%) ,,,,,,,,,,,,,
2026-08-21,4091,日本酸素ＨＤ,東P,"5,629",-32.0 (-0.57%) ,2.0,19.67,11.3,14.55,69.37,21.69,(連),1.10,326.30,1.24,0.88,9.16,5.37
2026-08-21,4092,日本化学工業,東P,"5,520",+80.0 (+1.47%) ,0.95,16.66,6.0,6.01,13.69,-25.76,(連),2.17,518.60,0.19,-13.85,3.70,2.61
2026-08-21,4093,東邦アセチレン,東S,422,0.0 (0.00%) ,,,,,,,,,,,,,
2026-08-21,4094,日本化学産業,東S,"2,294",+12.0 (+0.53%) ,0.88,19.57,4.7,12.14,18.56,18.87,(連),3.92,,,,,
2026-08-21,4095,日本パーカライジング,東P,"1,710",-18.0 (-1.04%) ,0.92,14.60,6.5,10.72,46.03,-1.35,(連),2.92,,,,,
2026-08-21,4097,高圧ガス工業,東P,"1,177",+8.0 (+0.68%) ,,,,,,,,,,,,,
2026-08-21,4098,チタン工業,東S,"1,018",+3.0 (+0.30%) ,0.57,14.96,3.9,3.67,18.84,119.09,(連),1.18,,,,,
2026-08-21,4099,四国化成ＨＬＤＧ,東P,"2,486",-33.0 (-1.31%) ,2.29,25.75,9.5,15.37,37.82,10.59,(連),1.11,126.30,0.65,1.79,15.45,5.09
2026-08-21,409A,オリオンビール,東P,"1,195",-4.0 (-0.33%) ,,,,,,,,,,,,,
2026-08-21,4100,戸田工業,東S,"1,545",+17.0 (+1.11%) ,,,,,,,,,,,,,
2026-08-21,4102,丸尾カルシウム,東S,--,-- (--%) ,0.31,10.49,3.0,0.67,17.83,62.94,(連),4.16,,,,,
2026-08-21,4107,伊勢化学工業,東S,"3,905",+75.0 (+1.96%) ,4.97,30.62,17.2,24.16,47.94,24.41,(連),1.00,,,,,
2026-08-21,4109,ステラ　ケミファ,東P,"5,500",+70.0 (+1.29%) ,1.4,21.28,6.6,12.62,48.28,6.32,(連),3.27,280.00,2.33,0.00,-6.73,4.84
2026-08-21,410A,ＧＭＯ　コマース,東G,"1,126",0.0 (0.00%) ,,,,,,,,,,,,,
2026-08-21,4112,保土谷化学工業,東P,"2,271",+7.0 (+0.31%) ,0.69,11.82,6.0,7.72,55.61,-11.36,(連),2.20,106.90,-0.48,0.00,-33.90,1.96
2026-08-21,4113,田岡化学工業,東S,750,+9.0 (+1.21%) ,0.55,7.01,8.1,6.16,12.86,6.72,(連),4.80,24.40,-0.39,25.00,-84.85,8.14
2026-08-21,4114,日本触媒,東P,"2,633",+19.0 (+0.73%) ,,,,,,,,,117.06,5.10,10.73,12.50,4.08
2026-08-21,4116,大日精化工業,東P,"1,356",+60.0 (+4.63%) ,,,,,,,,,,,,,
2026-08-21,4118,カネカ,東P,"6,185",+54.0 (+0.88%) ,0.75,12.34,6.4,4.05,44.81,-12.14,(連),2.59,421.79,-0.92,4.59,-16.92,-2.15
2026-08-21,4119,日本ピグメントＨＬＤＧ,東S,"5,920",+30.0 (+0.51%) ,0.42,8.02,5.5,3.57,37.17,347.01,(連),2.03,,,,,
2026-08-21,411A,日本マリタイムバンク,東PRO,--,-- (--%) ,,,,,,,,,,,,,
2026-08-21,4120,スガイ化学工業,東S,"2,960",-7.0 (-0.24%) ,0.46,8.39,5.8,7.6,7.65,-10.25,(単),3.04,,,,,
2026-08-21,4124,大阪油化工業,東S,"2,886",+1.0 (+0.03%) ,,,,,,,,,,,,,
2026-08-21,4125,三和油化工業,東S,"3,820",+20.0 (+0.53%) ,1.24,15.39,8.4,7.61,0.00,89.63,(連),1.31,302.65,0.57,-0.65,65.42,22.75
2026-08-21,412A,ＮＦ　ＴＩＰ　ＦＳ台湾　５０,東ETF,"4,220",+20.0 (+0.48%) ,,,,,,,,,,,,,
2026-08-21,413A,ｉＦキャセイ台湾テックリーダー,東ETF,"3,765",-50.0 (-1.31%) ,,,,,,,,,,,,,
2026-08-21,414A,オーバーラップＨＬＤＧ,東G,902,-3.0 (-0.33%) ,,,,,,,,,,,,,
2026-08-21,4151,協和キリン,東P,"2,576.5",-48.5 (-1.85%) ,,,,,,,,,158.30,0.70,-0.25,17.93,3.21
2026-08-21,415A,ＧＭＯ　ＴＥＣＨ　ＨＬＤＧ,東G,"5,130",+30.0 (+0.59%) ,,,,,,,,,,,,,
2026-08-21,4165,プレイド,東G,734,-14.0 (-1.87%) ,6.29,27.20,27.8,10.68,0.00,650.00,(連),0.00,28.40,5.04,-10.24,-5.00,37.00
2026-08-21,4166,かっこ,東G,632,-3.0 (-0.47%) ,,,,,,,,,,,,,
2026-08-21,4167,ココペリ,東G,323,+5.0 (+1.57%) ,,,,,,,,,,,,,
2026-08-21,4168,ヤプリ,東G,748,-3.0 (-0.40%) ,,,,,,,,,,,,,
2026-08-21,4169,ＥＮＥＣＨＡＮＧＥ,東G,306,-21.0 (-6.42%) ,2.74,100.00,2.8,8.84,0.00,92.89,(連),0.00,,,,,
2026-08-21,416A,富士ユナイトＨＬＤＧ,東S,"1,267",-4.0 (-0.31%) ,0.85,11.52,7.5,1.58,0.00,44.40,(連),4.89,,,,,
2026-08-21,4170,Ｋａｉｚｅｎ　Ｐｌａｔｆｏｒｍ,東G,122,+2.0 (+1.67%) ,0.7,69.71,1.0,0.67,0.00,533.33,(連),0.00,,,,,
2026-08-21,4172,Ｈｉクラテス,東S,"2,291",+1.0 (+0.04%) ,1.22,11.39,11.0,22.81,0.00,11.07,(単),4.06,,,,,
2026-08-21,4174,アピリッツ,東S,824,-10.0 (-1.20%) ,,,,,,,,,,,,,
2026-08-21,4175,ｃｏｌｙ,東G,"2,770",-30.0 (-1.07%) ,2.81,209.69,1.4,-2.05,0.00,109.02,(単),0.00,,,,,
2026-08-21,4176,ココナラ,東G,291,+8.0 (+2.83%) ,2.72,22.26,14.6,2.72,0.00,0.89,(連),0.00,16.10,0.76,-2.04,-4.00,26.84
2026-08-21,4177,Ｉ−ＰＬＵＧ,東G,"1,492",-9.0 (-0.60%) ,3.13,12.41,29.0,12.42,0.00,24.35,(連),3.62,,,,,
2026-08-21,4178,Ｓｈａｒｉｎｇ　Ｉｎｎｏｖａｔ,東G,510,+2.0 (+0.39%) ,1.19,79.69,1.5,2.24,0.00,-60.43,(連),0.00,,,,,
2026-08-21,4179,ジーネクスト,東G,360,+1.0 (+0.28%) ,,,,,,,,,,,,,
2026-08-21,417A,ブルーゾーン　ＨＬＤＧ,東P,"1,861.5",+11.0 (+0.59%) ,1.9,16.06,12.4,4.48,0.00,9.65,(連),1.72,121.10,3.41,0.53,1.99,11.48
2026-08-21,4180,Ａｐｐｉｅｒ　Ｇｒｏｕｐ,東P,"1,305",-4.0 (-0.31%) ,3.58,51.91,7.2,6.8,32.03,29.68,(連),0.17,34.99,0.96,4.16,-42.55,26.42
2026-08-21,4182,三菱瓦斯化学,東P,"3,829",-28.0 (-0.73%) ,,,,,,,,,280.16,-0.06,0.99,9.65,6.44
2026-08-21,4183,三井化学,東P,"2,143",+30.0 (+1.42%) ,0.91,23.39,4.0,4.42,51.82,-4.24,(連),3.50,133.08,0.35,-1.36,-22.68,2.14
2026-08-21,4186,東京応化工業,東P,"8,696",-168.0 (-1.90%) ,4.58,31.23,15.6,19.99,84.54,42.60,(連),0.83,335.63,1.29,-0.02,39.45,18.97
2026-08-21,4187,大阪有機化学工業,東P,"4,615",-20.0 (-0.43%) ,1.89,13.71,14.5,17.06,29.28,37.95,(連),1.63,262.82,-0.80,-1.49,16.63,9.89
2026-08-21,4188,三菱ケミカルグループ,東P,"1,147.5",+3.5 (+0.31%) ,0.88,132.97,0.7,0.81,56.06,-99.53,(連),2.79,86.52,0.01,1.53,14.89,-5.25
2026-08-21,4189,ＫＨネオケム,東P,"3,390",+100.0 (+3.04%) ,1.7,15.54,11.2,9.77,23.97,-10.47,(連),3.10,280.33,0.41,2.65,-5.33,1.06
2026-08-21,418A,ウリドキ,名N,"1,285",+1.0 (+0.08%) ,,,,,,,,,,,,,
2026-08-21,4192,スパイダープラス,東G,281,-5.0 (-1.75%) ,,,,,,,,,,,,,
2026-08-21,4193,ファブリカＨＬＤＧ,東S,"2,164",-1.0 (-0.05%) ,,,,,,,,,177.20,0.29,5.64,18.58,13.15
2026-08-21,4194,ビジョナル,東P,"9,261",-62.0 (-0.67%) ,5.51,23.11,26.7,26.75,0.00,22.94,(連),0.00,423.68,3.85,-0.01,0.01,22.66
2026-08-21,4196,ネオマーケティング,東S,"1,999",+4.0 (+0.20%) ,6.19,185.78,3.3,0.43,0.00,-50.00,(連),0.00,,,,,
2026-08-21,4197,アスマーク,東S,"2,350",+4.0 (+0.17%) ,1.71,13.44,12.7,6.34,0.00,-16.95,(連),3.28,,,,,
2026-08-21,4198,テンダ,東S,500,+4.0 (+0.81%) ,,,,,,,,,,,,,
2026-08-21,4199,ワンダープラネット,東G,808,+16.0 (+2.02%) ,,,,,,,,,,,,,
2026-08-21,419A,ラングローブ,東PRO,--,-- (--%) ,,,,,,,,,,,,,
2026-08-21,4202,ダイセル,東P,"1,465.5",-9.0 (-0.61%) ,1.05,37.82,2.8,7.26,65.63,-27.58,(連),4.09,127.50,0.05,-1.84,-34.73,1.99
2026-08-21,4203,住友ベークライト,東P,"7,171",-139.0 (-1.90%) ,1.81,22.44,8.8,11.09,64.70,35.74,(連),1.53,361.04,1.56,0.78,10.72,8.22
2026-08-21,4204,積水化学工業,東P,"2,643",+11.5 (+0.44%) ,,,,,,,,,196.12,1.83,-0.94,-9.58,3.35
2026-08-21,4205,日本ゼオン,東P,"2,399.5",+19.0 (+0.80%) ,,,,,,,,,184.40,-10.63,-2.47,19.38,0.48
2026-08-21,4206,アイカ工業,東P,"4,077",+21.0 (+0.52%) ,1.35,13.75,10.2,11.58,45.81,5.12,(連),3.38,321.06,1.52,5.42,8.97,8.04
2026-08-21,4208,ＵＢＥ,東P,"3,568",+36.0 (+1.02%) ,0.79,14.52,5.7,4.1,77.69,67.65,(連),3.08,250.14,7.92,-4.09,-26.95,-0.76
2026-08-21,4212,積水樹脂,東P,"2,873",+41.0 (+1.45%) ,,,,,,,,,,,,,
2026-08-21,4216,旭有機材,東P,"5,990",+40.0 (+0.67%) ,1.39,33.83,4.2,9.46,38.14,-29.28,(連),2.00,319.40,0.23,43.33,-28.33,3.09
2026-08-21,4218,ニチバン,東P,"1,958",+13.0 (+0.67%) ,0.89,24.11,3.8,4.5,0.00,-8.91,(連),2.04,81.75,36.46,-1.02,-36.05,2.93
2026-08-21,421A,ムービン・ストラテジック・キャ,東G,"4,125",-65.0 (-1.55%) ,,,,,,,,,,,,,
2026-08-21,4220,リケンテクノス,東P,"2,659",-21.0 (-0.78%) ,1.87,17.30,11.4,8.68,50.42,11.33,(連),2.03,142.90,-2.66,3.45,6.19,5.27
2026-08-21,4221,大倉工業,東P,"5,680",+50.0 (+0.89%) ,1.02,16.94,6.1,7.14,10.71,25.77,(連),3.43,,,,,
2026-08-21,4222,児玉化学工業,東S,679,+7.0 (+1.04%) ,0.37,0.45,82.8,3.24,72.86,"2,267.01",(連),1.47,,,,,
2026-08-21,4224,ロンシール工業,東S,"2,154",0.0 (0.00%) ,0.5,9.74,5.3,6.07,16.77,51.68,(連),3.95,,,,,
2026-08-21,4228,積水化成品工業,東P,607,-7.0 (-1.14%) ,0.55,12.87,4.3,2.24,28.00,"2,104.90",(連),2.47,,,,,
2026-08-21,4229,群栄化学工業,東P,"4,495",-75.0 (-1.64%) ,0.55,15.11,3.8,8.2,33.86,8.95,(連),2.22,,,,,
2026-08-21,422A,ｔａｎｅ　ＣＲＥＡＴＩＶＥ,東PRO,--,-- (--%) ,,,,,,,,,,,,,
2026-08-21,4231,タイガースポリマー,東S,"1,019",+8.0 (+0.79%) ,0.42,8.54,5.2,6.01,54.37,5.79,(連),3.73,,,,,
2026-08-21,4234,サンエー化研,東S,975,-20.0 (-2.01%) ,,,,,,,,,,,,,
2026-08-21,4235,ウルトラファブリックスＨＬＤＧ,東S,691,+1.0 (+0.14%) ,0.7,16.36,4.5,7.89,98.62,-48.42,(連),5.07,26.70,-0.70,-66.67,-66.67,3.40
2026-08-21,4237,フジプレアム,東S,337,+1.0 (+0.30%) ,,,,,,,,,,,,,
2026-08-21,4238,ミライアル,東S,"1,707",+2.0 (+0.12%) ,0.67,24.05,2.8,4.41,49.28,-58.25,(連),2.93,,,,,
2026-08-21,423A,ライオン事務器,東S,318,+1.0 (+0.32%) ,,,,,,,,,,,,,
2026-08-21,4240,クラスターテクノロジー,東S,331,-5.0 (-1.49%) ,,,,,,,,,,,,,
2026-08-21,4241,アテクト,東S,661,-2.0 (-0.30%) ,1.6,20.64,8.0,6.08,20.23,226.56,(連),1.51,,,,,
2026-08-21,4242,タカギセイコー,東S,"1,797",+7.0 (+0.39%) ,0.4,3.11,13.4,5.17,35.07,87.34,(連),2.78,,,,,
2026-08-21,4243,ニックス,東S,"1,030",+40.0 (+4.04%) ,0.54,12.33,4.4,4.84,40.47,20.77,(連),1.94,,,,,
2026-08-21,4245,ダイキアクシス,東S,712,+3.0 (+0.42%) ,0.98,20.45,4.8,2.63,0.00,13.72,(連),3.37,,,,,
2026-08-21,4246,ダイキョーニシカワ,東P,"1,118",+5.0 (+0.45%) ,0.83,8.85,9.8,6.19,38.86,10.54,(連),4.65,138.90,0.80,60.00,60.00,-1.06
2026-08-21,4247,ポバール興業,東S,"1,372",-6.0 (-0.44%) ,0.6,9.70,6.4,11.68,17.24,79.40,(連),2.99,,,,,
2026-08-21,4248,竹本容器,東S,885,-5.0 (-0.56%) ,0.89,13.84,6.5,6.84,24.72,10.33,(連),4.07,,,,,
2026-08-21,4249,森六,東P,"2,909",+60.0 (+2.11%) ,0.63,17.03,3.8,3.46,71.00,81.17,(連),3.95,,,,,
2026-08-21,424A,ＧＸ　ゴールド為替ヘッジあり,東ETF,348,+5.0 (+1.46%) ,,,,,,,,,,,,,
2026-08-21,4251,恵和,東P,"1,182",+2.0 (+0.17%) ,0.92,9.68,9.7,20.93,79.64,-18.62,(連),3.38,167.60,0.19,-3.23,-6.25,2.73
2026-08-21,4255,ＴＨＥＣＯＯ,東G,"3,530",-75.0 (-2.08%) ,13.72,42.36,39.0,4.08,0.00,441.27,(単),0.00,,,,,
2026-08-21,4256,サインド,東G,959,-6.0 (-0.62%) ,1.67,33.65,5.1,13.02,0.00,19.38,(連),0.00,,,,,
2026-08-21,4258,網屋,東G,"4,605",-70.0 (-1.50%) ,13.86,50.69,30.3,17.7,0.00,93.72,(連),0.34,,,,,
2026-08-21,4259,エクサウィザーズ,東G,804,+4.0 (+0.50%) ,14.79,44.35,44.1,13.29,0.00,"78,200.00",(連),0.00,19.30,6.42,29.73,242.86,27.50
2026-08-21,425A,ＧＸ　ゴールド,東ETF,387.2,+6.1 (+1.60%) ,,,,,,,,,,,,,
2026-08-21,4260,ハイブリッドテクノロジーズ,東G,207,-3.0 (-1.43%) ,1.11,126.22,0.8,0.96,0.00,-115.27,(連),0.00,,,,,
2026-08-21,4261,アジアクエスト,東G,"2,915",-8.0 (-0.27%) ,2.19,14.76,15.9,8.92,0.00,-4.28,(連),0.00,,,,,
2026-08-21,4262,ニフティライフスタイル,東G,"1,373",+6.0 (+0.44%) ,1.4,11.21,13.0,22.7,0.00,20.10,(連),4.30,,,,,
2026-08-21,4263,サスメド,東G,576,+3.0 (+0.52%) ,,,,,,,,,47.00,-0.04,0.00,-36.65,117.98
2026-08-21,4264,セキュア,東G,"1,501",+16.0 (+1.08%) ,2.89,43.76,8.9,4.77,0.00,2.05,(連),0.00,77.30,0.15,-22.22,-22.22,21.35
2026-08-21,4265,Ｉｎｓｔｉｔｕｔｉｏｎ　ｆｏｒ,東G,294,-2.0 (-0.68%) ,,,,,,,,,,,,,
2026-08-21,426A,ＮＩＳ　Ｓ＆Ｐ５００イコール無,東ETF,"1,254",-6.0 (-0.48%) ,,,,,,,,,,,,,
2026-08-21,4270,ＢｅｅＸ,東G,"1,886",-23.0 (-1.20%) ,1.39,9.30,14.9,5.57,0.00,-8.47,(連),1.33,,,,,
2026-08-21,4272,日本化薬,東P,"2,084.5",+6.0 (+0.29%) ,1.11,12.93,9.0,9.28,56.02,14.43,(連),3.17,161.60,49.36,2.58,12.30,8.30
2026-08-21,4274,細谷火工,東S,"1,103",-4.0 (-0.36%) ,,,,,,,,,,,,,
2026-08-21,4275,カーリット,東P,"2,102",+2.0 (+0.10%) ,1.18,16.11,7.7,9.54,0.00,13.10,(連),2.00,136.77,3.20,-3.41,-5.46,1.13
2026-08-21,4284,ソルクシーズ,東S,442,-2.0 (-0.45%) ,,,,,,,,,,,,,
2026-08-21,4286,ＣＬＨＬＤＧ,東S,"1,332",-12.0 (-0.89%) ,1.82,22.91,8.3,3.6,0.00,368.56,(連),1.35,,,,,
2026-08-21,4287,ジャストプランニング,東S,490,0.0 (0.00%) ,1.46,11.17,13.6,23.96,0.00,24.44,(連),2.24,,,,,
2026-08-21,4288,アズジェント,東S,469,+1.0 (+0.21%) ,3.54,10.65,39.8,4.25,0.00,161.93,(単),0.00,,,,,
2026-08-21,428A,サイプレス・ＨＬＤＧ,東S,"1,436",+2.0 (+0.14%) ,,,,,,,,,,,,,
2026-08-21,4290,プレステージ・インターナショナ,東P,736,+2.0 (+0.27%) ,1.89,15.67,12.5,12.51,0.00,16.11,(連),3.53,48.55,4.49,-0.34,1.70,9.51
2026-08-21,4293,セプテーニＨＬＤＧ,東S,511,-9.0 (-1.73%) ,1.59,30.36,5.1,13.99,3.59,-3.06,(連),3.52,26.43,0.35,2.66,12.20,7.80
2026-08-21,4299,ハイマックス,東S,"1,213",-9.0 (-0.74%) ,1.16,11.94,10.1,8.57,0.00,-13.07,(連),3.79,,,,,
2026-08-21,429A,テクセンドフォトマスク,東P,"3,630",+25.0 (+0.69%) ,2.07,13.90,17.2,21.25,92.08,8.65,(連),1.54,,,,,
2026-08-21,4301,アミューズ,東P,"1,933",-34.0 (-1.73%) ,0.87,11.64,7.6,8.79,0.00,110.09,(連),2.07,,,,,
2026-08-21,4307,野村総合研究所,東P,"5,012",-63.0 (-1.24%) ,6.63,188.28,3.5,7.15,13.34,-56.13,(連),1.54,218.82,0.03,0.08,9.46,6.52
2026-08-21,4308,Ｊストリーム,東G,356,+2.0 (+0.56%) ,0.83,18.24,4.6,6.88,0.00,-8.94,(連),3.93,22.10,1.21,-4.00,-12.73,3.74
2026-08-21,430A,ネクストハンズ,東PRO,--,-- (--%) ,,,,,,,,,,,,,
2026-08-21,4310,ドリームインキュベータ,東P,"2,544",+10.0 (+0.39%) ,1.92,14.02,13.0,20.6,0.00,530.30,(連),5.39,,,,,
2026-08-21,4316,ビーマップ,東G,81,-1.0 (-1.22%) ,,,,,,,,,,,,,
2026-08-21,4317,レイ,東S,558,+2.0 (+0.36%) ,0.94,5.66,17.9,13.09,0.00,81.81,(連),3.58,,,,,
2026-08-21,4318,クイック,東P,856,+4.0 (+0.47%) ,2.48,11.55,22.4,13.51,0.00,1.69,(連),4.40,,,,,
2026-08-21,431A,ユーソナー,東G,"2,175",+15.0 (+0.69%) ,,,,,,,,,,,,,
2026-08-21,4320,ＣＥ　ＨＬＤＧ,東S,"1,675",+7.0 (+0.42%) ,,,,,,,,,,,,,
2026-08-21,4323,日本システム技術,東P,"1,954",-54.0 (-2.69%) ,,,,,,,,,,,,,
2026-08-21,4324,電通グループ,東P,"3,519",-63.0 (-1.76%) ,,,,,,,,,320.39,-0.09,0.78,38.51,2.33
2026-08-21,4326,インテージＨＬＤＧ,東P,"1,925",+7.0 (+0.36%) ,,,,,,,,,,,,,
2026-08-21,432A,クリニファー,東PRO,--,-- (--%) ,,,,,,,,,,,,,
2026-08-21,4331,テイクアンドギヴ・ニーズ,東P,752,-1.0 (-0.13%) ,,,,,,,,,,,,,
2026-08-21,4334,ユークス,東S,378,-4.0 (-1.05%) ,1.21,18.01,7.1,4.22,0.00,12.88,(連),2.65,,,,,
2026-08-21,4335,ＩＰＳ　ＨＬＤＧ,東S,"1,100",+5.0 (+0.46%) ,,,,,,,,,,,,,
2026-08-21,4337,ぴあ,東P,"2,822",+33.0 (+1.18%) ,4.03,13.04,36.9,7.79,0.00,82.72,(連),1.24,,,,,
2026-08-21,433A,ＭＪＥ,東PRO,--,-- (--%) ,,,,,,,,,,,,,
2026-08-21,4341,西菱電機,東S,906,+21.0 (+2.37%) ,0.55,12.33,4.5,1.84,0.00,46.38,(連),3.64,,,,,
2026-08-21,4343,イオンファンタジー,東P,"2,905",0.0 (0.00%) ,7.32,20.59,38.8,6.55,19.37,113.90,(連),0.52,182.00,0.55,15.87,-5.19,9.34
2026-08-21,4344,ソースネクスト,東P,114,-4.0 (-3.39%) ,,,,,,,,,,,,,
2026-08-21,4345,シーティーエス,東P,838,+7.0 (+0.84%) ,2.2,12.88,18.8,26.43,0.00,18.09,(連),3.46,67.95,2.75,-2.78,5.79,5.83
2026-08-21,4346,ＮＥＸＹＺ．Ｇｒｏｕｐ,東S,868,-22.0 (-2.47%) ,2.57,12.24,26.6,6.4,0.00,50.69,(連),3.46,,,,,
2026-08-21,4347,ブロードメディア,東S,"1,640",-7.0 (-0.43%) ,2.31,14.94,16.1,6.73,0.00,52.43,(連),3.66,124.90,0.95,-9.84,-26.67,-3.39
2026-08-21,434A,ＬＯＯＰＬＡＣＥ,東PRO,--,-- (--%) ,,,,,,,,,,,,,
2026-08-21,4350,メディカルシステムネットワーク,東S,486,+7.0 (+1.46%) ,0.82,13.26,6.4,2.51,0.00,0.98,(連),2.47,,,,,
2026-08-21,4351,山田再生系債権回収総合事務所,東S,824,+2.0 (+0.24%) ,1.04,49.25,2.1,3.24,0.00,-9.43,(連),1.21,,,,,
2026-08-21,4356,応用技術,東S,"1,650",+1.0 (+0.06%) ,1.51,10.30,15.6,16.09,0.00,27.93,(単),2.42,,,,,
2026-08-21,435A,ｉＦ日本配当ローテーション戦略,東ETF,"2,748",+24.0 (+0.88%) ,,,,,,,,,,,,,
2026-08-21,4360,マナック・ケミカル・パートナー,東S,894,+15.0 (+1.71%) ,,,,,,,,,,,,,
2026-08-21,4361,川口化学工業,東S,"1,535",+2.0 (+0.13%) ,0.6,6.26,9.9,4.83,21.07,3.59,(連),3.91,,,,,
2026-08-21,4362,日本精化,東P,"2,724",+16.0 (+0.59%) ,1.15,13.46,8.9,15.8,66.79,6.91,(連),3.60,,,,,
2026-08-21,4365,松本油脂製薬,東S,"20,910",+390.0 (+1.90%) ,0.68,7.55,9.5,19.87,68.53,11.76,(連),2.15,,,,,
2026-08-21,4366,ダイトーケミックス,東S,438,-5.0 (-1.13%) ,0.86,17.83,5.1,4.48,4.65,9.16,(連),1.83,,,,,
2026-08-21,4368,扶桑化学工業,東P,"3,075",-155.0 (-4.80%) ,2.78,22.73,12.9,24.5,55.11,18.19,(連),0.89,189.31,0.43,0.78,44.71,13.94
2026-08-21,4369,トリケミカル研究所,東P,"3,170",-55.0 (-1.71%) ,2.85,18.68,16.3,24.71,81.16,7.70,(連),1.10,181.80,2.49,5.69,-7.07,24.66
2026-08-21,436A,サイバーソリューションズ,東G,"1,163",-5.0 (-0.43%) ,,,,,,,,,,,,,
2026-08-21,4370,モビルス,東G,300,-4.0 (-1.32%) ,1.32,19.62,6.6,4.85,0.00,122.44,(連),0.00,,,,,
2026-08-21,4371,コアコンセプト・テクノロジー,東G,"1,308",+9.0 (+0.69%) ,4.2,14.57,32.5,10.54,0.00,7.62,(連),1.45,80.70,-1.59,0.00,-9.62,9.54
2026-08-21,4372,ユミルリンク,東G,"1,289",0.0 (0.00%) ,1.65,13.62,12.4,21.97,0.00,5.49,(連),1.47,,,,,
2026-08-21,4373,シンプレクス・ＨＬＤＧ,東P,"1,166",-17.0 (-1.44%) ,5.07,25.12,21.0,24.57,0.00,33.77,(連),1.54,56.72,0.94,1.48,14.06,22.01
2026-08-21,4374,ＲＯＢＯＴ ＰＡＹＭＥＮＴ,東G,"2,475",+6.0 (+0.24%) ,7.07,16.87,45.0,23.77,0.00,64.38,(単),1.13,,,,,
2026-08-21,4375,セーフィー,東G,667,-3.0 (-0.45%) ,4.08,84.64,5.0,-0.43,0.00,80.90,(連),0.00,3.60,-3.43,-61.39,-60.00,23.89
2026-08-21,4376,くふうカンパニーＨＬＤＧ,東G,162,+2.0 (+1.25%) ,,,,,,,,,,,,,
2026-08-21,4377,ワンキャリア,東G,"2,443",-55.0 (-2.20%) ,,,,,,,,,119.60,0.48,4.24,1.63,38.31
2026-08-21,4378,ＣＩＮＣ,東G,500,-2.0 (-0.40%) ,,,,,,,,,,,,,
2026-08-21,4379,Ｐｈｏｔｏｓｙｎｔｈ,東G,431,-6.0 (-1.37%) ,2.78,22.88,12.9,6.82,0.00,157.14,(連),0.00,,,,,
2026-08-21,437A,ジェイウェイブ,東PRO,--,-- (--%) ,,,,,,,,,,,,,
2026-08-21,4380,Ｍマート,東G,665,-10.0 (-1.48%) ,3.05,15.37,21.4,46.35,0.00,25.54,(単),1.88,,,,,
2026-08-21,4381,ビープラッツ,東G,355,-2.0 (-0.56%) ,,,,,,,,,,,,,
2026-08-21,4382,ＨＥＲＯＺ,東S,766,+11.0 (+1.46%) ,2.3,30.95,7.9,8.14,0.00,78.95,(連),0.00,,,,,
2026-08-21,4385,メルカリ,東P,"4,745",-50.0 (-1.04%) ,,,,,,,,,219.91,9.07,1.01,38.43,16.70
2026-08-21,4386,ＳＩＧグループ,東S,903,-3.0 (-0.33%) ,1.84,10.69,18.3,6.9,0.00,18.99,(連),3.21,,,,,
2026-08-21,4387,ＺＵＵ,東G,496,-1.0 (-0.20%) ,,,,,,,,,,,,,
2026-08-21,4388,エーアイ,東S,370,0.0 (0.00%) ,,,,,,,,,,,,,
2026-08-21,4389,プロパティデータバンク,東G,"1,044",-13.0 (-1.23%) ,,,,,,,,,,,,,
2026-08-21,438A,インフキュリオン,東G,"1,020",+9.0 (+0.89%) ,,,,,,,,,,,,,
2026-08-21,4390,ＩＰＳ,東P,"4,065",+85.0 (+2.14%) ,2.78,12.61,24.6,31.59,86.03,42.08,(連),0.98,324.90,15.86,2.95,2.95,13.31
2026-08-21,4391,ロジザード,東G,"1,129",+3.0 (+0.27%) ,,,,,,,,,,,,,
2026-08-21,4392,ＦＩＧ,東P,"1,132",-169.0 (-12.99%) ,,,,,,,,,,,,,
2026-08-21,4393,バンク・オブ・イノベーション,東G,"5,420",+140.0 (+2.65%) ,3.7,15.94,26.3,17.42,7.86,60.43,(連),0.00,,,,,
2026-08-21,4394,エクスモーション,東G,556,0.0 (0.00%) ,2.02,26.33,7.8,13.63,0.00,23.57,(連),1.80,,,,,
2026-08-21,4395,アクリート,東G,693,0.0 (0.00%) ,1.49,14.92,11.8,6.02,18.83,58.61,(連),1.44,,,,,
2026-08-21,4396,システムサポートＨＬＤＧ,東P,"1,394",-20.0 (-1.41%) ,,,,,,,,,99.50,1.44,0.00,1.56,11.68
2026-08-21,4397,チームスピリット,東G,417,-5.0 (-1.18%) ,4.24,18.95,25.4,5.46,0.00,411.24,(連),0.00,,,,,
2026-08-21,4398,ブロードバンドセキュリティ,東S,"1,290",+1.0 (+0.08%) ,,,,,,,,,,,,,
2026-08-21,439A,アクトビ,東PRO,--,-- (--%) ,,,,,,,,,,,,,
2026-08-21,4401,ＡＤＥＫＡ,東P,"4,572",+9.0 (+0.20%) ,1.43,16.45,9.1,9.99,54.52,8.71,(連),2.45,293.86,2.71,2.21,2.72,5.16
2026-08-21,4403,日油,東P,"2,782",+21.5 (+0.78%) ,2.13,15.78,14.1,18.38,27.79,8.15,(連),2.19,187.68,2.29,-2.30,3.25,14.81
2026-08-21,4404,ミヨシ油脂,東S,"2,128",+41.0 (+1.96%) ,0.51,2.26,26.1,3.3,0.00,-36.38,(連),4.70,,,,,
2026-08-21,4406,新日本理化,東S,245,-1.0 (-0.41%) ,0.46,15.28,3.2,1.79,14.35,-54.23,(連),1.84,,,,,
2026-08-21,4409,東邦化学工業,東S,779,+4.0 (+0.52%) ,0.68,10.72,6.8,3.89,17.01,10.15,(連),2.82,,,,,
2026-08-21,4410,ハリマ化成グループ,東P,"1,166",+16.0 (+1.39%) ,0.69,12.08,6.0,3.16,58.87,125.26,(連),3.60,,,,,
2026-08-21,4412,サイエンスアーツ,東G,"1,236",+10.0 (+0.82%) ,7.18,86.31,12.0,6.47,0.00,370.59,(単),0.00,,,,,
2026-08-21,4413,ボードルア,東P,"3,020",-100.0 (-3.21%) ,12.21,38.18,40.0,19.46,0.00,36.99,(連),0.25,100.50,1.15,0.74,4.00,43.21
2026-08-21,4414,フレクト,東G,"1,133",+89.0 (+8.52%) ,,,,,,,,,139.10,0.33,-13.79,-26.47,14.38
2026-08-21,4415,ブロードエンタープライズ,東G,"1,335",-33.0 (-2.41%) ,5.04,19.58,29.4,13.18,0.00,36.52,(単),0.00,,,,,
2026-08-21,4416,Ｔｒｕｅ　Ｄａｔａ,東G,400,-10.0 (-2.44%) ,1.67,24.05,6.9,5.4,0.00,120.41,(単),0.00,,,,,
2026-08-21,4417,グローバルセキュリティエキスパ,東G,"4,500",-120.0 (-2.60%) ,15.39,45.52,39.8,20.3,0.00,42.25,(連),0.77,140.10,0.79,10.71,-3.12,26.12
2026-08-21,4418,ＪＤＳＣ,東G,"1,043",-39.0 (-3.60%) ,,,,,,,,,41.20,-1.16,0.00,18.18,2.03
2026-08-21,4419,ＦｉｎａｔｅｘｔＨＬＤＧ,東G,"1,380",+11.0 (+0.80%) ,6.6,46.95,15.5,17.19,7.95,97.45,(連),0.00,43.10,0.68,-0.81,18.82,41.92
2026-08-21,441A,ＮＥ,東G,276,-8.0 (-2.82%) ,,,,,,,,,,,,,
2026-08-21,4420,イーソル,東S,702,-1.0 (-0.14%) ,2.34,22.51,11.0,6.72,0.00,-25.80,(連),0.78,,,,,
2026-08-21,4421,ディ・アイ・システム,東S,938,+1.0 (+0.11%) ,,,,,,,,,,,,,
2026-08-21,4422,ＶＡＬＵＥＮＥＸ,東G,571,-5.0 (-0.87%) ,,,,,,,,,,,,,
2026-08-21,4424,Ａｍａｚｉａ,東G,337,-17.0 (-4.80%) ,,,,,,,,,,,,,
2026-08-21,4425,Ｋｕｄａｎ,東G,"1,395",-201.0 (-12.59%) ,,,,,,,,,,,,,
2026-08-21,4426,パスロジ,東PRO,--,-- (--%) ,0.67,9.70,6.5,-11.52,0.00,-215.79,(単),4.91,,,,,
2026-08-21,4427,ＥｄｕＬａｂ,東G,218,+10.0 (+4.81%) ,1.65,135.40,1.2,6.28,0.00,191.46,(連),0.00,,,,,
2026-08-21,4428,シノプス,東G,697,-8.0 (-1.13%) ,2.29,20.03,11.9,15.14,0.00,101.95,(単),2.30,,,,,
2026-08-21,4429,リックソフト,東G,716,-3.0 (-0.42%) ,0.97,12.20,8.3,3.45,0.00,-22.56,(連),0.00,,,,,
2026-08-21,442A,クラシコ,東G,984,-1.0 (-0.10%) ,,,,,,,,,,,,,
2026-08-21,4430,東海ソフト,東S,"1,663",-13.0 (-0.78%) ,,,,,,,,,,,,,
2026-08-21,4431,スマレジ,東G,"3,395",-20.0 (-0.59%) ,6.8,29.34,25.8,24.1,0.00,35.11,(連),0.71,129.25,2.26,4.23,-2.63,19.68
2026-08-21,4432,ウイングアーク１ｓｔ,東P,"3,320",0.0 (0.00%) ,2.45,17.70,14.6,29.05,0.00,10.10,(連),3.13,219.83,0.88,0.93,3.17,9.47
2026-08-21,4433,ヒト・コミュニケーションズＨＤ,東P,910,+1.0 (+0.11%) ,0.98,19.01,4.9,3.92,0.00,63.02,(連),4.07,14.00,-0.92,-57.14,-63.64,3.32
2026-08-21,4434,サーバーワークス,東S,"2,446",-73.0 (-2.90%) ,,,,,,,,,143.40,-0.06,17.24,21.43,19.73
2026-08-21,4436,ミンカブ・ジ・インフォノイド,東G,422,+1.0 (+0.24%) ,4.49,8.66,84.7,6.25,0.00,120.67,(連),0.00,28.75,-0.36,-8.82,9.60,-8.15
2026-08-21,4437,ｇｏｏｄｄａｙｓ　ＨＬＤＧ,東G,786,-1.0 (-0.13%) ,1.49,8.85,18.3,8.11,0.00,67.27,(連),0.64,,,,,
2026-08-21,4438,Ｗｅｌｂｙ,東G,260,-2.0 (-0.76%) ,,,,,,,,,,,,,
2026-08-21,4439,東名,東S,772,0.0 (0.00%) ,2.36,9.49,27.9,11.32,0.00,40.90,(連),1.23,,,,,
2026-08-21,443A,ｉＦ　ＥＴＦ東証ＲＥＩＴ　指数,東ETF,"1,929",+67.0 (+3.60%) ,,,,,,,,,,,,,
2026-08-21,4440,ヴィッツ,東S,"1,170",-24.0 (-2.01%) ,1.65,10.99,16.1,11.65,0.00,69.45,(連),1.28,,,,,
2026-08-21,4441,トビラシステムズ,東S,"1,456",-45.0 (-3.00%) ,5.67,23.64,24.8,32.01,0.00,9.41,(単),1.46,,,,,
2026-08-21,4442,バルテス・ＨＬＤＧ,東G,404,-1.0 (-0.25%) ,2.21,13.97,16.7,7.73,0.00,-2.44,(連),0.99,30.80,2.01,7.78,7.78,10.58
2026-08-21,4443,Ｓａｎｓａｎ,東P,"2,231",+11.0 (+0.50%) ,13.39,41.64,38.8,15.22,0.00,197.85,(連),0.11,72.71,0.86,0.08,15.32,21.81
2026-08-21,4444,インフォネット,東G,951,-1.0 (-0.11%) ,,,,,,,,,,,,,
2026-08-21,4445,リビン・テクノロジーズ,東G,"1,880",+38.0 (+2.06%) ,2.84,15.94,19.3,14.0,0.00,126.32,(連),0.00,,,,,
2026-08-21,4446,Ｌｉｎｋ−Ｕグループ,東S,855,-14.0 (-1.61%) ,,,,,,,,,,,,,
2026-08-21,4447,ピー・ビーシステムズ,東G,500,+1.0 (+0.20%) ,2.53,35.41,6.6,4.71,0.00,-64.92,(単),4.00,,,,,
2026-08-21,4448,ｋｕｂｅｌｌ,東G,365,-1.0 (-0.27%) ,,,,,,,,,,,,,
2026-08-21,444A,アイテル,東PRO,--,-- (--%) ,,,,,,,,,,,,,
2026-08-21,4450,パワーソリューションズ,東G,"2,245",+19.0 (+0.85%) ,1.97,17.61,11.5,8.8,0.00,36.77,(連),1.11,,,,,
2026-08-21,4452,花王,東P,"3,556",+3.0 (+0.08%) ,3.02,27.32,11.3,9.72,44.03,12.46,(連),2.17,153.75,1.27,0.15,3.57,4.59
2026-08-21,445A,東洋,東PRO,--,-- (--%) ,,,,,,,,,,,,,
2026-08-21,4461,第一工業製薬,東P,"13,840",+420.0 (+3.13%) ,2.82,22.83,13.6,12.19,29.96,80.79,(連),1.08,669.10,1.94,7.48,49.35,8.35
2026-08-21,4462,石原ケミカル,東P,"2,995",-50.0 (-1.64%) ,1.66,13.78,12.7,16.38,70.81,15.57,(連),1.47,,,,,
2026-08-21,4463,日華化学,東S,"2,000",-15.0 (-0.74%) ,0.9,13.31,6.9,6.91,50.25,-3.19,(連),3.00,,,,,
2026-08-21,4464,ソフト９９コーポレーション,東S,"3,560",0.0 (0.00%) ,,,,,,,,,,,,,
2026-08-21,4465,ニイタカ,東S,"2,383",+38.0 (+1.62%) ,,,,,,,,,,,,,
2026-08-21,446A,ノースサンド,東G,"1,985",-49.0 (-2.41%) ,,,,,,,,,,,,,
2026-08-21,4471,三洋化成工業,東P,"6,360",+110.0 (+1.76%) ,0.88,9.00,10.6,7.83,37.56,26.74,(連),2.67,412.10,-0.36,-9.15,16.22,0.37
2026-08-21,4475,ＨＥＮＮＧＥ,東G,"1,512",+8.0 (+0.53%) ,,,,,,,,,,,,,
2026-08-21,4476,ＡＩ　ＣＲＯＳＳ,東G,"1,097",-10.0 (-0.90%) ,2.14,24.96,9.4,8.91,11.16,12.27,(連),0.00,,,,,
2026-08-21,4477,ＢＡＳＥ,東G,312,0.0 (0.00%) ,2.41,19.66,13.0,8.13,0.00,106.53,(連),1.60,17.20,2.16,55.37,42.94,31.42
2026-08-21,4478,フリー,東G,"3,780",-75.0 (-1.95%) ,,,,,,,,,48.33,0.48,4.84,-46.67,23.64
2026-08-21,4479,マクアケ,東G,920,-9.0 (-0.97%) ,2.17,28.79,7.9,9.76,0.00,891.67,(単),0.00,,,,,
2026-08-21,447A,ＳＳＳＰ　ゴールドヘッジなし,東ETF,289,+4.6 (+1.62%) ,,,,,,,,,,,,,
2026-08-21,4480,メドレー,東P,"2,863",-96.0 (-3.24%) ,5.98,93.50,5.6,5.84,0.00,-46.00,(連),0.00,70.06,0.33,-1.61,-42.55,25.76
2026-08-21,4481,ベース,東P,"3,360",-20.0 (-0.59%) ,4.28,14.65,30.7,26.39,0.00,10.77,(連),3.48,234.30,6.63,-6.30,-12.50,6.16
2026-08-21,4482,ウィルズ,東G,728,-7.0 (-0.95%) ,5.67,17.58,35.6,21.51,0.00,25.10,(連),1.79,,,,,
2026-08-21,4483,ＪＭＤＣ,東P,"3,365",-100.0 (-2.89%) ,2.63,32.53,8.4,20.85,0.00,17.09,(連),0.53,117.50,2.17,0.57,-20.60,21.06
2026-08-21,4484,ランサーズ,東G,290,+1.0 (+0.35%) ,3.31,51.69,6.6,3.7,0.00,80.00,(連),0.69,,,,,
2026-08-21,4486,ユナイトアンドグロウ,東G,678,-16.0 (-2.31%) ,2.39,13.03,19.2,15.93,0.00,36.50,(単),4.13,,,,,
2026-08-21,4487,スペースマーケット,東G,225,+1.0 (+0.45%) ,2.7,12.70,26.4,9.62,0.00,35.03,(連),0.00,,,,,
2026-08-21,4488,ＡＩ　ｉｎｓｉｄｅ,東G,"2,156",+1.0 (+0.05%) ,1.72,24.24,7.4,6.53,0.00,20.25,(単),0.00,,,,,
2026-08-21,448A,ＳＳＳＰ　ゴールドヘッジあり,東ETF,273.8,+3.9 (+1.44%) ,,,,,,,,,,,,,
2026-08-21,4490,ビザスク,東G,665,-24.0 (-3.48%) ,-0.87,9.84,70.3,13.44,40.49,15.94,(連),0.00,,,,,
2026-08-21,4491,コンピューターマネージメント,東S,"3,250",+20.0 (+0.62%) ,1.6,12.94,13.2,7.63,0.00,22.45,(連),1.85,,,,,
2026-08-21,4492,ゼネテック,東S,373,-2.0 (-0.53%) ,1.58,8.43,19.9,7.47,0.00,20.64,(連),5.90,,,,,
2026-08-21,4493,サイバーセキュリティクラウド,東G,"1,874",-43.0 (-2.24%) ,4.34,22.90,18.6,21.67,0.00,31.25,(連),0.27,,,,,
2026-08-21,4495,アイキューブドシステムズ,東G,"1,918",+7.0 (+0.37%) ,,,,,,,,,,,,,
2026-08-21,4496,コマースＯｎｅ　ＨＬＤＧ,東G,778,+11.0 (+1.43%) ,2.09,18.18,11.8,9.75,0.00,11.58,(連),2.70,,,,,
2026-08-21,4498,サイバートラスト,東G,"1,313",-9.0 (-0.68%) ,,,,,,,,,82.50,0.46,0.00,12.22,11.49
2026-08-21,4499,Ｓｐｅｅｅ,東S,"2,631",-133.0 (-4.81%) ,,,,,,,,,,,,,
2026-08-21,449A,ＳＳＳＰ　Ｓ＆Ｐ５００ヘッジ無,東ETF,827.1,-5.7 (-0.68%) ,,,,,,,,,,,,,
2026-08-21,4502,武田薬品工業,東P,"5,764",-61.0 (-1.05%) ,,,,,,,,,127.10,-0.20,1.33,-23.80,1.07
2026-08-21,4503,アステラス製薬,東P,"2,387",-31.0 (-1.28%) ,2.34,14.66,17.4,17.89,85.18,"1,105.58",(連),3.27,195.10,0.62,4.44,57.37,9.50
2026-08-21,4506,住友ファーマ,東P,"1,411.5",-53.5 (-3.65%) ,1.92,5.25,46.3,23.68,81.30,469.78,(連),0.00,210.24,-0.32,2.31,82.05,17.62
2026-08-21,4507,塩野義製薬,東P,"2,919",-13.5 (-0.46%) ,1.47,12.11,13.5,33.37,69.56,19.01,(連),2.43,252.83,2.39,0.87,4.13,25.81
2026-08-21,450A,ＳＳＳＰ　Ｓ＆Ｐ５００ヘッジ有,東ETF,786.6,-7.0 (-0.88%) ,,,,,,,,,,,,,
2026-08-21,4512,わかもと製薬,東S,297,+11.0 (+3.85%) ,,,,,,,,,,,,,
2026-08-21,4516,日本新薬,東P,"3,667",-30.0 (-0.81%) ,0.85,8.32,11.0,20.79,45.15,0.90,(連),3.38,443.63,13.99,-1.36,-0.71,9.09
2026-08-21,4519,中外製薬,東P,"7,011",-90.0 (-1.27%) ,5.7,26.58,22.1,47.6,62.34,10.09,(連),3.88,308.70,1.35,0.09,9.63,8.70
2026-08-21,451A,ＳＳＳＰ　Ｓ＆Ｐ５００高配当株,東ETF,305.6,+0.4 (+0.13%) ,,,,,,,,,,,,,
2026-08-21,4521,科研製薬,東P,"3,985",-20.0 (-0.50%) ,1.02,70.44,1.4,-1.17,58.35,-100.97,(連),4.77,191.06,0.09,28.91,192.42,-1.84
2026-08-21,4523,エーザイ,東P,"4,902",-60.0 (-1.21%) ,1.54,35.84,4.4,5.35,71.28,-16.48,(連),3.26,209.11,0.45,0.59,9.79,7.36
2026-08-21,4524,森下仁丹,東S,"2,238",0.0 (0.00%) ,0.71,14.58,5.0,5.45,21.87,-11.15,(連),2.90,,,,,
2026-08-21,4526,理研ビタミン,東P,"3,340",+20.0 (+0.60%) ,1.17,14.02,8.7,7.17,22.06,-18.19,(連),3.29,253.53,2.03,10.62,-25.74,1.36
2026-08-21,4527,ロート製薬,東P,"2,866.5",-0.5 (-0.02%) ,2.15,18.91,12.1,11.96,51.00,18.65,(連),1.60,154.95,8.27,0.14,8.83,9.28
2026-08-21,4528,小野薬品工業,東P,"2,448",-33.5 (-1.35%) ,1.35,16.49,8.5,17.88,44.34,56.17,(連),3.27,152.51,6.01,-0.03,10.47,-3.15
2026-08-21,452A,ｉＳ　Ｓ＆Ｐ５００プレミインカ,東ETF,820.2,-0.4 (-0.05%) ,,,,,,,,,,,,,
2026-08-21,4531,有機合成薬品工業,東S,360,+2.0 (+0.56%) ,0.58,24.81,2.4,2.48,51.90,-73.40,(単),2.78,,,,,
2026-08-21,4534,持田製薬,東P,"3,260",-20.0 (-0.61%) ,0.82,14.62,5.8,8.68,0.00,38.78,(連),2.45,,,,,
2026-08-21,4536,参天製薬,東P,"1,879.5",-70.0 (-3.59%) ,2.04,16.48,12.8,16.39,49.66,-0.08,(連),2.02,119.68,3.29,-0.69,-1.87,0.61
2026-08-21,4538,扶桑薬品工業,東P,"2,303",-9.0 (-0.39%) ,,,,,,,,,,,,,
2026-08-21,4539,日本ケミファ,東S,"1,568",+1.0 (+0.06%) ,,,,,,,,,,,,,
2026-08-21,453A,ｉＳ米国債２０年超プレミインカ,東ETF,755,-3.1 (-0.41%) ,,,,,,,,,,,,,
2026-08-21,4540,ツムラ,東P,"3,767",+19.0 (+0.51%) ,0.87,10.01,9.0,18.28,15.89,-5.68,(連),3.90,346.80,-1.38,-0.67,-4.21,9.22
2026-08-21,4543,テルモ,東P,"2,569",-7.5 (-0.29%) ,2.39,27.88,9.2,15.58,80.33,15.32,(連),1.17,122.61,0.64,0.60,14.02,10.42
2026-08-21,4544,Ｈ．Ｕ．グループＨＬＤＧ,東P,"3,680",+48.0 (+1.32%) ,1.49,30.28,5.0,1.93,15.85,-40.24,(連),3.40,98.18,-1.93,-1.70,-18.10,3.38
2026-08-21,4547,キッセイ薬品工業,東P,"4,095",-20.0 (-0.49%) ,,,,,,,,,261.20,-0.74,-2.36,-0.07,2.22
2026-08-21,4548,生化学工業,東P,704,-5.0 (-0.71%) ,0.51,26.08,2.0,-1.8,61.73,-13.14,(連),4.26,,,,,
2026-08-21,4549,栄研化学,東P,"2,378",+19.0 (+0.81%) ,1.78,21.13,8.5,6.97,27.34,-11.07,(連),2.44,,,,,
2026-08-21,4552,ＪＣＲファーマ,東P,529,-17.0 (-3.11%) ,1.37,29.60,4.6,1.38,0.00,115.58,(連),3.78,3.95,-1.77,-15.24,-85.22,15.21
2026-08-21,4553,東和薬品,東P,"3,895",+30.0 (+0.78%) ,1.08,36.52,3.0,8.44,9.72,7.37,(連),2.05,452.02,0.03,0.16,11.96,8.38
2026-08-21,4554,富士製薬工業,東P,"1,847",-32.0 (-1.70%) ,0.96,15.02,6.5,9.66,0.00,0.31,(連),2.46,81.40,-0.68,10.28,28.06,14.36
2026-08-21,4558,中京医薬品,東S,200,-1.0 (-0.50%) ,0.83,25.51,3.2,1.93,0.00,18.80,(単),2.50,,,,,
2026-08-21,4559,ゼリア新薬工業,東P,"2,153",+3.0 (+0.14%) ,0.88,11.23,8.5,13.88,59.27,-14.00,(連),2.28,235.90,0.40,9.76,-3.57,4.04
2026-08-21,455A,バリューソフトＨＬＤＧ,東PRO,--,-- (--%) ,,,,,,,,,,,,,
2026-08-21,4563,アンジェス,東G,39,-3.0 (-7.14%) ,,,,,,,,,,,,,
2026-08-21,4564,オンコセラピー・サイエンス,東G,21,0.0 (0.00%) ,,,,,,,,,,,,,
2026-08-21,4565,ネクセラファーマ,東P,"1,103",-30.0 (-2.65%) ,,,,,,,,,56.35,-0.14,35.44,8.16,17.99
2026-08-21,4568,第一三共,東P,"2,833.5",-34.0 (-1.19%) ,3.1,20.18,15.8,10.79,72.68,-25.93,(連),2.75,156.28,1.63,0.24,-25.98,11.70
2026-08-21,4569,杏林製薬,東P,"1,158",-8.0 (-0.69%) ,0.47,19.29,2.5,2.83,0.00,-69.51,(連),4.92,29.00,-0.78,-46.61,-63.11,-2.68
2026-08-21,456A,ＨＵＭＡＮ　ＭＡＤＥ,東G,"1,662",+300.0 (+22.03%) ,,,,,,,,,,,,,
2026-08-21,4570,免疫生物研究所,東G,"1,080",-18.0 (-1.64%) ,5.46,30.57,19.6,27.96,40.97,43.54,(連),0.56,,,,,
2026-08-21,4571,ＮＡＮＯＨＬＤＧ,東G,108,-1.0 (-0.92%) ,,,,,,,,,,,,,
2026-08-21,4572,カルナバイオサイエンス,東G,403,-4.0 (-0.98%) ,,,,,,,,,,,,,
2026-08-21,4574,大幸薬品,東P,268,0.0 (0.00%) ,1.58,14.58,11.2,7.18,35.88,-29.94,(連),1.23,1.80,-1.65,-82.26,-72.50,0.14
2026-08-21,4575,キャンバス,東G,802,-9.0 (-1.11%) ,,,,,,,,,,,,,
2026-08-21,4576,デ・ウエスタン・セラピテクス,東G,88,0.0 (0.00%) ,,,,,,,,,,,,,
2026-08-21,4577,ダイト,東P,"1,363",+6.0 (+0.44%) ,,,,,,,,,88.70,-0.88,-8.11,-10.53,3.26
2026-08-21,4578,大塚ＨＬＤＧ,東P,"12,195",-405.0 (-3.21%) ,2.12,17.80,12.6,19.42,70.91,39.36,(連),1.15,650.07,-3.79,1.14,27.34,7.11
2026-08-21,4579,ラクオリア創薬,東G,565,-21.0 (-3.58%) ,2.0,49.00,4.4,12.14,73.18,221.05,(連),0.00,,,,,
2026-08-21,457A,ルリアン,東PRO,--,-- (--%) ,,,,,,,,,,,,,
2026-08-21,4582,シンバイオ製薬,東G,65,-1.0 (-1.52%) ,,,,,,,,,,,,,
2026-08-21,4583,カイオム・バイオサイエンス,東G,84,0.0 (0.00%) ,,,,,,,,,,,,,
2026-08-21,4584,キッズウェル・バイオ,東G,170,0.0 (0.00%) ,,,,,,,,,,,,,
2026-08-21,4586,メドレックス,東G,66,0.0 (0.00%) ,,,,,,,,,,,,,
2026-08-21,4587,ペプチドリーム,東P,"1,114.5",+13.0 (+1.18%) ,,,,,,,,,102.65,-0.02,-18.70,-44.17,-9.55
2026-08-21,4588,オンコリスバイオファーマ,東G,"3,380",-340.0 (-9.14%) ,,,,,,,,,,,,,
2026-08-21,458A,プラン・ドゥ,東PRO,--,-- (--%) ,,,,,,,,,,,,,
2026-08-21,4591,リボミック,東G,81,-2.0 (-2.41%) ,,,,,,,,,,,,,
2026-08-21,4592,サンバイオ,東G,"1,010",-32.0 (-3.07%) ,,,,,,,,,,,,,
2026-08-21,4593,ヘリオス,東G,270,-18.0 (-6.25%) ,,,,,,,,,,,,,
2026-08-21,4594,ブライトパス・バイオ,東G,53,-2.0 (-3.64%) ,,,,,,,,,,,,,
2026-08-21,4595,ミズホメディー,東S,"1,721",+10.0 (+0.58%) ,1.75,9.57,19.0,41.26,0.00,-8.34,(単),5.81,152.20,-0.73,-9.09,5.26,-2.34
2026-08-21,4596,窪田製薬ＨＬＤＧ,東G,68,+1.0 (+1.49%) ,,,,,,,,,,,,,
2026-08-21,4597,ソレイジア・ファーマ,東G,32,-4.0 (-11.11%) ,,,,,,,,,,,,,
2026-08-21,4598,Ｄｅｌｔａ―Ｆｌｙ　Ｐｈａｒｍ,東G,109,+2.0 (+1.87%) ,,,,,,,,,,,,,
2026-08-21,4599,ステムリム,東G,357,+2.0 (+0.56%) ,,,,,,,,,,,,,
2026-08-21,459A,野村高利回りＪリート指数ＥＴＦ,東ETF,--,-- (--%) ,,,,,,,,,,,,,
2026-08-21,460A,ＢＲＡＮＵ,東G,"1,068",-22.0 (-2.02%) ,,,,,,,,,,,,,
2026-08-21,4611,大日本塗料,東P,"1,503",+5.0 (+0.33%) ,0.64,25.41,2.6,4.11,10.48,-13.85,(連),3.86,,,,,
2026-08-21,4612,日本ペイントＨＬＤＧ,東P,"1,201",+2.5 (+0.21%) ,1.55,15.67,10.6,14.49,90.33,38.04,(連),1.33,85.00,1.30,0.23,3.18,11.21
2026-08-21,4613,関西ペイント,東P,"2,917.5",+18.0 (+0.62%) ,1.71,16.24,11.1,8.43,75.34,11.42,(連),3.77,136.21,-0.88,2.44,-19.73,4.40
2026-08-21,4615,神東塗料,東S,132,0.0 (0.00%) ,,,,,,,,,,,,,
2026-08-21,4616,川上塗料,東S,"2,041",+5.0 (+0.25%) ,0.61,28.09,2.2,0.91,0.00,-32.39,(連),2.16,,,,,
2026-08-21,4617,中国塗料,東P,"3,570",-80.0 (-2.19%) ,,,,,,,,,265.80,0.69,2.27,4.35,6.41
2026-08-21,4619,日本特殊塗料,東S,"2,712",-3.0 (-0.11%) ,0.96,11.19,8.9,6.47,11.31,1.86,(連),4.61,,,,,
2026-08-21,461A,ＭＸＳ日本株高配当Ｓ５０,東ETF,"2,652",+39.0 (+1.49%) ,,,,,,,,,,,,,
2026-08-21,4620,藤倉化成,東S,949,+1.0 (+0.11%) ,0.57,8.88,7.0,4.08,46.57,107.08,(連),2.11,,,,,
2026-08-21,4623,アサヒペン,東S,"1,870",-1.0 (-0.05%) ,0.46,9.94,5.0,3.73,0.00,-21.74,(連),3.21,,,,,
2026-08-21,4624,イサム塗料,東S,"3,945",+95.0 (+2.47%) ,0.42,9.95,4.3,10.89,0.00,40.42,(連),1.27,,,,,
2026-08-21,4625,アトミクス,東S,782,-1.0 (-0.13%) ,0.37,4.40,8.8,4.46,0.00,66.03,(連),2.56,,,,,
2026-08-21,4626,太陽ＨＬＤＧ,東P,"4,765",-4.0 (-0.08%) ,4.58,22.07,22.0,23.6,66.13,49.44,(連),1.73,213.33,-18.66,1.50,24.02,10.51
2026-08-21,4627,ナトコ,東S,"1,853",-19.0 (-1.01%) ,0.57,12.30,4.7,6.28,15.46,9.59,(連),2.97,,,,,
2026-08-21,4628,エスケー化研,東S,"8,930",+90.0 (+1.02%) ,0.69,9.83,7.2,11.14,14.87,14.07,(連),2.58,,,,,
2026-08-21,4629,大伸化学,東S,"2,104",-1.0 (-0.05%) ,,,,,,,,,,,,,
2026-08-21,462A,ＦＵＮＤＩＮＮＯ,東G,237,+9.0 (+3.95%) ,,,,,,,,,,,,,
2026-08-21,4631,ＤＩＣ,東P,"5,190",-50.0 (-0.95%) ,1.04,15.19,7.4,4.96,75.25,16.74,(連),3.85,448.86,0.37,5.70,4.91,3.20
2026-08-21,4633,サカタインクス,東P,"2,646",+6.0 (+0.23%) ,1.09,11.25,10.0,5.91,74.50,19.17,(連),3.59,217.30,-1.59,7.29,-5.11,7.97
2026-08-21,4634,ａｒｔｉｅｎｃｅ,東P,"4,975",+35.0 (+0.71%) ,0.89,23.63,3.9,5.93,55.05,-0.57,(連),2.01,460.77,0.09,-8.20,-4.52,3.05
2026-08-21,4635,東京インキ,東S,"2,092",+34.0 (+1.65%) ,0.82,14.19,6.1,4.44,0.00,248.09,(連),3.01,,,,,
2026-08-21,463A,インテリックスＨＬＤＧ,東S,974,+1.0 (+0.10%) ,,,,,,,,,,,,,
2026-08-21,4641,アルプス技研,東P,860,+11.0 (+1.30%) ,,,,,,,,,44.53,-0.56,-2.44,-3.58,5.60
2026-08-21,4642,オリジナル設計,東S,"1,403",-12.0 (-0.85%) ,1.06,15.33,6.9,10.82,0.00,8.35,(連),2.49,,,,,
2026-08-21,4644,イマジニア,東S,"1,053",0.0 (0.00%) ,0.85,13.60,6.2,2.55,12.53,25.11,(連),5.70,,,,,
2026-08-21,4645,市進ＨＬＤＧ,東S,434,0.0 (0.00%) ,1.42,5.62,27.2,4.82,0.00,4.59,(連),2.30,,,,,
2026-08-21,464A,ＱＰＳＨＬＤＧ,東G,"1,786",-54.0 (-2.93%) ,,,,,,,,,88.72,0.07,20.00,9.65,96.20
2026-08-21,4650,ＳＤエンターテイメント,東S,273,+4.0 (+1.49%) ,1.36,11.33,12.7,1.38,0.00,-28.33,(連),0.00,,,,,
2026-08-21,4651,サニックスＨＬＤＧ,東S,280,0.0 (0.00%) ,1.22,31.75,4.0,2.81,0.00,-62.72,(連),0.71,,,,,
2026-08-21,4657,環境管理センター,東S,475,+9.0 (+1.93%) ,,,,,,,,,,,,,
2026-08-21,4658,日本空調サービス,東P,"1,556",+7.0 (+0.45%) ,,,,,,,,,,,,,
2026-08-21,465A,ＧＸ　日経平均株主還元４０,東ETF,"1,332",+3.0 (+0.23%) ,,,,,,,,,,,,,
2026-08-21,4661,オリエンタルランド,東P,"3,007",+32.0 (+1.08%) ,4.48,40.45,11.7,23.9,0.00,-2.13,(連),0.50,78.19,7.36,-0.31,-6.41,4.73
2026-08-21,4662,フォーカスシステムズ,東P,"1,727",+19.0 (+1.11%) ,1.64,11.10,15.9,8.5,0.00,41.77,(単),3.71,,,,,
2026-08-21,4664,アール・エス・シー,東S,948,-23.0 (-2.37%) ,1.21,19.81,6.1,2.64,0.00,-24.52,(連),2.53,,,,,
2026-08-21,4665,ダスキン,東P,"4,691",+60.0 (+1.30%) ,1.4,24.02,5.9,4.5,0.00,21.19,(連),2.52,222.38,1.50,4.19,10.24,3.61
2026-08-21,4666,パーク２４,東P,"2,038",+15.0 (+0.74%) ,3.54,21.85,18.1,9.25,20.77,-3.63,(連),1.47,261.01,0.04,17.91,-10.01,6.41
2026-08-21,4667,アイサンテクノロジー,東S,"2,105",-7.0 (-0.33%) ,1.71,21.27,8.2,10.01,0.00,71.01,(連),1.76,,,,,
2026-08-21,4668,明光ネットワークジャパン,東P,776,0.0 (0.00%) ,1.56,11.34,14.7,6.81,0.00,60.62,(連),3.48,38.30,-0.46,-7.69,-5.26,7.72
2026-08-21,466A,ＧＸ　防衛テック　ＥＴＦ,東ETF,"1,110",-29.0 (-2.55%) ,,,,,,,,,,,,,
2026-08-21,4671,ファルコＨＬＤＧ,東S,"2,824",-6.0 (-0.21%) ,,,,,,,,,,,,,
2026-08-21,4673,川崎地質,東S,"4,760",-55.0 (-1.14%) ,0.79,6.69,12.7,5.23,0.00,41.73,(連),3.05,,,,,
2026-08-21,4674,クレスコ,東P,"2,041",+8.0 (+0.39%) ,2.46,15.72,16.4,10.21,0.00,10.97,(連),3.14,,,,,
2026-08-21,4676,フジ・メディアＨＬＤＧ,東P,"4,145",+28.0 (+0.68%) ,1.08,126.18,1.0,-1.59,0.00,-111.15,(連),3.02,277.65,0.02,-1.39,-22.62,5.96
2026-08-21,4678,秀英予備校,東S,330,+4.0 (+1.23%) ,,,,,,,,,,,,,
2026-08-21,4679,田谷,東S,261,+1.0 (+0.38%) ,,,,,,,,,,,,,
2026-08-21,467A,ＧＸ　米ドル建て投資適格社債Ｈ,東ETF,278.3,-1.3 (-0.46%) ,,,,,,,,,,,,,
2026-08-21,4680,ラウンドワン,東P,"1,338.5",-27.5 (-2.01%) ,,,,,,,,,74.11,1.08,0.89,-16.17,10.89
2026-08-21,4681,リゾートトラスト,東P,"1,854.5",+8.0 (+0.43%) ,2.46,18.81,13.7,11.09,0.00,9.06,(連),1.83,102.92,4.07,0.51,-46.67,2.89
2026-08-21,4684,オービック,東P,"4,729",+4.0 (+0.08%) ,3.97,27.56,15.8,65.69,0.00,16.72,(連),1.78,193.56,1.91,0.26,7.10,11.35
2026-08-21,4685,菱友システムズ,東S,"2,666",-28.0 (-1.04%) ,1.53,8.69,18.9,12.7,0.00,15.40,(連),3.66,,,,,
2026-08-21,4686,ジャストシステム,東P,"4,035",0.0 (0.00%) ,2.18,17.17,13.5,43.66,0.00,27.22,(連),0.67,,,,,
2026-08-21,4687,ＴＤＣソフト,東P,"1,022",-15.0 (-1.45%) ,2.06,12.45,17.5,10.67,0.00,9.91,(連),3.23,,,,,
2026-08-21,4689,ＬＩＮＥヤフー,東P,525.6,+8.1 (+1.57%) ,1.2,18.79,6.5,16.76,0.00,7.04,(連),1.39,26.45,-3.60,0.24,-3.29,8.83
2026-08-21,468A,ＧＸ　米ドル建て投資適格社債,東ETF,282.9,+0.4 (+0.14%) ,,,,,,,,,,,,,
2026-08-21,4691,ワシントンホテル,東S,"2,275",+210.0 (+10.17%) ,,,,,,,,,,,,,
2026-08-21,4694,ビー・エム・エル,東P,"3,625",+15.0 (+0.42%) ,,,,,,,,,200.90,-13.85,-6.50,0.88,4.08
2026-08-21,469A,フィットクルー,東G,"1,628",+28.0 (+1.75%) ,,,,,,,,,,,,,
2026-08-21,4704,トレンドマイクロ,東P,"5,472",-236.0 (-4.13%) ,5.47,20.85,28.2,20.93,68.26,2.16,(連),3.38,285.06,2.32,1.79,-16.33,4.63
2026-08-21,4705,クリップコーポレーション,東S,--,-- (--%) ,,,,,,,,,,,,,
2026-08-21,4707,キタック,東S,334,+1.0 (+0.30%) ,0.53,8.99,6.1,4.21,0.00,-58.52,(連),2.10,,,,,
2026-08-21,4709,ＩＤ　ＨＬＤＧ,東P,"1,076",-3.0 (-0.28%) ,2.41,12.52,20.2,10.48,0.00,9.06,(連),3.72,,,,,
2026-08-21,470A,ローカル,東PRO,--,-- (--%) ,,,,,,,,,,,,,
2026-08-21,4712,ＫｅｙＨｏｌｄｅｒ,東S,795,+5.0 (+0.63%) ,0.66,17.45,3.9,4.41,0.00,-59.75,(連),1.26,,,,,
2026-08-21,4714,リソー教育グループ,東P,207,0.0 (0.00%) ,2.87,21.81,13.4,7.9,0.00,-7.01,(連),4.83,11.50,0.85,12.07,-1.52,3.54
2026-08-21,4716,日本オラクル,東S,"9,233",-152.0 (-1.62%) ,5.78,18.62,34.5,31.5,0.00,4.48,(単),9.29,541.75,1.88,0.11,0.78,7.70
2026-08-21,4718,早稲田アカデミー,東P,"2,436",+9.0 (+0.37%) ,2.72,18.10,15.7,10.52,0.00,10.22,(連),2.26,148.90,1.54,3.57,1.16,7.60
2026-08-21,4719,アルファシステムズ,東P,"3,415",+5.0 (+0.15%) ,1.06,12.78,8.4,12.14,0.00,12.56,(単),3.95,,,,,
2026-08-21,471A,ＮＳグループ,東P,"1,614",+15.0 (+0.94%) ,2.91,13.31,22.0,33.1,0.00,6.54,(連),2.17,,,,,
2026-08-21,4720,城南進学研究社,東S,240,-4.0 (-1.64%) ,1.39,393.44,0.3,1.37,0.00,135.09,(連),2.92,,,,,
2026-08-21,4722,フューチャー,東P,"2,446",0.0 (0.00%) ,,,,,,,,,140.55,2.72,-0.28,-8.66,7.82
2026-08-21,4725,ＣＡＣ　ＨＬＤＧ,東P,"1,960",+4.0 (+0.20%) ,0.95,10.24,9.0,5.1,26.28,-28.83,(連),5.10,,,,,
2026-08-21,4728,トーセ,東S,654,+4.0 (+0.62%) ,0.81,19.81,4.1,10.38,0.00,235.13,(連),3.82,,,,,
2026-08-21,472A,ミラティブ,東G,543,+36.0 (+7.10%) ,,,,,,,,,,,,,
2026-08-21,4732,ユー・エス・エス,東P,"1,960",-15.0 (-0.76%) ,4.39,22.08,20.1,52.56,0.00,10.40,(連),2.79,95.93,2.55,0.72,9.43,8.66
2026-08-21,4733,オービックビジネスコンサルタン,東P,"8,274",+23.0 (+0.28%) ,3.67,34.30,11.0,45.87,0.00,9.43,(単),1.34,266.56,2.94,0.54,-1.47,11.20
2026-08-21,4735,京進,東S,301,-4.0 (-1.31%) ,,,,,,,,,,,,,
2026-08-21,4736,日本ラッド,東S,587,-2.0 (-0.34%) ,0.88,18.81,4.7,4.09,0.00,-37.44,(連),1.70,,,,,
2026-08-21,473A,ニッセイＥＴＦ　日経２２５,東ETF,"1,325",-9.0 (-0.67%) ,,,,,,,,,,,,,
2026-08-21,4743,アイティフォー,東P,"1,690",+17.0 (+1.02%) ,2.17,16.21,13.9,16.7,0.00,10.52,(連),4.73,120.90,0.87,4.49,-1.06,13.34
2026-08-21,4746,東計電算,東S,"6,670",+240.0 (+3.73%) ,2.37,22.24,11.9,30.09,0.00,13.15,(連),2.59,,,,,
2026-08-21,4750,ダイサン,東S,569,-1.0 (-0.18%) ,0.64,13.92,4.6,2.41,21.56,-16.18,(連),3.87,,,,,
2026-08-21,4751,サイバーエージェント,東P,"1,305.5",-35.0 (-2.61%) ,3.6,20.88,18.9,8.2,0.00,72.98,(連),1.30,83.03,0.49,-0.09,36.60,8.67
2026-08-21,4752,昭和システムエンジニアリング,東S,"1,596",+13.0 (+0.82%) ,,,,,,,,,,,,,
2026-08-21,4754,トスネット,東S,"1,501",+1.0 (+0.07%) ,,,,,,,,,,,,,
2026-08-21,4755,楽天グループ,東P,780.8,+0.2 (+0.03%) ,,,,,,,,,,,,,
2026-08-21,475A,ギミック,東S,579,+4.0 (+0.70%) ,,,,,,,,,,,,,
2026-08-21,4760,アルファ,東S,"1,699",-2.0 (-0.12%) ,0.9,10.70,8.8,3.68,0.00,115.38,(連),3.53,,,,,
2026-08-21,4761,さくらケーシーエス,東S,"1,434",+9.0 (+0.63%) ,0.76,13.12,6.0,5.9,0.00,7.50,(連),3.84,,,,,
2026-08-21,4762,エックスネット,東S,"2,047",+37.0 (+1.84%) ,2.63,15.76,17.6,18.04,0.00,19.08,(単),2.32,,,,,
2026-08-21,4763,クリーク・アンド・リバー社,東P,"1,512",-2.0 (-0.13%) ,1.67,7.85,23.3,8.0,5.15,29.97,(連),3.31,165.30,-0.65,-0.88,-2.36,16.16
2026-08-21,4765,ＳＢＩグローバルアセットマネジ,東P,625,+7.0 (+1.13%) ,2.64,22.08,12.9,18.5,0.00,117.89,(連),3.64,,,,,
2026-08-21,4766,ピーエイ,東S,202,+1.0 (+0.50%) ,,,,,,,,,,,,,
2026-08-21,4767,テー・オー・ダブリュー,東S,401,+15.0 (+3.89%) ,,,,,,,,,,,,,
2026-08-21,4768,大塚商会,東P,"3,478",-8.0 (-0.23%) ,3.34,20.51,16.8,6.8,0.00,20.54,(連),2.59,172.68,11.03,1.05,10.20,11.23
2026-08-21,4769,ＩＣ,東S,--,-- (--%) ,1.34,17.68,7.8,5.09,0.00,9.60,(連),3.46,,,,,
2026-08-21,476A,辻・本郷ＩＴコンサルティング,東S,"1,598",+12.0 (+0.76%) ,,,,,,,,,,,,,
2026-08-21,4771,エフアンドエム,東S,"2,750",+35.0 (+1.29%) ,2.64,14.40,19.7,18.54,0.00,42.28,(連),1.85,,,,,
2026-08-21,4772,ＳＭ　ＥＮＴＥＲＴＡＩＮＭＥＮ,東G,71,-1.0 (-1.39%) ,1.1,21.91,5.5,1.7,0.00,-48.13,(連),2.82,,,,,
2026-08-21,4776,サイボウズ,東P,"3,090",+15.0 (+0.49%) ,8.02,20.17,48.1,26.99,0.00,93.53,(連),1.29,176.60,1.14,2.56,3.45,20.24
2026-08-21,4777,ガーラ,東S,200,-1.0 (-0.50%) ,,,,,,,,,,,,,
2026-08-21,477A,スタートライン,東G,682,+4.0 (+0.59%) ,,,,,,,,,,,,,
2026-08-21,4783,ＮＣＤ,東S,"2,652",+22.0 (+0.84%) ,2.53,11.65,22.9,8.55,0.00,-6.31,(連),4.52,226.30,-18.51,6.92,-15.76,3.10
2026-08-21,4784,ＧＭＯインターネット,東P,603,+31.0 (+5.42%) ,11.9,29.73,59.0,10.47,0.00,"5,426.49",(連),3.04,20.10,-32.06,3.40,3.63,151.63
2026-08-21,478A,フツパー,東G,795,-1.0 (-0.13%) ,,,,,,,,,,,,,
2026-08-21,4792,山田コンサルティンググループ,東P,"1,741",+12.0 (+0.69%) ,1.68,11.50,15.2,14.0,0.00,-9.44,(連),4.42,,,,,
2026-08-21,479A,ＰＲＯＮＩ,東G,"1,888",-27.0 (-1.41%) ,,,,,,,,,,,,,
2026-08-21,4800,オリコン,東S,"1,358",0.0 (0.00%) ,,,,,,,,,81.80,0.24,-2.35,3.75,14.99
2026-08-21,4801,セントラルスポーツ,東P,"2,478",-7.0 (-0.28%) ,1.04,21.60,4.9,5.48,0.00,48.10,(連),1.61,,,,,
2026-08-21,4809,パラカ,東P,"2,074",+5.0 (+0.24%) ,1.01,10.25,10.2,18.53,0.00,6.23,(単),3.23,,,,,
2026-08-21,480A,リブ・コンサルティング,東G,886,+20.0 (+2.31%) ,,,,,,,,,,,,,
2026-08-21,4811,ドリーム・アーツ,東G,850,+17.0 (+2.04%) ,3.39,13.03,29.0,17.23,0.00,40.08,(連),2.35,,,,,
2026-08-21,4812,電通総研,東P,"2,752",+7.0 (+0.26%) ,5.36,32.83,17.1,13.88,0.00,11.97,(連),1.45,94.15,2.37,-0.23,-0.59,9.35
2026-08-21,4813,ＡＣＣＥＳＳ,東P,452,+5.0 (+1.12%) ,,,,,,,,,,,,,
2026-08-21,4814,ネクストウェア,東S,160,-3.0 (-1.84%) ,,,,,,,,,,,,,
2026-08-21,4816,東映アニメーション,東S,"2,835",-31.0 (-1.08%) ,3.39,23.11,15.5,33.11,44.08,0.83,(連),1.55,112.32,-3.02,1.11,-3.55,0.41
2026-08-21,4819,デジタルガレージ,東P,"2,285",-25.0 (-1.08%) ,,,,,,,,,56.20,0.41,-13.61,-38.66,16.82
2026-08-21,481A,ＪＳｅｃｕｒｉｔｙ,東PRO,--,-- (--%) ,,,,,,,,,,,,,
2026-08-21,4820,イーエムシステムズ,東P,609,-2.0 (-0.33%) ,2.07,17.18,12.0,15.54,0.00,-16.80,(連),6.40,22.40,-0.74,-47.30,-51.25,-3.77
2026-08-21,4825,ウェザーニューズ,東P,"2,076",-24.0 (-1.14%) ,3.86,24.21,16.8,21.42,24.66,22.11,(連),4.09,90.60,4.11,1.03,6.55,5.17
2026-08-21,4826,ＣＩＪ,東P,548,+9.0 (+1.67%) ,2.14,21.00,10.3,8.07,0.00,10.59,(連),2.74,,,,,
2026-08-21,4828,ビジネスエンジニアリング,東P,"1,425",-17.0 (-1.18%) ,,,,,,,,,77.90,-3.90,0.00,16.67,14.00
2026-08-21,4829,日本エンタープライズ,東S,110,0.0 (0.00%) ,,,,,,,,,,,,,
2026-08-21,4832,ＪＦＥシステムズ,東S,"1,980",+24.0 (+1.23%) ,1.75,14.58,12.5,11.05,0.00,-15.82,(連),3.43,,,,,
2026-08-21,4833,Ｄｅｆ　ｃｏｎｓｕｌｔｉｎｇ,東G,70,+18.0 (+34.62%) ,,,,,,,,,,,,,
2026-08-21,4838,スペースシャワーＳＫＩＹＡＫＩ,東S,691,+6.0 (+0.88%) ,,,,,,,,,,,,,
2026-08-21,4839,ＷＯＷＯＷ,東P,"1,018",+7.0 (+0.69%) ,,,,,,,,,,,,,
2026-08-21,483A,テラテクノロジー,東S,"2,174",+14.0 (+0.65%) ,,,,,,,,,,,,,
2026-08-21,4840,トライアイズ,東S,534,0.0 (0.00%) ,,,,,,,,,,,,,
2026-08-21,4845,スカラ,東S,359,-3.0 (-0.83%) ,,,,,,,,,,,,,
2026-08-21,4847,インテリジェント　ウェイブ,東P,"1,319",+7.0 (+0.53%) ,,,,,,,,,,,,,
2026-08-21,4848,フルキャストＨＬＤＧ,東P,"1,884",-1.0 (-0.05%) ,2.13,13.77,16.1,10.25,0.00,6.37,(連),3.34,156.60,0.83,-0.45,-4.62,25.84
2026-08-21,4849,エン,東P,"1,594",+8.0 (+0.50%) ,1.89,24.00,7.7,6.7,10.64,-29.48,(連),2.05,118.90,0.17,14.58,13.30,-8.34
2026-08-21,484A,ニューズドテック,東PRO,--,-- (--%) ,,,,,,,,,,,,,
2026-08-21,485A,パワーエックス,東G,"1,739",+22.0 (+1.28%) ,,,,,,,,,,,,,
2026-08-21,486A,ＮＦ　ユーロ５０　ヘッジなし,東ETF,"2,285",+9.0 (+0.40%) ,,,,,,,,,,,,,
2026-08-21,4875,メディシノバ,東S,216,+3.0 (+1.41%) ,,,,,,,,,,,,,
2026-08-21,487A,ＮＦ　ドイツＤＡＸ　ヘッジなし,東ETF,"2,125",+5.0 (+0.24%) ,,,,,,,,,,,,,
2026-08-21,4880,セルソース,東S,356,+5.0 (+1.42%) ,1.17,659.26,0.2,4.47,0.00,-29.24,(連),1.40,3.00,0.26,-166.67,-66.67,-9.08
2026-08-21,4881,ファンペップ,東G,51,+1.0 (+2.00%) ,,,,,,,,,,,,,
2026-08-21,4882,ペルセウスプロテオミクス,東G,147,-1.0 (-0.68%) ,,,,,,,,,,,,,
2026-08-21,4883,モダリス,東G,33,0.0 (0.00%) ,,,,,,,,,,,,,
2026-08-21,4884,クリングルファーマ,東G,430,-15.0 (-3.37%) ,,,,,,,,,,,,,
2026-08-21,4885,室町ケミカル,東S,900,+1.0 (+0.11%) ,,,,,,,,,,,,,
2026-08-21,4886,あすか製薬ＨＬＤＧ,東P,"2,170",-57.0 (-2.56%) ,0.88,11.35,8.0,8.2,0.00,10.93,(連),2.76,164.40,-0.97,-15.51,-12.87,6.77
2026-08-21,4887,サワイグループＨＬＤＧ,東P,"1,632",-13.0 (-0.79%) ,1.06,18.06,5.9,7.88,0.00,351.53,(連),3.37,154.24,0.15,-3.13,-11.77,5.64
2026-08-21,4888,ステラファーマ,東G,347,-3.0 (-0.86%) ,,,,,,,,,,,,,
2026-08-21,4889,レナサイエンス,東G,"1,302",-66.0 (-4.82%) ,,,,,,,,,,,,,
2026-08-21,488A,ｉＳ　円高フォーカス　ＥＴＦ,東ETF,767.6,-2.1 (-0.27%) ,,,,,,,,,,,,,
2026-08-21,4890,坪田ラボ,東G,277,-4.0 (-1.42%) ,,,,,,,,,,,,,
2026-08-21,4891,ティムス,東G,110,-2.0 (-1.79%) ,,,,,,,,,,,,,
2026-08-21,4892,サイフューズ,東G,565,-5.0 (-0.88%) ,,,,,,,,,,,,,
2026-08-21,4893,ノイルイミューン・バイオ,東G,144,+4.0 (+2.86%) ,,,,,,,,,,,,,
2026-08-21,4894,クオリプス,東G,"5,190",-70.0 (-1.33%) ,,,,,,,,,,,,,
2026-08-21,4896,ケイファーマ,東G,761,-16.0 (-2.06%) ,,,,,,,,,,,,,
2026-08-21,489A,ＪＲＥＩＴ物流フォーカスＥＴＦ,東ETF,888,0.0 (0.00%) ,,,,,,,,,,,,,
2026-08-21,4901,富士フイルムＨＬＤＧ,東P,"3,217",-3.0 (-0.09%) ,1.01,14.01,6.5,10.43,65.19,7.64,(連),2.18,237.03,4.23,0.01,-1.28,4.69
2026-08-21,4902,コニカミノルタ,東P,648.3,+5.4 (+0.84%) ,0.6,10.58,6.1,4.58,83.98,154.84,(連),1.85,59.30,-3.41,-0.25,15.08,-1.93
2026-08-21,490A,センス・トラスト,東PRO,--,-- (--%) ,,,,,,,,,,,,,
2026-08-21,4911,資生堂,東P,"3,696",+28.0 (+0.76%) ,,,,,,,,,106.49,-0.17,0.07,11.80,0.71
2026-08-21,4912,ライオン,東P,"1,894",-15.5 (-0.81%) ,1.62,18.99,9.0,8.62,38.20,22.28,(連),1.58,91.19,-2.44,0.12,16.58,2.75
2026-08-21,4914,高砂香料工業,東P,"1,315",+37.0 (+2.90%) ,0.84,13.46,6.4,3.61,67.22,-37.88,(連),3.95,,,,,
2026-08-21,4918,アイビー化粧品,東S,301,0.0 (0.00%) ,1.15,13.41,6.4,7.38,0.00,-54.29,(単),4.98,,,,,
2026-08-21,4919,ミルボン,東P,"3,255",+20.0 (+0.62%) ,2.11,30.63,7.0,10.69,25.83,-21.71,(連),2.70,141.47,0.69,2.48,-21.75,4.25
2026-08-21,491A,ｉＳＳＰ５００　除く金融ヘジ,東ETF,--,-- (--%) ,,,,,,,,,,,,,
2026-08-21,4920,日本色材工業研究所,東S,"1,138",-2.0 (-0.18%) ,0.55,7.02,8.3,1.08,0.00,-58.86,(連),2.64,,,,,
2026-08-21,4922,コーセーＨＬＤＧ,東P,"5,893",+89.0 (+1.53%) ,1.18,22.25,5.4,5.59,34.79,-0.85,(連),2.38,214.61,-1.43,1.04,-18.66,3.26
2026-08-21,4923,コタ,東P,"1,253",+6.0 (+0.48%) ,,,,,,,,,,,,,
2026-08-21,4925,ハーバー研究所,東S,"1,717",-4.0 (-0.23%) ,0.68,8.54,8.2,5.99,0.00,16.45,(連),2.33,,,,,
2026-08-21,4926,シーボン,東S,"1,244",-9.0 (-0.72%) ,,,,,,,,,,,,,
2026-08-21,4927,ポーラ・オルビスＨＬＤＧ,東P,"1,406",0.0 (0.00%) ,1.91,32.84,5.8,9.22,12.99,5.84,(連),3.70,45.71,4.54,0.68,-3.08,0.30
2026-08-21,4928,ノエビアＨＬＤＧ,東P,"4,875",+5.0 (+0.10%) ,3.1,20.74,15.0,17.11,0.00,1.55,(連),4.72,232.80,-21.38,-2.19,-7.08,0.06
2026-08-21,4929,アジュバンＨＬＤＧ,東S,738,0.0 (0.00%) ,1.4,41.32,3.4,4.46,0.00,48.15,(連),1.63,,,,,
2026-08-21,492A,Ｏｎｅ日本高クーポン１０年未,東ETF,967.5,-0.5 (-0.05%) ,,,,,,,,,,,,,
2026-08-21,4931,新日本製薬,東P,"2,085",+8.0 (+0.39%) ,1.93,17.31,11.5,11.62,0.00,19.11,(連),2.49,160.50,0.39,-0.79,0.60,4.47
2026-08-21,4932,アルマード,東S,766,+1.0 (+0.13%) ,,,,,,,,,,,,,
2026-08-21,4933,Ｉ−ｎｅ,東P,"1,441",+19.0 (+1.34%) ,,,,,,,,,86.10,-0.59,7.61,-13.16,7.39
2026-08-21,4934,プレミアアンチエイジング,東G,598,+6.0 (+1.01%) ,0.79,11.05,7.4,3.82,0.00,272.05,(連),0.00,37.80,-0.52,-25.00,-2.50,-15.90
2026-08-21,4935,リベルタ,東S,211,-4.0 (-1.86%) ,3.99,137.01,2.9,1.33,7.33,-2.00,(連),0.95,,,,,
2026-08-21,4936,アクシージア,東S,321,-1.0 (-0.31%) ,0.97,21.15,4.4,3.81,74.66,-51.16,(連),3.12,6.60,-0.86,-60.00,-63.33,5.42
2026-08-21,4937,Ｗａｑｏｏ,東G,"2,457",+102.0 (+4.33%) ,4.14,199.43,2.1,7.65,0.00,166.67,(連),0.00,,,,,
2026-08-21,493A,Ｏｎｅ　日本国債　１−３年,東ETF,996.8,0.0 (0.00%) ,,,,,,,,,,,,,
2026-08-21,494A,Ｏｎｅ　日本国債　３−７年,東ETF,--,-- (--%) ,,,,,,,,,,,,,
2026-08-21,4951,エステー,東P,"1,538",+14.0 (+0.92%) ,,,,,,,,,,,,,
2026-08-21,4956,コニシ,東P,"1,440",-3.0 (-0.21%) ,1.02,11.53,9.2,7.66,0.00,-0.86,(連),2.64,,,,,
2026-08-21,4958,長谷川香料,東P,"3,385",+45.0 (+1.35%) ,1.11,19.97,5.7,11.59,49.55,-4.47,(連),2.19,190.40,1.42,-3.67,-5.41,4.54
2026-08-21,495A,Ｏｎｅ　日本国債　７−１０年,東ETF,--,-- (--%) ,,,,,,,,,,,,,
2026-08-21,4960,ケミプロ化成,東S,503,-6.0 (-1.18%) ,1.62,27.49,6.0,3.81,9.43,-26.01,(単),0.99,,,,,
2026-08-21,4966,上村工業,東S,"19,320",-850.0 (-4.21%) ,2.66,22.35,12.5,23.24,66.76,10.20,(連),1.50,"1,049.63",0.90,1.51,15.36,9.97
2026-08-21,4967,小林製薬,東P,"5,634",+1.0 (+0.02%) ,1.98,114.54,1.7,9.0,28.35,-36.73,(連),1.85,137.73,0.23,-2.92,-30.78,2.12
2026-08-21,4968,荒川化学工業,東P,"2,214",-103.0 (-4.45%) ,0.7,19.95,3.6,3.04,42.88,179.86,(連),2.26,161.30,0.32,8.11,-2.44,4.79
2026-08-21,496A,Ｏｎｅ　日本国債　１７−２０年,東ETF,938.2,-3.6 (-0.38%) ,,,,,,,,,,,,,
2026-08-21,4970,東洋合成工業,東S,"11,390",-50.0 (-0.44%) ,3.29,33.57,10.3,8.74,30.39,-10.13,(単),0.35,501.03,0.48,-1.83,2.51,11.55
2026-08-21,4971,メック,東P,"6,760",-280.0 (-3.98%) ,4.05,24.84,17.5,27.44,65.10,29.24,(連),1.42,320.84,1.23,3.88,45.79,18.24
2026-08-21,4972,綜研化学,東S,"3,345",+5.0 (+0.15%) ,1.34,13.71,10.2,12.86,62.82,-1.58,(連),2.24,253.10,3.51,8.62,-12.50,3.98
2026-08-21,4973,日本高純度化学,東P,"4,600",-35.0 (-0.76%) ,1.48,14.75,11.5,3.19,51.94,18.11,(単),4.35,269.70,-1.27,0.00,97.27,16.10
2026-08-21,4975,ＪＣＵ,東P,"5,450",+10.0 (+0.18%) ,2.46,14.90,17.7,40.97,78.21,13.98,(連),1.74,361.85,-14.13,0.20,6.30,8.77
2026-08-21,4976,東洋ドライルーブ,東S,"1,471",-69.0 (-4.48%) ,,,,,,,,,,,,,
2026-08-21,4977,新田ゼラチン,東S,"1,202",-1.0 (-0.08%) ,0.9,6.66,14.6,12.26,48.97,15.39,(連),2.50,131.80,-0.34,6.67,9.09,5.35
2026-08-21,4978,リプロセル,東G,150,-4.0 (-2.60%) ,,,,,,,,,,,,,
2026-08-21,4979,ＯＡＴアグリオ,東S,"2,766",+114.0 (+4.30%) ,1.48,12.01,13.4,10.8,72.34,10.52,(連),2.17,,,,,
2026-08-21,497A,インバウンド消費関連　日本株,東ETF,--,-- (--%) ,,,,,,,,,,,,,
2026-08-21,4980,デクセリアルズ,東P,"2,896",-77.5 (-2.61%) ,4.44,17.40,27.3,33.47,49.28,-2.47,(連),2.00,168.00,19.39,-1.25,12.45,5.36
2026-08-21,4985,アース製薬,東P,"4,920",+20.0 (+0.41%) ,1.43,20.50,7.3,4.51,0.00,20.76,(連),2.54,277.62,1.13,1.06,11.22,5.55
2026-08-21,498A,防衛・航空宇宙　欧州株,東ETF,"9,821",-118.0 (-1.19%) ,,,,,,,,,,,,,
2026-08-21,4990,昭和化学工業,東S,505,+1.0 (+0.20%) ,0.57,8.61,7.1,4.81,59.20,40.28,(連),1.98,,,,,
2026-08-21,4992,北興化学工業,東S,"2,055",-3.0 (-0.15%) ,1.0,12.10,9.0,10.0,19.01,6.89,(連),2.24,182.30,1.55,1.59,-3.03,5.59
2026-08-21,4994,大成ラミックグループ,東S,"2,809",+74.0 (+2.71%) ,0.66,11.19,6.1,7.44,19.85,4.42,(連),2.49,,,,,
2026-08-21,4996,クミアイ化学工業,東P,796,+9.0 (+1.14%) ,0.66,21.88,3.0,6.2,59.27,-26.98,(連),3.02,63.04,0.17,-2.46,-21.35,2.44
2026-08-21,4997,日本農薬,東P,"1,219",+13.0 (+1.08%) ,1.12,13.20,8.9,9.73,69.96,48.56,(連),2.95,,,,,
2026-08-21,4998,フマキラー,東S,"1,188",+9.0 (+0.76%) ,0.73,16.22,4.6,2.83,65.57,-10.24,(連),2.02,85.00,0.86,-28.77,-27.78,6.20
2026-08-21,499A,ラグジュアリー厳選１０欧州株,東ETF,"8,856",-117.0 (-1.30%) ,,,,,,,,,,,,,
2026-08-21,500A,ＴＯブックス,東S,"3,245",-50.0 (-1.52%) ,,,,,,,,,,,,,
2026-08-21,5010,日本精蝋,東S,315,-3.0 (-0.94%) ,0.98,8.92,11.6,5.93,27.85,-59.57,(連),0.00,,,,,
2026-08-21,5011,ニチレキグループ,東P,"2,379",-1.0 (-0.04%) ,0.85,15.89,5.5,7.8,0.00,-13.76,(連),3.36,161.70,1.84,-16.18,-16.18,-0.49
2026-08-21,5013,ユシロ,東S,"3,040",-10.0 (-0.33%) ,0.83,8.40,10.5,8.77,61.61,-6.97,(連),3.68,,,,,
2026-08-21,5015,ビーピー・カストロール,東S,"1,004",+4.0 (+0.40%) ,2.29,21.94,10.5,10.63,0.00,16.15,(単),4.58,,,,,
2026-08-21,5016,ＪＸ金属,東P,"3,591",-33.0 (-0.91%) ,4.58,31.80,15.6,19.78,35.21,57.32,(連),0.86,170.43,0.42,3.13,111.92,18.36
2026-08-21,5018,ＭＯＲＥＳＣＯ,東S,"2,255",+36.0 (+1.62%) ,0.88,13.57,6.8,6.79,41.93,48.49,(連),2.44,,,,,
2026-08-21,5019,出光興産,東P,"1,383.5",+34.0 (+2.52%) ,0.88,9.86,9.4,2.62,31.44,6.93,(連),2.60,123.30,-0.90,-0.32,27.58,1.82
2026-08-21,501A,プレシャスパートナーズ,東PRO,--,-- (--%) ,,,,,,,,,,,,,
2026-08-21,5020,ＥＮＥＯＳ　ＨＬＤＧ,東P,"1,331",+28.0 (+2.15%) ,1.06,13.84,8.0,3.97,25.30,408.68,(連),2.55,130.71,0.28,-2.42,32.42,2.11
2026-08-21,5021,コスモエネルギーＨＬＤＧ,東P,"4,266",+52.0 (+1.23%) ,1.12,9.42,12.4,5.41,3.96,-1.00,(連),3.87,382.42,-0.71,3.44,-17.04,3.93
2026-08-21,5025,マーキュリー,東G,575,0.0 (0.00%) ,1.38,9.17,17.0,4.62,0.00,-50.60,(単),0.00,,,,,
2026-08-21,5026,トリプルアイズ,東G,603,-2.0 (-0.33%) ,,,,,,,,,,,,,
2026-08-21,5027,ＡｎｙＭｉｎｄ　Ｇｒｏｕｐ,東G,803,+17.0 (+2.16%) ,,,,,,,,,38.60,0.14,0.25,12.76,26.12
2026-08-21,5028,セカンドサイトアナリティカ,東G,354,+4.0 (+1.14%) ,2.95,27.55,13.7,11.91,0.00,7.55,(連),0.00,,,,,
2026-08-21,5029,サークレイス,東G,763,-5.0 (-0.65%) ,2.62,16.02,18.3,5.86,0.00,29.41,(連),0.00,,,,,
2026-08-21,502A,ＧＸ　超短期円建て債券　ＥＴＦ,東ETF,900.9,-0.1 (-0.01%) ,,,,,,,,,,,,,
2026-08-21,5031,モイ,東G,331,-4.0 (-1.19%) ,2.34,45.47,5.3,5.07,0.00,51.95,(単),0.00,,,,,
2026-08-21,5032,ＡＮＹＣＯＬＯＲ,東P,"2,830",-20.0 (-0.70%) ,6.29,12.22,57.6,36.23,13.00,24.57,(単),2.65,248.81,1.54,-1.33,-6.77,19.22
2026-08-21,5033,ヌーラボ,東G,858,-5.0 (-0.58%) ,,,,,,,,,,,,,
2026-08-21,5034,ｕｎｅｒｒｙ,東G,"2,113",+13.0 (+0.62%) ,3.91,23.70,18.2,8.35,0.00,135.07,(単),0.00,,,,,
2026-08-21,5035,ＨＯＵＳＥＩ,東G,360,-2.0 (-0.55%) ,,,,,,,,,,,,,
2026-08-21,5036,日本ビジネスシステムズ,東P,"1,641",+12.0 (+0.74%) ,2.76,13.29,22.6,4.4,0.00,60.72,(連),2.44,155.40,0.41,12.50,12.50,23.98
2026-08-21,5037,フィットワークス,東PRO,--,-- (--%) ,0.73,6.00,8.3,8.26,0.00,11.11,(連),0.35,,,,,
2026-08-21,5038,ｅＷｅＬＬ,東G,"2,256",+18.0 (+0.80%) ,10.19,31.44,37.6,45.31,0.00,35.85,(単),0.71,88.20,1.11,-0.41,-4.00,27.40
2026-08-21,503A,ベルチャイルド,東PRO,--,-- (--%) ,,,,,,,,,,,,,
2026-08-21,504A,イノバセル,東G,633,+42.0 (+7.11%) ,,,,,,,,,,,,,
2026-08-21,505A,ギークリー,東S,"1,334",-44.0 (-3.19%) ,,,,,,,,,,,,,
2026-08-21,506A,シンカナース,東PRO,--,-- (--%) ,,,,,,,,,,,,,
2026-08-21,5071,ヴィス,東S,"1,365",+13.0 (+0.96%) ,1.45,8.35,18.4,11.78,0.00,0.79,(連),3.59,,,,,
2026-08-21,5072,アートフォースジャパン,東PRO,--,-- (--%) ,,,,,,,,,,,,,
2026-08-21,5074,テスＨＬＤＧ,東P,611,-23.0 (-3.63%) ,,,,,,,,,38.95,0.55,0.00,24.24,28.95
2026-08-21,5075,アップコン,名N,"1,036",-1.0 (-0.10%) ,2.36,14.39,17.9,30.27,0.00,27.00,(単),1.16,,,,,
2026-08-21,5076,インフロニア・ＨＬＤＧ,東P,"2,755",+10.0 (+0.36%) ,1.14,9.32,13.6,6.74,0.00,115.54,(連),4.36,213.70,-0.46,5.13,71.00,25.34
2026-08-21,5077,ハンズ,東PRO,--,-- (--%) ,0.51,2.86,19.6,11.7,0.00,90.57,(単),2.44,,,,,
2026-08-21,5078,セレ,東S,"4,765",+35.0 (+0.74%) ,0.76,14.07,5.5,8.38,0.00,-16.53,(連),2.83,,,,,
2026-08-21,5079,ノバック,東S,"2,615",+23.0 (+0.89%) ,0.72,11.45,6.4,5.31,0.00,104.10,(連),4.59,,,,,
2026-08-21,507A,デジタル・ナレッジ,東PRO,--,-- (--%) ,,,,,,,,,,,,,
2026-08-21,509A,グリーンライト・再エネインフラ,東IF,"71,600",+300.0 (+0.42%) ,,,,,,,,,,,,,
2026-08-21,5101,横浜ゴム,東P,"7,494",-68.0 (-0.90%) ,1.15,11.21,11.0,12.38,74.20,36.26,(連),1.79,762.27,0.71,0.41,29.67,9.92
2026-08-21,5103,昭和ＨＬＤＧ,東S,1,-2.0 (-66.67%) ,,,,,,,,,,,,,
2026-08-21,5105,ＴＯＹＯ　ＴＩＲＥ,東P,"3,811",+22.0 (+0.58%) ,1.12,9.23,12.8,16.36,81.26,-0.77,(連),3.41,465.15,0.65,0.60,0.89,5.52
2026-08-21,5108,ブリヂストン,東P,"4,117",+28.0 (+0.68%) ,1.44,16.74,8.9,8.61,71.63,-15.84,(連),2.79,285.15,0.90,0.47,-6.85,2.32
2026-08-21,510A,ハートアップ,東PRO,--,-- (--%) ,,,,,,,,,,,,,
2026-08-21,5110,住友ゴム工業,東P,"2,297",+1.0 (+0.04%) ,0.84,11.99,7.3,6.84,70.01,378.67,(連),3.35,227.89,0.53,0.30,-1.28,4.02
2026-08-21,511A,ヴァンガードスミス,東PRO,--,-- (--%) ,,,,,,,,,,,,,
2026-08-21,5121,藤倉コンポジット,東P,"2,745",-20.0 (-0.72%) ,1.34,13.16,10.3,12.02,43.25,1.07,(連),2.77,212.60,6.80,1.75,-6.45,0.21
2026-08-21,5122,オカモト,東P,"6,670",+100.0 (+1.52%) ,1.03,23.58,4.7,5.78,38.70,-11.97,(連),1.80,,,,,
2026-08-21,5125,ファインズ,東G,475,0.0 (0.00%) ,0.98,9.37,11.2,12.44,0.00,1.17,(単),0.00,,,,,
2026-08-21,5126,ポーターズ,東G,"1,427",+7.0 (+0.49%) ,1.69,17.80,9.5,16.75,0.00,-4.91,(連),0.00,,,,,
2026-08-21,5129,ＦＩＸＥＲ,東G,251,+6.0 (+2.45%) ,,,,,,,,,,,,,
2026-08-21,512A,ＧＸ　ステコ＆トークン　ＥＴＦ,東ETF,"1,148",+5.0 (+0.44%) ,,,,,,,,,,,,,
2026-08-21,5130,ヒロＨＬＤＧ,東PRO,--,-- (--%) ,0.83,1.13,114.8,8.05,0.00,226.87,(連),4.43,,,,,
2026-08-21,5131,リンカーズ,東G,120,+1.0 (+0.84%) ,,,,,,,,,,,,,
2026-08-21,5132,ｐｌｕｓｚｅｒｏ,東G,"2,023",-46.0 (-2.22%) ,10.4,42.81,27.7,33.37,0.00,106.77,(単),0.00,,,,,
2026-08-21,5133,テリロジーＨＬＤＧ,東S,312,+3.0 (+0.97%) ,1.62,15.38,11.4,5.16,0.00,100.61,(連),1.67,,,,,
2026-08-21,5134,ＰＯＰＥＲ,東G,494,+3.0 (+0.61%) ,2.23,14.01,17.4,12.52,0.00,145.71,(単),0.00,,,,,
2026-08-21,5135,ＡＩＲ−Ｕ,東PRO,--,-- (--%) ,,,,,,,,,,,,,
2026-08-21,5136,ｔｒｉｐｌａ,東G,"1,987",-3.0 (-0.15%) ,7.1,23.28,37.2,20.17,0.00,136.99,(連),0.00,106.10,0.77,13.79,23.75,36.71
2026-08-21,5137,スマートドライブ,東G,303,+6.0 (+2.02%) ,,,,,,,,,19.70,0.24,-23.44,-18.33,38.19
2026-08-21,5138,Ｒｅｂａｓｅ,東G,449,-5.0 (-1.10%) ,,,,,,,,,10.20,-1.36,-12.50,-90.00,11.60
2026-08-21,5139,オープンワーク,東G,957,0.0 (0.00%) ,2.89,23.79,12.6,25.76,0.00,16.94,(単),0.00,,,,,
2026-08-21,513A,ＧＸ防衛テック　日株　ＥＴＦ,東ETF,840,-21.0 (-2.44%) ,,,,,,,,,,,,,
2026-08-21,5142,アキレス,東P,"1,982",-34.0 (-1.69%) ,0.63,12.80,5.1,3.63,26.20,"1,881.36",(連),2.02,,,,,
2026-08-21,514A,孫の手,東PRO,--,-- (--%) ,,,,,,,,,,,,,
2026-08-21,515A,ｉＳ　高格付け日本円社債,東ETF,501.2,-0.5 (-0.10%) ,,,,,,,,,,,,,
2026-08-21,5161,西川ゴム工業,東S,"3,550",+70.0 (+2.01%) ,1.46,12.08,12.5,7.41,56.49,46.90,(連),5.15,,,,,
2026-08-21,5162,朝日ラバー,東S,790,+7.0 (+0.89%) ,0.71,22.53,3.2,2.51,23.99,509.68,(連),2.53,20.10,-0.91,-56.67,-56.67,3.60
2026-08-21,516A,ｉＦ　米ドル・ブル　１倍,東ETF,"2,057",-20.0 (-0.96%) ,,,,,,,,,,,,,
2026-08-21,517A,ｉＦ　米ドル・ベア　１倍,東ETF,"1,931",-5.0 (-0.26%) ,,,,,,,,,,,,,
2026-08-21,5184,ニチリン,東S,"4,140",-5.0 (-0.12%) ,0.9,9.90,9.4,12.3,73.04,-11.10,(連),4.25,,,,,
2026-08-21,5185,フコク,東P,"2,051",-7.0 (-0.34%) ,0.71,27.84,2.7,4.23,79.34,-15.43,(連),4.14,,,,,
2026-08-21,5186,ニッタ,東P,"6,560",-20.0 (-0.30%) ,1.09,13.37,8.5,6.38,33.21,1.43,(連),2.44,474.70,-4.31,-4.97,-6.13,2.10
2026-08-21,5187,クリエートメディック,東S,"1,138",-5.0 (-0.44%) ,0.58,13.51,4.4,7.38,33.77,31.73,(連),3.95,,,,,
2026-08-21,5189,櫻護謨,東S,"3,480",-25.0 (-0.71%) ,0.67,10.11,7.0,8.47,0.00,81.93,(連),2.87,,,,,
2026-08-21,518A,ＮＦ　ＦＴＳＥ日株高配ＣＦ５０,東ETF,"2,062",+12.0 (+0.59%) ,,,,,,,,,,,,,
2026-08-21,5192,三ツ星ベルト,東P,"4,360",+5.0 (+0.11%) ,1.2,16.56,7.5,9.4,55.88,11.19,(連),4.38,336.20,0.47,-3.14,-9.31,2.85
2026-08-21,5194,相模ゴム工業,東S,630,-9.0 (-1.41%) ,0.59,24.13,2.5,3.05,31.57,12.45,(連),1.59,,,,,
2026-08-21,5195,バンドー化学,東P,"2,412",+12.0 (+0.50%) ,1.06,9.40,12.1,10.12,61.06,264.23,(連),4.98,200.50,-0.55,5.41,14.71,3.24
2026-08-21,5199,不二ラテックス,東S,"1,999",-2.0 (-0.10%) ,0.63,39.82,1.6,6.1,93.84,98.24,(連),4.05,,,,,
2026-08-21,519A,ベーシック,東G,497,+12.0 (+2.47%) ,,,,,,,,,,,,,
2026-08-21,5201,ＡＧＣ,東P,"5,802",+37.0 (+0.64%) ,0.83,17.79,4.7,6.19,68.32,349.27,(連),3.62,390.58,0.75,-0.33,-12.41,3.84
2026-08-21,5202,日本板硝子,東P,484,0.0 (0.00%) ,0.54,10.87,3.4,3.28,83.15,104.43,(連),0.00,,,,,
2026-08-21,5204,石塚硝子,東S,"2,999",-1.0 (-0.03%) ,0.33,4.81,7.3,6.99,7.29,4.55,(連),2.33,,,,,
2026-08-21,5208,有沢製作所,東P,"2,574",-17.0 (-0.66%) ,1.66,17.10,10.1,10.28,57.60,16.90,(連),4.74,149.50,-24.39,22.81,40.00,14.23
2026-08-21,520A,ジェイファーマ,東G,275,-6.0 (-2.14%) ,,,,,,,,,,,,,
2026-08-21,5210,日本山村硝子,東S,"2,968",+34.0 (+1.16%) ,0.53,9.28,5.9,5.23,4.38,36.49,(連),5.05,,,,,
2026-08-21,5214,日本電気硝子,東P,"4,795",-55.0 (-1.13%) ,0.73,12.54,6.1,10.96,86.48,203.94,(連),3.13,299.48,-0.75,-2.57,3.77,1.60
2026-08-21,5216,倉元製作所,東S,154,+3.0 (+1.99%) ,,,,,,,,,,,,,
2026-08-21,5218,オハラ,東S,"1,590",-15.0 (-0.93%) ,0.75,22.38,3.4,6.21,55.47,-11.52,(連),1.57,,,,,
2026-08-21,521A,ｉＦ　ＥＴＦ　ＦＡＮＧゴールド,東ETF,"2,087",+27.0 (+1.31%) ,,,,,,,,,,,,,
2026-08-21,522A,ＣＯＥＬ,東PRO,--,-- (--%) ,,,,,,,,,,,,,
2026-08-21,5232,住友大阪セメント,東P,"5,531",-60.0 (-1.07%) ,0.9,15.82,5.8,6.1,0.00,53.78,(連),2.17,324.80,-2.43,0.41,-29.61,3.37
2026-08-21,5233,太平洋セメント,東P,"4,187",+52.0 (+1.26%) ,0.69,18.38,3.8,8.31,39.49,-0.38,(連),2.39,461.85,0.09,-0.45,-26.18,5.48
2026-08-21,5237,ノザワ,東S,"1,194",0.0 (0.00%) ,,,,,,,,,,,,,
2026-08-21,523A,セイワＨＬＤＧ,東G,"1,688",-69.0 (-3.93%) ,,,,,,,,,,,,,
2026-08-21,5240,ｍｏｎｏＡＩ　ｔｅｃｈｎｏｌｏ,東G,218,-26.0 (-10.66%) ,,,,,,,,,,,,,
2026-08-21,5241,日本オーエー研究所,名M,769,-4.0 (-0.52%) ,,,,,,,,,,,,,
2026-08-21,5242,アイズ,東G,"1,938",+30.0 (+1.57%) ,,,,,,,,,,,,,
2026-08-21,5243,ｎｏｔｅ,東G,"2,550",-46.0 (-1.77%) ,14.84,95.04,19.5,6.18,0.00,249.33,(連),0.00,,,,,
2026-08-21,5244,ｊｉｇ．ｊｐ,東G,181,+2.0 (+1.12%) ,1.48,6.52,25.3,13.51,0.00,-1.99,(連),1.62,,,,,
2026-08-21,5246,ＥＬＥＭＥＮＴＳ,東G,853,-9.0 (-1.04%) ,,,,,,,,,,,,,
2026-08-21,5247,ＢＴＭ,東G,578,+5.0 (+0.87%) ,,,,,,,,,,,,,
2026-08-21,5248,テクノロジーズ,東G,498,0.0 (0.00%) ,5.5,31.58,19.2,18.45,0.00,4.79,(連),0.00,,,,,
2026-08-21,5249,あさかわシステムズ,東PRO,--,-- (--%) ,,,,,,,,,,,,,
2026-08-21,524A,田村ビルズグループ,東PRO,--,-- (--%) ,,,,,,,,,,,,,
2026-08-21,5250,ＧＭＯプライム・ストラテジー,東S,"1,031",+4.0 (+0.39%) ,2.55,33.60,7.6,16.12,0.00,-32.08,(連),2.13,,,,,
2026-08-21,5251,ウイズ・ワン,東PRO,--,-- (--%) ,,,,,,,,,,,,,
2026-08-21,5252,日本ナレッジ,東G,789,-13.0 (-1.62%) ,2.71,37.79,7.2,1.43,0.00,11.30,(連),1.27,,,,,
2026-08-21,5253,カバー,東G,"1,501",-39.0 (-2.53%) ,4.94,32.67,16.3,14.3,26.15,-11.23,(単),0.00,98.71,0.14,1.33,-30.49,10.71
2026-08-21,5254,Ａｒｅｎｔ,東G,"4,260",-115.0 (-2.63%) ,5.72,42.22,14.2,41.95,0.00,-9.68,(連),0.00,232.50,0.14,0.00,-37.50,40.47
2026-08-21,5255,モンスターラボ,東G,90,-2.0 (-2.17%) ,,,,,,,,,,,,,
2026-08-21,5256,Ｆｕｓｉｃ,東G,"2,470",-23.0 (-0.92%) ,,,,,,,,,,,,,
2026-08-21,5257,ノバシステム,東S,--,-- (--%) ,,,,,,,,,,,,,
2026-08-21,5258,トランザクション・メディア・,東G,441,+4.0 (+0.92%) ,,,,,,,,,,,,,
2026-08-21,525A,ｍａｎｅｂｉ,東PRO,--,-- (--%) ,,,,,,,,,,,,,
2026-08-21,5261,リソルＨＬＤＧ,東P,"7,720",+10.0 (+0.13%) ,,,,,,,,,,,,,
2026-08-21,5262,日本ヒューム,東P,"1,142",-7.0 (-0.61%) ,1.11,15.77,7.1,6.27,0.00,24.60,(連),2.10,66.70,-2.18,5.10,17.86,11.65
2026-08-21,5268,旭コンクリート工業,東S,830,+13.0 (+1.59%) ,,,,,,,,,,,,,
2026-08-21,5269,日本コンクリート工業,東P,384,+1.0 (+0.26%) ,,,,,,,,,29.50,0.10,52.94,18.18,2.76
2026-08-21,526A,ＪＰＸスターアップ急成長１００,東ETF,"2,285",0.0 (0.00%) ,,,,,,,,,,,,,
2026-08-21,5271,トーヨーアサノ,東S,"2,320",+18.0 (+0.78%) ,,,,,,,,,,,,,
2026-08-21,5273,三谷セキサン,東S,"1,968",+6.0 (+0.31%) ,1.36,10.05,14.5,17.62,0.00,26.59,(連),2.55,,,,,
2026-08-21,5279,日本興業,東S,"1,189",0.0 (0.00%) ,0.4,5.99,7.0,4.84,0.00,28.44,(連),4.63,,,,,
2026-08-21,527A,ＮＯＳＥ　ＳＨＯＰ,東PRO,--,-- (--%) ,,,,,,,,,,,,,
2026-08-21,5280,ヨシコン,東S,"2,194",+24.0 (+1.11%) ,0.52,5.81,9.4,13.4,0.00,-11.61,(連),3.87,,,,,
2026-08-21,5282,ジオスター,東S,399,-5.0 (-1.24%) ,,,,,,,,,65.30,0.62,76.47,50.00,-0.93
2026-08-21,5283,高見澤,東S,"3,145",+35.0 (+1.13%) ,,,,,,,,,,,,,
2026-08-21,5284,ヤマウＨＬＤＧ,東S,"2,258",+7.0 (+0.31%) ,0.99,6.21,16.9,16.68,0.00,-4.38,(連),4.87,,,,,
2026-08-21,5285,ヤマックス,東S,"1,407",+7.0 (+0.50%) ,1.34,6.59,22.0,11.16,0.00,7.76,(連),4.69,,,,,
2026-08-21,5287,イトーヨーギョー,東S,841,-10.0 (-1.18%) ,0.62,7.73,8.3,8.54,0.00,68.69,(単),2.62,,,,,
2026-08-21,5288,アジアパイルＨＬＤＧ,東P,"1,574",+19.0 (+1.22%) ,1.15,7.90,15.5,9.39,18.16,180.60,(連),3.49,217.90,0.77,4.35,42.86,9.11
2026-08-21,528A,フリースタイル,東PRO,--,-- (--%) ,,,,,,,,,,,,,
2026-08-21,5290,ベルテクスコーポレーション,東S,"1,161",-11.0 (-0.94%) ,,,,,,,,,107.40,-0.23,-0.62,10.42,18.39
2026-08-21,5301,東海カーボン,東P,"1,685",-24.0 (-1.40%) ,1.13,17.92,6.6,8.0,78.18,16.53,(連),1.78,71.76,-1.00,3.11,-17.99,4.07
2026-08-21,5302,日本カーボン,東P,"4,880",-45.0 (-0.91%) ,0.99,11.17,9.1,12.74,43.13,-23.74,(連),4.10,237.40,-0.45,-22.03,-35.21,2.01
2026-08-21,5304,ＳＥＣカーボン,東S,"2,535",-12.0 (-0.47%) ,,,,,,,,,,,,,
2026-08-21,530A,ＮＺＡＭ　東証ＲＥＩＴ指数,東ETF,"1,816",-13.0 (-0.71%) ,,,,,,,,,,,,,
2026-08-21,5310,東洋炭素,東P,"6,920",+10.0 (+0.14%) ,1.49,26.56,5.7,14.63,57.25,-39.98,(連),2.10,254.08,-10.90,0.49,-42.96,-4.26
2026-08-21,531A,ＮＺＡＭ　日経平均高配当５０,東ETF,"2,380",+99.0 (+4.34%) ,,,,,,,,,,,,,
2026-08-21,532A,ＮＺＡＭ　ＴＯＰＩＸ高４０,東ETF,"2,277",+50.0 (+2.25%) ,,,,,,,,,,,,,
2026-08-21,5331,ノリタケ,東P,"3,595",-40.0 (-1.10%) ,1.19,14.12,9.0,7.78,45.29,8.31,(連),2.50,266.30,2.98,-2.98,3.11,4.76
2026-08-21,5332,ＴＯＴＯ,東P,"6,351",-12.0 (-0.19%) ,1.98,26.13,7.7,7.29,34.85,20.49,(連),1.73,289.80,1.14,-0.06,4.00,4.05
2026-08-21,5333,ＮＧＫ,東P,"5,465",-102.0 (-1.83%) ,1.94,26.49,7.8,14.18,78.24,21.67,(連),1.46,311.23,0.35,0.45,42.16,8.04
2026-08-21,5334,日本特殊陶業,東P,"8,803",-130.0 (-1.46%) ,2.25,15.43,15.7,18.89,78.13,24.13,(連),2.33,571.43,89.00,1.77,16.47,9.21
2026-08-21,5337,ダントーＨＬＤＧ,東S,828,-1.0 (-0.12%) ,3.17,35.84,9.4,-13.51,0.00,34.11,(連),0.00,,,,,
2026-08-21,533A,ＮＺＡＭ　ＳＰ５００ヘッジなし,東ETF,"2,285",0.0 (0.00%) ,,,,,,,,,,,,,
2026-08-21,5341,ＡＳＡＨＩ　ＥＩＴＯＨＬＤＧ,東S,147,-1.0 (-0.68%) ,,,,,,,,,,,,,
2026-08-21,5342,ジャニス工業,名M,--,-- (--%) ,,,,,,,,,,,,,
2026-08-21,5343,ニッコー,名M,185,0.0 (0.00%) ,1.93,6.59,35.7,4.53,11.10,105.26,(連),0.00,,,,,
2026-08-21,5344,ＭＡＲＵＷＡ,東P,"54,100","-1,100.0 (-1.99%) ",4.53,36.75,13.2,33.54,72.63,-2.63,(連),0.19,"2,053.80",0.68,-2.15,-2.55,12.49
2026-08-21,534A,ＮＺＡＭ　ＮＡＳＤＡＱ１００,東ETF,"2,364",-18.0 (-0.76%) ,,,,,,,,,,,,,
2026-08-21,5351,品川リフラ,東P,"2,067",+15.0 (+0.73%) ,0.88,3.62,26.6,7.66,71.47,17.07,(連),4.35,,,,,
2026-08-21,5355,日本坩堝,東S,676,+2.0 (+0.30%) ,0.72,10.52,7.3,4.01,0.00,-3.33,(連),2.66,,,,,
2026-08-21,5356,美濃窯業,東S,"1,300",0.0 (0.00%) ,0.85,10.66,8.3,9.9,0.00,0.54,(連),3.23,,,,,
2026-08-21,5357,ヨータイ,東P,"1,762",+7.0 (+0.40%) ,,,,,,,,,,,,,
2026-08-21,535A,ＮＺＡＭ　ＤＡＸ　ヘッジなし,東ETF,"2,199",0.0 (0.00%) ,,,,,,,,,,,,,
2026-08-21,5363,東京窯業,東S,694,+1.0 (+0.14%) ,0.65,8.24,8.5,10.93,35.78,-15.18,(連),3.65,,,,,
2026-08-21,5367,ニッカトー,東S,"1,231",+14.0 (+1.15%) ,,,,,,,,,,,,,
2026-08-21,5368,日本インシュレーション,東S,"1,016",-3.0 (-0.29%) ,0.59,7.47,8.3,11.19,0.00,55.63,(連),3.94,,,,,
2026-08-21,536A,ＮＺＡＭ　先進国株　ヘッジなし,東ETF,"2,265",-9.0 (-0.40%) ,,,,,,,,,,,,,
2026-08-21,537A,ＮＺＡＭ　全世界株　ヘッジなし,東ETF,"1,136",-1.0 (-0.09%) ,,,,,,,,,,,,,
2026-08-21,5380,新東,東S,"1,285",+4.0 (+0.31%) ,,,,,,,,,,,,,
2026-08-21,5381,マイポックス,東S,941,+2.0 (+0.21%) ,1.47,25.98,5.8,4.8,61.78,-28.30,(連),1.06,,,,,
2026-08-21,5384,フジミインコーポレーテッド,東P,"3,650",-60.0 (-1.62%) ,3.23,29.89,11.3,19.92,77.96,15.66,(連),2.05,152.85,0.96,1.25,18.74,11.89
2026-08-21,5386,鶴弥,名M,381,0.0 (0.00%) ,,,,,,,,,,,,,
2026-08-21,5388,クニミネ工業,東S,"1,329",+20.0 (+1.53%) ,0.73,12.07,6.1,9.38,0.00,23.44,(連),3.01,,,,,
2026-08-21,538A,ＮＺＡＭ　米国国債　７−１０年,東ETF,"4,894",+7.0 (+0.14%) ,,,,,,,,,,,,,
2026-08-21,5391,エーアンドエーマテリアル,東S,"1,509",-6.0 (-0.40%) ,,,,,,,,,,,,,
2026-08-21,5393,ニチアス,東P,"3,236",-40.0 (-1.22%) ,2.57,19.54,13.9,14.69,20.58,-5.55,(連),1.69,183.81,1.62,1.10,7.11,4.44
2026-08-21,539A,ＮＺＡＭ　海外債券　除く日本,東ETF,"4,967",+7.0 (+0.14%) ,,,,,,,,,,,,,
2026-08-21,5401,日本製鉄,東P,659.4,-3.6 (-0.54%) ,0.62,201.04,0.3,2.41,51.70,-67.04,(連),3.64,54.28,0.01,1.82,-29.97,14.55
2026-08-21,5406,神戸製鋼所,東P,"2,024.5",+15.0 (+0.75%) ,0.63,8.51,7.7,5.33,34.80,-22.81,(連),3.95,248.98,1.72,-1.21,-4.92,0.13
2026-08-21,5408,中山製鋼所,東P,635,-6.0 (-0.94%) ,0.32,13.97,2.3,3.31,0.00,-40.81,(連),2.20,,,,,
2026-08-21,540A,上場日経銀行株トップ１０,東ETF,"2,000",+34.0 (+1.73%) ,,,,,,,,,,,,,
2026-08-21,5410,合同製鐵,東P,"2,970",-14.0 (-0.47%) ,0.3,5.39,5.8,5.12,0.00,-28.10,(連),6.06,,,,,
2026-08-21,5411,ＪＦＥＨＬＤＧ,東P,"1,845.5",-2.0 (-0.11%) ,,,,,,,,,192.68,0.13,1.08,-14.01,-0.31
2026-08-21,541A,ＯｎｅＴＯＰＩＸ高配当グロース,東ETF,"1,127",+1.0 (+0.09%) ,,,,,,,,,,,,,
2026-08-21,5423,東京製鐵,東P,"1,694",-2.0 (-0.12%) ,0.79,15.05,5.4,2.7,11.64,-72.69,(単),2.95,46.10,-0.62,0.43,-72.42,-2.90
2026-08-21,542A,ビタブリッドジャパン,東G,"1,110",+8.0 (+0.73%) ,,,,,,,,,,,,,
2026-08-21,543A,ＡＲＣＨＩＯＮ,東P,280,+4.0 (+1.45%) ,,,,,,,,,,,,,
2026-08-21,5440,共英製鋼,東P,"2,003",+5.0 (+0.25%) ,0.41,8.82,4.8,5.38,57.22,2.96,(連),4.49,187.17,-0.61,1.77,-21.74,5.14
2026-08-21,5444,大和工業,東P,"11,805",-240.0 (-1.99%) ,1.3,11.52,11.4,2.8,51.81,19.91,(連),3.39,985.48,-3.20,-1.55,10.58,0.02
2026-08-21,5445,東京鐵鋼,東P,"2,015",+9.0 (+0.45%) ,0.8,6.38,13.1,16.6,0.00,-20.05,(連),4.96,,,,,
2026-08-21,5446,北越メタル,東S,"1,082",+7.0 (+0.65%) ,,,,,,,,,,,,,
2026-08-21,5449,大阪製鐵,東S,"2,665",-54.0 (-1.99%) ,,,,,,,,,,,,,
2026-08-21,544A,ＧＭＳ　グループ,東P,365,+2.0 (+0.55%) ,,,,,,,,,,,,,
2026-08-21,5451,ヨドコウ,東P,"1,411",+3.0 (+0.21%) ,1.0,11.71,8.8,6.07,39.03,-18.72,(連),6.45,,,,,
2026-08-21,5458,高砂鐵工,東S,"1,364",-16.0 (-1.16%) ,0.8,11.31,7.4,4.68,0.00,9.98,(連),2.93,,,,,
2026-08-21,545A,トランヴィア,東P,984,+2.0 (+0.20%) ,,,,,,,,,,,,,
2026-08-21,5461,中部鋼鈑,東P,"2,079",+8.0 (+0.39%) ,,,,,,,,,,,,,
2026-08-21,5463,丸一鋼管,東P,"1,718",+4.5 (+0.26%) ,1.09,14.56,7.7,13.15,72.37,28.53,(連),2.61,124.10,2.67,15.69,15.36,0.81
2026-08-21,5464,モリ工業,東S,945,-2.0 (-0.21%) ,0.61,10.69,5.9,10.11,0.00,-14.73,(連),3.81,,,,,
2026-08-21,546A,ＭＩＲＡＩＮＩ　ＨＬＤＧ,東P,"2,346",+18.0 (+0.77%) ,,,,,,,,,,,,,
2026-08-21,5471,大同特殊鋼,東P,"2,227",-92.0 (-3.97%) ,0.94,13.77,7.2,7.28,28.98,4.93,(連),2.20,160.82,-25.49,0.02,2.11,5.22
2026-08-21,547A,ムニノバＨＬＤＧ,東P,452,+3.0 (+0.67%) ,0.9,7.98,11.8,15.89,0.00,32.54,(連),2.65,69.05,0.30,0.46,8.96,11.52
2026-08-21,5480,日本冶金工業,東P,"5,280",-60.0 (-1.12%) ,0.72,10.16,7.3,7.27,25.36,-40.39,(連),4.17,597.10,0.60,34.04,-20.25,-1.08
2026-08-21,5482,愛知製鋼,東P,"3,165",-65.0 (-2.01%) ,0.86,18.55,4.8,5.71,22.87,55.24,(連),4.58,,,,,
2026-08-21,5484,東北特殊鋼,東S,--,-- (--%) ,1.12,25.91,4.4,6.77,16.03,17.35,(連),0.34,,,,,
2026-08-21,548A,システムエグゼ,東S,941,-7.0 (-0.74%) ,,,,,,,,,,,,,
2026-08-21,5491,日本金属,東S,928,+1.0 (+0.11%) ,0.21,28.69,0.7,2.56,21.96,201.90,(連),0.54,,,,,
2026-08-21,549A,ヒトトヒトＨＬＤＧ,東S,514,+6.0 (+1.18%) ,2.51,11.25,25.1,5.16,0.00,77.95,(連),0.00,,,,,
2026-08-21,550A,ソフトテックス,東S,"2,205",-5.0 (-0.23%) ,,,,,,,,,,,,,
2026-08-21,551A,ＩＺＵＭＩグループ,東PRO,--,-- (--%) ,,,,,,,,,,,,,
2026-08-21,5525,フロンティアＨＬＤＧ,東PRO,--,-- (--%) ,,,,,,,,,,,,,
2026-08-21,5527,ｐｒｏｐｅｒｔｙ　ｔｅｃｈｎｏ,東G,704,+11.0 (+1.59%) ,1.04,8.02,13.6,4.01,0.00,65.26,(連),3.55,,,,,
2026-08-21,5528,フロンティアハウス,東PRO,--,-- (--%) ,0.94,5.07,20.3,6.53,0.00,214.39,(連),0.59,,,,,
2026-08-21,552A,ＭＡＸＩＳ米国ＡＩインフラ株,東ETF,"2,472",-3.0 (-0.12%) ,,,,,,,,,,,,,
2026-08-21,5530,日本システムバンク,名M,"1,090",0.0 (0.00%) ,,,,,,,,,,,,,
2026-08-21,5531,エヌバイテクノロジーズ,東PRO,--,-- (--%) ,,,,,,,,,,,,,
2026-08-21,5532,リアルゲイト,東G,"3,390",-95.0 (-2.73%) ,5.81,34.54,18.7,10.65,0.00,31.48,(単),0.00,,,,,
2026-08-21,5533,エリッツＨＬＤＧ,東S,"1,960",0.0 (0.00%) ,1.28,9.70,13.9,15.99,0.00,5.37,(連),3.47,,,,,
2026-08-21,5534,エンゼルグループ,東PRO,--,-- (--%) ,,,,,,,,,,,,,
2026-08-21,5535,ミガロＨＬＤＧ,東P,279,-2.0 (-0.71%) ,,,,,,,,,,,,,
2026-08-21,5536,京橋アートレジデンス,東PRO,--,-- (--%) ,0.57,1.66,39.9,18.18,0.00,64.95,(連),12.07,,,,,
2026-08-21,5537,ＡｌｂａＬｉｎｋ,東G,"3,255",+155.0 (+5.00%) ,13.21,26.76,67.1,16.0,0.00,142.42,(単),0.00,,,,,
2026-08-21,5541,大平洋金属,東P,"2,623",-39.0 (-1.47%) ,0.72,17.96,4.0,-52.8,3.65,304.87,(連),5.15,,,,,
2026-08-21,5542,新報国マテリアル,東S,950,-15.0 (-1.55%) ,1.09,15.79,7.0,8.41,0.00,-17.68,(単),2.63,,,,,
2026-08-21,554A,バトンズ,東G,"1,606",+20.0 (+1.26%) ,,,,,,,,,,,,,
2026-08-21,555A,北王ＧＲＯＵＰ,東PRO,--,-- (--%) ,,,,,,,,,,,,,
2026-08-21,5563,新日本電工,東P,449,-5.0 (-1.10%) ,0.79,41.96,2.0,6.68,0.00,-44.37,(連),2.67,,,,,
2026-08-21,556A,犬猫生活,東G,"2,288",+53.0 (+2.37%) ,,,,,,,,,,,,,
2026-08-21,5570,ジェノバ,東G,608,-1.0 (-0.16%) ,2.42,14.89,15.8,56.55,0.00,12.36,(単),0.99,,,,,
2026-08-21,5571,エキサイトＨＬＤＧ,東S,"1,002",+16.0 (+1.62%) ,1.34,19.09,7.2,4.2,0.00,18.93,(連),3.14,,,,,
2026-08-21,5572,Ｒｉｄｇｅ−ｉ,東G,"2,806",+2.0 (+0.07%) ,4.99,77.94,6.5,10.91,0.00,89.54,(連),0.00,81.10,0.28,42.86,66.67,64.48
2026-08-21,5573,働楽ＨＬＤＧ,東PRO,--,-- (--%) ,,,,,,,,,,,,,
2026-08-21,5574,ＡＢＥＪＡ,東G,"2,746",-164.0 (-5.64%) ,6.0,58.21,10.7,12.41,0.00,57.69,(単),0.00,45.40,-17.08,12.72,15.20,27.23
2026-08-21,5575,Ｇｌｏｂｅｅ,東G,"1,295",+107.0 (+9.01%) ,,,,,,,,,,,,,
2026-08-21,5576,オービーシステム,東S,"2,950",+3.0 (+0.10%) ,1.2,11.37,11.1,7.76,0.00,19.15,(連),3.56,,,,,
2026-08-21,5578,ＡＲアドバンストテクノロジ,東G,854,-3.0 (-0.35%) ,3.93,18.83,21.8,5.86,0.00,73.44,(連),0.78,,,,,
2026-08-21,557A,フェリエスト,東PRO,--,-- (--%) ,,,,,,,,,,,,,
2026-08-21,5580,プロディライト,東G,"1,707",-13.0 (-0.76%) ,3.01,23.93,12.5,6.28,0.00,-5.88,(連),0.00,,,,,
2026-08-21,5581,カイテクノロジー,東PRO,--,-- (--%) ,1.2,11.49,11.0,2.63,0.00,284.38,(連),3.11,,,,,
2026-08-21,5582,グリッド,東G,"1,985",-37.0 (-1.83%) ,,,,,,,,,94.00,0.72,0.00,16.67,39.23
2026-08-21,5584,Ｓｔｒａｗｂｅｒｒｙ　ｊａｍｓ,東PRO,--,-- (--%) ,,,,,,,,,,,,,
2026-08-21,5586,Ｌａｂｏｒｏ．ＡＩ,東G,895,-9.0 (-1.00%) ,5.59,96.97,5.8,10.05,0.00,-9.29,(連),0.00,,,,,
2026-08-21,5587,インバウンドプラットフォーム,東G,840,+20.0 (+2.44%) ,2.04,14.29,14.3,9.84,7.58,62.01,(連),0.00,,,,,
2026-08-21,5588,ファーストアカウンティング,東G,809,-5.0 (-0.61%) ,5.29,44.26,12.2,12.32,0.00,59.02,(連),0.46,,,,,
2026-08-21,5589,オートサーバー,東S,"2,836",+5.0 (+0.18%) ,1.57,13.59,12.0,36.89,0.00,-3.82,(単),2.33,,,,,
2026-08-21,558A,ＳＱＵＥＥＺＥ,東G,"5,570",-180.0 (-3.13%) ,,,,,,,,,,,,,
2026-08-21,5590,ネットスターズ,東G,699,+10.0 (+1.45%) ,1.54,24.11,6.6,6.12,0.16,"2,113.64",(連),0.00,29.70,9.47,-21.11,18.33,21.39
2026-08-21,5591,ＡＶＩＬＥＮ,東G,859,+23.0 (+2.75%) ,,,,,,,,,,,,,
2026-08-21,5592,くすりの窓口,東G,"2,665",-66.0 (-2.42%) ,2.69,10.12,29.8,21.74,0.00,37.42,(連),1.43,,,,,
2026-08-21,5594,エム・デー・ビー,東PRO,--,-- (--%) ,0.99,3.64,31.6,7.96,0.00,179.73,(単),0.00,,,,,
2026-08-21,5597,ブルーイノベーション,東G,"1,363",-4.0 (-0.29%) ,,,,,,,,,,,,,
2026-08-21,5598,Ｙｏｔｔａｖｉａｓ,東PRO,--,-- (--%) ,,,,,,,,,,,,,
2026-08-21,5599,Ｓ＆Ｊ,東G,990,-5.0 (-0.50%) ,2.57,13.57,19.5,23.83,0.00,31.21,(単),1.52,78.50,1.67,-11.54,-8.00,19.19
2026-08-21,559A,梅乃宿酒造,東S,"1,140",-10.0 (-0.87%) ,,,,,,,,,,,,,
2026-08-21,5602,栗本鐵工所,東P,"1,717",-12.0 (-0.69%) ,,,,,,,,,,,,,
2026-08-21,5603,虹技,東S,"1,318",-2.0 (-0.15%) ,0.28,9.18,3.2,2.41,31.43,-40.90,(連),3.79,,,,,
2026-08-21,5607,中央可鍛工業,名M,602,+1.0 (+0.17%) ,0.3,4.30,7.2,4.89,19.85,10.53,(連),2.99,,,,,
2026-08-21,5609,日本鋳造,東S,921,+9.0 (+0.99%) ,0.38,28.76,1.3,3.38,0.00,50.90,(単),2.17,,,,,
2026-08-21,560A,オカダ,東PRO,--,-- (--%) ,,,,,,,,,,,,,
2026-08-21,5612,日本鋳鉄管,東S,"1,613",+3.0 (+0.19%) ,0.52,56.82,0.9,1.62,0.00,-19.48,(連),1.55,,,,,
2026-08-21,5616,雨風太陽,東G,630,-2.0 (-0.32%) ,,,,,,,,,,,,,
2026-08-21,5617,ウィル・ドゥ,東PRO,--,-- (--%) ,,,,,,,,,,,,,
2026-08-21,5618,ナイル,東G,277,-3.0 (-1.07%) ,,,,,,,,,,,,,
2026-08-21,5619,マーソ,東G,849,0.0 (0.00%) ,,,,,,,,,,,,,
2026-08-21,561A,マークスライフ,東PRO,--,-- (--%) ,,,,,,,,,,,,,
2026-08-21,5620,エスピーオー,東PRO,--,-- (--%) ,,,,,,,,,,,,,
2026-08-21,5621,ヒューマンテクノロジーズ,東G,"1,630",-7.0 (-0.43%) ,2.97,15.39,21.0,18.28,0.00,47.91,(連),1.96,130.60,0.54,0.84,-13.33,18.77
2026-08-21,5622,ワンビ,東PRO,--,-- (--%) ,2.02,9.78,23.0,22.58,0.00,17.17,(単),0.00,,,,,
2026-08-21,562A,寶結,東PRO,--,-- (--%) ,,,,,,,,,,,,,
2026-08-21,5631,日本製鋼所,東P,"7,410",-361.0 (-4.65%) ,2.57,28.35,9.5,9.21,53.42,10.88,(連),1.24,297.81,1.87,-1.18,-12.28,12.25
2026-08-21,5632,三菱製鋼,東P,"2,440",-4.0 (-0.16%) ,0.76,12.08,6.7,3.1,44.14,-17.24,(連),3.32,,,,,
2026-08-21,563A,ＧＸ　ＮＡＳＤＡＱ１００Ｄ,東ETF,"1,066",+11.0 (+1.04%) ,,,,,,,,,,,,,
2026-08-21,5644,メタルアート,東S,"7,460",0.0 (0.00%) ,0.82,7.94,10.9,8.62,16.39,28.90,(連),2.01,,,,,
2026-08-21,564A,ＧＸ　Ｓ＆Ｐ　先進ＣＦ１００,東ETF,"1,096",-7.0 (-0.63%) ,,,,,,,,,,,,,
2026-08-21,5658,日亜鋼業,東S,402,+1.0 (+0.25%) ,0.34,18.09,1.9,4.23,0.00,4.16,(連),2.49,,,,,
2026-08-21,5659,日本精線,東P,"1,396",+17.0 (+1.23%) ,1.0,19.96,5.1,6.6,33.35,-29.31,(連),3.01,,,,,
2026-08-21,565A,ＦＦＦＨＬＤＧ,東PRO,--,-- (--%) ,,,,,,,,,,,,,
2026-08-21,5660,神鋼鋼線工業,東S,"1,900",+36.0 (+1.93%) ,0.44,10.02,4.5,1.97,15.52,-46.56,(連),3.42,,,,,
2026-08-21,566A,ｉＦ日本株除く金融高配当５０,東ETF,"2,334",+28.0 (+1.21%) ,,,,,,,,,,,,,
2026-08-21,567A,ディープラス,東PRO,--,-- (--%) ,,,,,,,,,,,,,
2026-08-21,568A,ｉシェアーズ　シルバー　ＥＴＦ,東ETF,180,+5.5 (+3.15%) ,,,,,,,,,,,,,
2026-08-21,5695,パウダーテック,東S,--,-- (--%) ,,,,,,,,,,,,,
2026-08-21,5697,サンユウ,東S,821,-2.0 (-0.24%) ,,,,,,,,,,,,,
2026-08-21,5698,エンビプロＨＬＤＧ,東S,799,-18.0 (-2.20%) ,,,,,,,,,80.70,-1.93,3.03,36.00,-2.15
2026-08-21,5699,イボキン,東S,"1,593",-37.0 (-2.27%) ,,,,,,,,,,,,,
2026-08-21,569A,ｉシェアーズ　プラチナ　ＥＴＦ,東ETF,187.5,+7.0 (+3.88%) ,,,,,,,,,,,,,
2026-08-21,5702,大紀アルミニウム工業所,東P,"1,867",+42.0 (+2.30%) ,0.97,20.07,4.9,2.2,50.77,49.91,(連),2.95,,,,,
2026-08-21,5703,日本軽金属ＨＬＤＧ,東P,"3,025",-15.0 (-0.49%) ,0.75,11.95,6.5,4.38,22.51,19.51,(連),2.64,269.53,1.75,1.87,8.83,7.47
2026-08-21,5704,ＪＭＣ,東S,385,+6.0 (+1.58%) ,,,,,,,,,,,,,
2026-08-21,5706,三井金属,東P,"28,210",-360.0 (-1.26%) ,3.92,17.68,24.5,17.26,43.43,78.95,(連),0.87,"1,460.94",-2.32,-0.35,121.51,9.49
2026-08-21,5707,東邦亜鉛,東P,"1,145",-9.0 (-0.78%) ,,,,,,,,,,,,,
2026-08-21,570A,ｉシェアーズ　日本国債０−１年,東ETF,901.4,-0.1 (-0.01%) ,,,,,,,,,,,,,
2026-08-21,5711,三菱マテリアル,東P,"5,565",+220.0 (+4.12%) ,0.99,17.92,5.7,3.28,43.01,61.96,(連),1.80,466.88,0.23,1.67,84.44,0.59
2026-08-21,5713,住友金属鉱山,東P,"10,760",+130.0 (+1.22%) ,,,,,,,,,797.57,0.58,3.33,137.07,14.17
2026-08-21,5714,ＤＯＷＡ　ＨＬＤＧ,東P,"10,120",+331.0 (+3.38%) ,1.31,9.64,14.6,4.59,22.32,24.60,(連),3.64,988.53,-1.70,6.30,117.49,17.72
2026-08-21,5715,古河機械金属,東P,"4,160",+55.0 (+1.34%) ,0.92,10.82,9.2,5.35,18.39,41.50,(連),1.92,244.30,-0.46,57.77,35.05,8.67
2026-08-21,571A,ｉシェアーズ　日本国債１−３年,東ETF,500.2,+0.2 (+0.04%) ,,,,,,,,,,,,,
2026-08-21,5721,エスクリプトエナジー,東S,57,+3.0 (+5.56%) ,,,,,,,,,,,,,
2026-08-21,5724,アサカ理研,東S,"2,834",+29.0 (+1.03%) ,2.89,47.42,6.3,5.66,0.00,60.90,(連),0.42,,,,,
2026-08-21,5726,大阪チタニウムテクノロジーズ,東P,"2,924",-51.0 (-1.71%) ,2.43,41.76,5.9,11.77,76.29,-29.11,(単),0.62,74.30,6.55,76.25,-27.32,-1.81
2026-08-21,5729,日本精鉱,東S,"1,786",-14.0 (-0.78%) ,1.13,4.15,30.8,14.88,20.48,70.63,(連),5.60,,,,,
2026-08-21,572A,ｉシェアーズ　日本国債３−７年,東ETF,500.1,+0.1 (+0.02%) ,,,,,,,,,,,,,
2026-08-21,573A,ｉシェアーズ　日本国債２０年超,東ETF,491.2,-2.4 (-0.49%) ,,,,,,,,,,,,,
2026-08-21,5741,ＵＡＣＪ,東P,"2,241",-27.0 (-1.19%) ,1.17,10.44,12.2,6.5,65.78,48.01,(連),2.45,237.59,0.90,0.56,65.03,17.25
2026-08-21,5742,エヌアイシ・オートテック,東S,751,0.0 (0.00%) ,1.25,168.01,0.7,-0.21,0.00,-97.75,(単),5.46,,,,,
2026-08-21,574A,ＬＡＳＳＩＣ,東PRO,--,-- (--%) ,,,,,,,,,,,,,
2026-08-21,5753,日本伸銅,東S,"2,536",+34.0 (+1.36%) ,,,,,,,,,,,,,
2026-08-21,5757,ＣＫサンエツ,東P,"5,350",+80.0 (+1.52%) ,,,,,,,,,,,,,
2026-08-21,575A,前澤ＨＬＤＧ,東P,"1,927",+48.0 (+2.55%) ,,,,,,,,,,,,,
2026-08-21,576A,グローバルＸ　チャイテクカバコ,東ETF,990,0.0 (0.00%) ,,,,,,,,,,,,,
2026-08-21,577A,グローバルＸ　シルバー,東ETF,269.3,+7.9 (+3.02%) ,,,,,,,,,,,,,
2026-08-21,578A,グローバルＸ　シルバー為替ヘジ,東ETF,266.2,+7.1 (+2.74%) ,,,,,,,,,,,,,
2026-08-21,579A,グローバルＸ　銀ビジネス,東ETF,"1,105",+57.0 (+5.44%) ,,,,,,,,,,,,,
2026-08-21,5801,古河電気工業,東P,"3,818",-46.0 (-1.19%) ,6.44,37.06,19.1,4.88,50.63,56.18,(連),0.55,128.48,1.22,3.47,79.84,10.59
2026-08-21,5802,住友電気工業,東P,"2,178.5",-40.0 (-1.80%) ,2.48,18.39,14.7,8.18,56.84,39.35,(連),1.77,108.67,-2.47,0.32,37.09,6.80
2026-08-21,5803,フジクラ,東P,"5,280",-61.0 (-1.14%) ,15.6,55.62,32.5,15.96,79.58,45.35,(連),0.71,155.15,0.54,2.70,86.65,25.15
2026-08-21,5805,ＳＷＣＣ,東P,"13,890",-120.0 (-0.86%) ,4.18,21.82,20.7,9.84,11.54,131.81,(連),1.61,689.64,2.43,-0.33,14.83,17.44
2026-08-21,580A,グローバルＸ　銅ビジネス,東ETF,"1,052",+29.0 (+2.83%) ,,,,,,,,,,,,,
2026-08-21,5816,オーナンバ,東S,"1,433",+12.0 (+0.84%) ,0.63,11.53,5.6,5.85,34.57,4.90,(連),2.86,,,,,
2026-08-21,5817,ＪＭＡＣＳ,東S,993,0.0 (0.00%) ,0.99,13.95,7.4,8.31,0.00,384.82,(単),1.51,,,,,
2026-08-21,5819,カナレ電気,東S,"1,728",-14.0 (-0.80%) ,0.62,9.83,6.5,12.06,52.50,15.89,(連),3.82,,,,,
2026-08-21,581A,ＧＯ,東G,"3,640",+65.0 (+1.82%) ,,,,,,,,,,,,,
2026-08-21,5820,三ッ星,東S,802,-9.0 (-1.11%) ,,,,,,,,,,,,,
2026-08-21,5821,平河ヒューテック,東P,"3,200",-40.0 (-1.23%) ,1.17,30.23,4.0,11.49,79.58,81.42,(連),1.47,263.80,0.08,1.96,44.44,27.41
2026-08-21,5830,いよぎんＨＬＤＧ,東P,"3,882",+52.0 (+1.36%) ,,,,,,,,,,,,,
2026-08-21,5831,しずおかＦＧ,東P,"3,450",+68.0 (+2.01%) ,,,,,,,,,212.34,0.60,0.64,20.23,-17.24
2026-08-21,5832,ちゅうぎんＦＧ,東P,"3,411",+43.0 (+1.28%) ,,,,,,,,,253.00,0.99,-3.45,-3.61,13.57
2026-08-21,5834,ＳＢＩリーシングサービス,東G,"2,762",-1.0 (-0.04%) ,,,,,,,,,,,,,
2026-08-21,5838,楽天銀行,東P,"6,095",+113.0 (+1.89%) ,,,,,,,,,467.17,1.11,5.32,34.32,11.17
2026-08-21,583A,不動産流通システム,東PRO,--,-- (--%) ,,,,,,,,,,,,,
2026-08-21,5840,日本総険,東PRO,--,-- (--%) ,4.33,14.06,34.9,11.97,0.00,22.41,(連),1.49,,,,,
2026-08-21,5842,インテグラル,東G,"3,165",+50.0 (+1.61%) ,1.73,17.63,10.1,67.78,39.04,-64.35,(連),1.17,,,,,
2026-08-21,5843,ニッポンインシュア,東S,"2,439",+19.0 (+0.79%) ,2.76,12.94,23.6,20.31,0.00,89.02,(単),0.78,,,,,
2026-08-21,5844,京都ＦＧ,東P,"4,841",+38.0 (+0.79%) ,,,,,,,,,220.96,-0.62,3.80,35.05,15.88
2026-08-21,5845,全保連,東S,"1,249",+29.0 (+2.38%) ,4.05,18.91,22.6,12.12,0.00,25.22,(単),3.20,,,,,
2026-08-21,584A,ＬｉＮＫＸ,東G,"2,651",-129.0 (-4.64%) ,,,,,,,,,,,,,
2026-08-21,5851,リョービ,東P,"2,795",+23.0 (+0.83%) ,0.5,8.07,6.4,4.1,56.31,26.57,(連),3.58,333.71,-2.27,3.01,5.08,5.07
2026-08-21,5852,アーレスティ,東P,683,+4.0 (+0.59%) ,0.3,4.74,6.6,2.24,31.36,-5.88,(連),6.15,136.30,-0.91,0.00,-23.33,2.15
2026-08-21,5857,ＡＲＥＨＬＤＧ,東P,"3,910",+155.0 (+4.13%) ,,,,,,,,,295.30,0.22,10.47,75.83,29.34
2026-08-21,5858,ＳＴＧ,東G,"1,150",+3.0 (+0.26%) ,0.69,9.26,9.4,4.94,74.48,-25.93,(連),1.74,,,,,
2026-08-21,585A,日本バリュー・ボトムアップ株式,東ETF,"1,069",-8.0 (-0.74%) ,,,,,,,,,,,,,
2026-08-21,5866,ＷｉｚＢｉｚ,東PRO,--,-- (--%) ,2.68,9.26,32.5,7.45,0.00,168.00,(単),0.00,,,,,
2026-08-21,5867,エスネットワークス,東G,"1,208",-2.0 (-0.17%) ,2.16,16.83,13.4,8.95,13.94,14.68,(連),4.14,,,,,
2026-08-21,5868,ロココ,東S,"1,000",+6.0 (+0.60%) ,1.26,11.72,11.1,5.71,0.00,14.51,(連),3.50,,,,,
2026-08-21,5869,早稲田学習研究会,東S,"1,261",+11.0 (+0.88%) ,,,,,,,,,,,,,
2026-08-21,586A,ＮＦ日経エンタメ・コンテンツ株,東ETF,244.7,-3.5 (-1.41%) ,,,,,,,,,,,,,
2026-08-21,5870,ナルネットコミュニケーションズ,東G,902,0.0 (0.00%) ,1.25,9.58,13.8,8.17,0.00,85.81,(単),3.22,99.20,1.68,3.07,9.25,12.00
2026-08-21,5871,ＳＯＬＩＺＥ　ＨＬＤＧ,東S,"1,374",+7.0 (+0.51%) ,,,,,,,,,,,,,
2026-08-21,587A,インベスコＱＱＱトラストＳ１,東ETF,"113,200",-900.0 (-0.79%) ,,,,,,,,,,,,,
2026-08-21,5884,クラダシ,東G,616,-4.0 (-0.65%) ,,,,,,,,,,,,,
2026-08-21,5885,ジーデップ・アドバンス,東S,"3,170",+207.0 (+6.99%) ,,,,,,,,,,,,,
2026-08-21,5886,ＯＯＫＡＢＥ　ＧＬＡＳＳ,東PRO,--,-- (--%) ,,,,,,,,,,,,,
2026-08-21,5887,光響,東PRO,--,-- (--%) ,,,,,,,,,,,,,
2026-08-21,5888,ＤＡＩＷＡ　ＣＹＣＬＥ,東G,"2,800",-6.0 (-0.21%) ,1.22,8.11,16.0,6.71,0.00,3.46,(単),2.50,362.50,1.56,3.40,-15.56,13.89
2026-08-21,5889,Ｊａｐａｎ　Ｅｙｅｗｅａｒ　Ｈ,東P,"2,627",+29.0 (+1.12%) ,,,,,,,,,,,,,
2026-08-21,5890,オフィスバスターズ,東PRO,--,-- (--%) ,,,,,,,,,,,,,
2026-08-21,5891,ＳＡＫＩＧＡＫＥＨＬＤＧ,東S,"1,664",+16.0 (+0.97%) ,1.82,31.62,5.8,5.19,0.00,-10.34,(連),1.38,,,,,
2026-08-21,5892,ｙｕｔｏｒｉ,東G,"2,455",-30.0 (-1.21%) ,5.38,38.14,18.4,7.62,0.00,57.12,(連),0.00,156.60,0.11,-0.74,3.85,49.24
2026-08-21,5893,ＲＡＶＩＰＡ,東PRO,--,-- (--%) ,,,,,,,,,,,,,
2026-08-21,589A,ネイス,東G,"1,294",-31.0 (-2.34%) ,,,,,,,,,,,,,
2026-08-21,5900,ダイケン,東S,877,+8.0 (+0.92%) ,0.35,16.24,2.2,2.22,0.00,-9.23,(連),2.28,,,,,
2026-08-21,5901,東洋製罐グループＨＬＤＧ,東P,"4,448",+148.0 (+3.44%) ,0.96,12.30,8.1,5.4,25.09,55.11,(連),2.97,,,,,
2026-08-21,5902,ホッカンＨＬＤＧ,東P,"2,744",+73.0 (+2.73%) ,,,,,,,,,,,,,
2026-08-21,5905,日本製罐,東S,--,-- (--%) ,,,,,,,,,,,,,
2026-08-21,5906,エムケー精工,東S,751,0.0 (0.00%) ,0.54,4.48,13.0,9.14,0.00,38.37,(連),2.00,,,,,
2026-08-21,5909,コロナ,東S,995,+10.0 (+1.02%) ,,,,,,,,,,,,,
2026-08-21,590A,ギフティグループ,東P,"1,393",-13.0 (-0.92%) ,,,,,,,,,71.75,0.15,-1.18,-18.20,32.41
2026-08-21,5911,横河ブリッジＨＬＤＧ,東P,"2,985",+16.0 (+0.54%) ,0.87,13.67,6.6,9.38,0.00,-16.48,(連),4.02,220.80,11.93,-2.00,-23.28,8.73
2026-08-21,5915,駒井ハルテック,東S,"2,350",+5.0 (+0.21%) ,0.31,32.50,1.0,1.37,0.00,28.06,(連),2.98,,,,,
2026-08-21,5918,瀧上工業,東S,"7,580",-120.0 (-1.56%) ,0.31,16.40,2.0,2.06,0.00,318.10,(連),1.58,,,,,
2026-08-21,591A,西條,東PRO,--,-- (--%) ,,,,,,,,,,,,,
2026-08-21,5921,川岸工業,東S,"4,280",0.0 (0.00%) ,0.41,8.21,5.1,7.73,0.00,8.50,(単),3.74,,,,,
2026-08-21,5922,那須電機鉄工,東S,"20,230",+180.0 (+0.90%) ,,,,,,,,,,,,,
2026-08-21,5923,高田機工,東S,"1,163",+14.0 (+1.22%) ,,,,,,,,,,,,,
2026-08-21,5928,アルメタックス,東S,285,+1.0 (+0.35%) ,,,,,,,,,,,,,
2026-08-21,5929,三和ＨＬＤＧ,東P,"3,617",-12.0 (-0.33%) ,2.18,12.84,17.8,11.97,55.91,-4.01,(連),3.59,286.33,7.56,-0.51,-6.49,1.37
2026-08-21,5930,文化シヤッター,東P,"1,872",+17.0 (+0.92%) ,1.1,10.45,10.8,6.59,11.12,19.28,(連),3.95,,,,,
2026-08-21,5932,三協立山,東P,677,+1.0 (+0.15%) ,,,,,,,,,,,,,
2026-08-21,5933,アルインコ,東P,"1,143",+7.0 (+0.62%) ,,,,,,,,,,,,,
2026-08-21,5936,東洋シヤッター,東S,887,-3.0 (-0.34%) ,,,,,,,,,,,,,
2026-08-21,5938,ＬＩＸＩＬ,東P,"1,756",+9.0 (+0.52%) ,0.76,61.98,1.3,1.88,34.89,-22.04,(連),5.13,53.07,0.38,-1.81,-33.50,2.44
2026-08-21,5939,大谷工業,東S,"4,795",0.0 (0.00%) ,0.85,12.58,7.0,5.38,0.00,-20.34,(単),0.63,,,,,
2026-08-21,593A,ティアフォー,東G,"1,057",+24.0 (+2.32%) ,,,,,,,,,,,,,
2026-08-21,5940,不二サッシ,東S,747,0.0 (0.00%) ,0.37,4.62,8.3,2.74,0.00,1.97,(連),4.02,,,,,
2026-08-21,5941,中西製作所,東S,"2,755",-35.0 (-1.25%) ,0.76,7.72,10.3,7.43,0.00,13.62,(単),3.99,,,,,
2026-08-21,5942,日本フイルコン,東S,644,+5.0 (+0.78%) ,,,,,,,,,,,,,
2026-08-21,5943,ノーリツ,東P,"2,427",+2.0 (+0.08%) ,0.79,33.02,2.5,2.13,32.28,54.90,(連),3.05,175.20,0.10,-6.12,-4.17,1.25
2026-08-21,5945,天龍製鋸,東S,"2,398",+19.0 (+0.80%) ,0.55,14.19,4.0,12.88,74.26,4.34,(連),3.54,,,,,
2026-08-21,5946,長府製作所,東P,"2,067",-2.0 (-0.10%) ,0.51,32.32,1.6,3.68,0.00,2.09,(連),2.23,,,,,
2026-08-21,5947,リンナイ,東P,"3,575",+9.0 (+0.25%) ,1.13,13.75,8.6,10.74,57.77,14.63,(連),2.80,260.58,57.38,-0.04,-5.88,4.49
2026-08-21,5949,ユニプレス,東P,"1,343",+1.0 (+0.07%) ,,,,,,,,,149.15,-0.05,0.52,2.09,-2.90
2026-08-21,594A,ＰＲＯ　ＨＬＤＧ,東PRO,--,-- (--%) ,,,,,,,,,,,,,
2026-08-21,5950,日本パワーファスニング,東S,154,+2.0 (+1.32%) ,,,,,,,,,,,,,
2026-08-21,5951,ダイニチ工業,東S,"1,252",-59.0 (-4.50%) ,,,,,,,,,,,,,
2026-08-21,5952,アマテイ,東S,185,0.0 (0.00%) ,,,,,,,,,,,,,
2026-08-21,5955,ワイズＨＬＤＧ,東S,85,0.0 (0.00%) ,0.94,30.69,3.1,4.57,13.69,24.74,(連),1.18,,,,,
2026-08-21,5956,トーソー,東S,572,-2.0 (-0.35%) ,,,,,,,,,,,,,
2026-08-21,5957,日東精工,東P,773,-3.0 (-0.39%) ,0.77,13.03,6.1,6.83,30.83,-4.59,(連),2.98,70.10,0.61,0.89,-8.14,4.73
2026-08-21,5958,三洋工業,東S,"4,605",+5.0 (+0.11%) ,,,,,,,,,,,,,
2026-08-21,5959,岡部,東P,948,+1.0 (+0.11%) ,0.7,13.21,5.4,6.83,30.20,14.90,(連),4.32,,,,,
2026-08-21,595A,不二興産,東PRO,--,-- (--%) ,,,,,,,,,,,,,
2026-08-21,5962,浅香工業,東S,"1,995",-20.0 (-0.99%) ,0.42,4.67,9.3,3.72,0.00,2.98,(単),4.51,,,,,
2026-08-21,5965,フジマック,東S,"1,194",-9.0 (-0.75%) ,0.59,6.68,9.3,6.41,0.00,-3.84,(連),3.35,,,,,
2026-08-21,5966,京都機械工具,東S,"2,565",0.0 (0.00%) ,0.49,12.35,4.0,9.03,0.00,-13.45,(連),3.31,,,,,
2026-08-21,5967,ＴＯＮＥ,東S,454,-18.0 (-3.81%) ,,,,,,,,,,,,,
2026-08-21,5969,ロブテックス,東S,--,-- (--%) ,,,,,,,,,,,,,
2026-08-21,5970,ジーテクト,東P,"2,372",+4.0 (+0.17%) ,0.45,7.55,6.4,4.69,77.21,5.43,(連),4.05,336.30,1.01,15.88,4.52,3.24
2026-08-21,5971,共和工業所,東S,"7,820",-110.0 (-1.39%) ,0.59,11.79,5.2,10.05,0.00,34.91,(連),1.02,,,,,
2026-08-21,5973,トーアミ,東S,613,-5.0 (-0.81%) ,0.31,19.99,1.6,1.17,0.00,"1,016.67",(連),2.77,,,,,
2026-08-21,5974,中国工業,東S,857,+2.0 (+0.23%) ,0.47,8.93,5.5,2.4,0.00,-10.26,(連),2.68,,,,,
2026-08-21,5975,東プレ,東P,"3,170",-5.0 (-0.16%) ,0.64,8.46,8.0,7.4,49.08,30.69,(連),3.15,360.40,-2.34,3.35,2.21,4.02
2026-08-21,5976,高周波熱錬,東P,"1,563",+47.0 (+3.10%) ,0.88,39.31,2.3,3.25,39.23,14.74,(連),4.54,,,,,
2026-08-21,5979,カネソウ,名M,"5,090",0.0 (0.00%) ,0.46,11.60,4.1,11.12,0.00,-16.85,(単),3.93,,,,,
2026-08-21,597A,ａｎｄ　ＵＳ,東PRO,--,-- (--%) ,,,,,,,,,,,,,
2026-08-21,5981,東京製綱,東P,"1,934",-36.0 (-1.83%) ,0.72,8.64,8.9,7.57,14.10,32.54,(連),3.62,233.50,1.93,12.50,14.89,2.46
2026-08-21,5982,マルゼン,東S,"4,150",+80.0 (+1.97%) ,1.26,12.61,10.4,9.94,0.00,10.26,(連),3.01,,,,,
2026-08-21,5983,イワブチ,東S,"12,960",+10.0 (+0.08%) ,0.66,14.58,4.7,10.76,0.00,60.27,(連),2.31,,,,,
2026-08-21,5984,兼房,東S,771,-2.0 (-0.26%) ,0.34,10.39,3.3,5.2,53.66,90.10,(連),3.37,,,,,
2026-08-21,5985,サンコール,東S,"2,500",+18.0 (+0.73%) ,2.21,12.19,20.4,13.64,79.43,137.14,(連),0.80,,,,,
2026-08-21,5986,モリテック　スチール,東S,257,+1.0 (+0.39%) ,0.36,5.52,6.8,0.92,13.94,95.65,(連),4.67,,,,,
2026-08-21,5987,オーネックス,東S,"1,685",-15.0 (-0.88%) ,,,,,,,,,,,,,
2026-08-21,5988,パイオラックス,東P,"1,724",+17.0 (+1.00%) ,,,,,,,,,49.40,-0.01,-5.00,-38.71,-0.28
2026-08-21,5989,エイチワン,東P,"1,550",+4.0 (+0.26%) ,,,,,,,,,,,,,
2026-08-21,598A,チャットプラス,東G,"1,340",-20.0 (-1.47%) ,,,,,,,,,,,,,
2026-08-21,5990,スーパーツール,東S,--,-- (--%) ,0.45,23.15,1.9,5.28,11.89,-20.63,(連),3.60,,,,,
2026-08-21,5991,ニッパツ,東P,"3,479",+14.0 (+0.40%) ,1.64,25.31,6.6,5.6,51.41,-9.96,(連),1.90,234.00,0.21,-0.34,7.54,3.95
2026-08-21,5992,中央発條,東S,"3,730",+60.0 (+1.63%) ,1.07,7.58,15.1,2.57,27.85,-12.67,(連),1.61,,,,,
2026-08-21,5994,ファインシンター,東S,997,-13.0 (-1.29%) ,,,,,,,,,,,,,
2026-08-21,5997,協立エアテック,東S,945,0.0 (0.00%) ,0.46,9.89,4.9,5.01,0.00,-11.28,(連),2.12,,,,,
2026-08-21,5998,アドバネクス,東S,"2,334",-30.0 (-1.27%) ,0.94,9.32,11.3,4.45,69.74,690.00,(連),1.50,523.80,0.04,0.00,16.67,4.23
2026-08-21,599A,元気な介護,東PRO,--,-- (--%) ,,,,,,,,,,,,,
2026-08-21,6005,三浦工業,東P,"3,044",-14.0 (-0.46%) ,1.45,12.75,12.4,11.51,50.47,27.76,(連),2.37,250.03,2.58,0.33,-1.86,6.41
2026-08-21,600A,ニッセイＥＴＦ　ラセル２０００,東ETF,"1,971",-19.0 (-0.95%) ,,,,,,,,,,,,,
2026-08-21,6013,タクマ,東P,"3,105",+10.0 (+0.32%) ,2.01,16.78,12.4,9.3,0.00,15.49,(連),3.00,212.52,0.98,-3.80,18.02,11.82
2026-08-21,6016,ジャパンエンジン,東S,"9,640",-490.0 (-4.84%) ,4.39,16.98,29.5,18.37,20.45,18.67,(単),0.91,,,,,
2026-08-21,6018,阪神内燃機工業,東S,"5,890",0.0 (0.00%) ,1.22,25.93,4.8,5.87,32.10,39.88,(単),1.54,,,,,
2026-08-21,601A,ラックス建設,東PRO,--,-- (--%) ,,,,,,,,,,,,,
2026-08-21,6022,赤阪鐵工所,東S,"2,645",+23.0 (+0.88%) ,0.32,19.02,1.9,-2.26,7.87,-84.48,(単),1.13,,,,,
2026-08-21,6023,ダイハツインフィニアース,東S,"3,010",+31.0 (+1.04%) ,1.55,12.92,12.7,8.65,51.77,4.68,(連),2.29,260.95,0.95,11.11,42.86,9.89
2026-08-21,6025,日本ＰＣサービス,名N,--,-- (--%) ,4.68,58.14,8.2,1.45,0.00,30.53,(連),0.00,,,,,
2026-08-21,6027,弁護士ドットコム,東P,"4,475",+155.0 (+3.59%) ,14.19,67.11,24.2,13.53,0.00,56.37,(連),0.00,90.20,1.36,-13.02,-21.52,20.98
2026-08-21,6029,アトラグループ,東S,189,-3.0 (-1.56%) ,,,,,,,,,,,,,
2026-08-21,602A,レックスアドバイザーズ,東PRO,--,-- (--%) ,,,,,,,,,,,,,
2026-08-21,6030,アドベンチャー,東G,"1,500",+3.0 (+0.20%) ,,,,,,,,,,,,,
2026-08-21,6031,ＺＥＴＡ,東G,262,+2.0 (+0.77%) ,5.82,23.37,26.5,21.31,0.00,379.55,(連),1.68,,,,,
2026-08-21,6033,エクストリーム,東G,"1,662",-12.0 (-0.72%) ,,,,,,,,,,,,,
2026-08-21,6034,ＭＲＴ,東G,634,-6.0 (-0.94%) ,0.76,63.98,1.2,2.27,0.00,132.70,(連),0.00,,,,,
2026-08-21,6035,アイ・アールジャパンＨＬＤＧ,東S,738,-2.0 (-0.27%) ,,,,,,,,,,,,,
2026-08-21,6036,ＫｅｅＰｅｒ技研,東P,"3,285",+55.0 (+1.70%) ,4.97,18.34,30.1,30.74,0.00,17.38,(単),1.83,340.20,0.11,0.00,-17.06,11.69
2026-08-21,6037,楽待,東S,"1,037",-9.0 (-0.86%) ,3.94,18.49,21.4,48.87,0.00,48.09,(単),0.96,,,,,
2026-08-21,6038,イード,東G,826,-6.0 (-0.72%) ,,,,,,,,,,,,,
2026-08-21,6039,日本動物高度医療センター,東G,"1,065",+5.0 (+0.47%) ,,,,,,,,,75.00,0.87,-5.00,33.00,13.68
2026-08-21,603A,アイ・グリッド・ソリューション,東G,876,+91.0 (+11.59%) ,,,,,,,,,,,,,
2026-08-21,6040,日本スキー場開発,東G,463,+3.0 (+0.65%) ,2.58,13.35,21.3,21.47,0.00,43.89,(連),0.76,,,,,
2026-08-21,6042,ニッキ,東S,"3,955",-105.0 (-2.59%) ,0.53,7.73,7.1,11.92,60.27,81.36,(連),3.03,,,,,
2026-08-21,6044,三機サービス,東S,"1,932",+13.0 (+0.68%) ,,,,,,,,,,,,,
2026-08-21,6045,レントラックス,東G,"2,076",+76.0 (+3.80%) ,2.76,6.35,54.2,23.67,37.14,-7.82,(連),1.16,,,,,
2026-08-21,6046,リンクバル,東S,142,0.0 (0.00%) ,,,,,,,,,,,,,
2026-08-21,6047,Ｇｕｎｏｓｙ,東S,414,+6.0 (+1.47%) ,,,,,,,,,5.90,-0.05,0.00,-64.29,2.85
2026-08-21,6049,イトクロ,東G,245,-1.0 (-0.41%) ,0.54,29.31,1.9,7.09,0.00,349.66,(単),0.00,,,,,
2026-08-21,604A,ビーエイブル,東S,"1,018",-21.0 (-2.02%) ,,,,,,,,,,,,,
2026-08-21,6050,イー・ガーディアン,東P,"1,766",-3.0 (-0.17%) ,1.7,21.66,8.0,13.28,12.05,-10.42,(連),1.98,69.00,-1.67,-7.41,-37.50,-0.40
2026-08-21,6054,リブセンス,東S,113,+1.0 (+0.89%) ,,,,,,,,,,,,,
2026-08-21,6055,ジャパンマテリアル,東P,"2,067",-16.0 (-0.77%) ,3.39,20.05,18.1,25.25,15.90,33.36,(連),1.55,110.07,2.79,1.66,8.79,9.51
2026-08-21,6058,ベクトル,東P,"1,900",+19.0 (+1.01%) ,4.15,17.44,26.8,14.29,0.00,19.45,(連),1.74,132.45,0.66,1.14,12.83,9.13
2026-08-21,6059,ウチヤマＨＬＤＧ,東S,360,+2.0 (+0.56%) ,0.49,23.59,2.1,1.86,0.00,50.62,(連),2.78,,,,,
2026-08-21,605A,ＮＦ　日本株政策フォーカス,東ETF,198,0.0 (0.00%) ,,,,,,,,,,,,,
2026-08-21,6061,ユニバーサル園芸社,東S,"3,160",+105.0 (+3.44%) ,,,,,,,,,,,,,
2026-08-21,6062,チャーム・ケア,東P,"1,407",-5.0 (-0.35%) ,,,,,,,,,,,,,
2026-08-21,6063,日本エマージェンシーアシスタン,東S,"1,005",-5.0 (-0.50%) ,1.34,24.85,5.6,2.58,0.00,63.49,(連),0.90,,,,,
2026-08-21,6069,トレンダーズ,東G,700,+9.0 (+1.30%) ,,,,,,,,,64.40,0.08,-47.44,-48.75,23.87
2026-08-21,606A,金２倍ブルＥＴＦ,東ETF,"24,195",+750.0 (+3.20%) ,,,,,,,,,,,,,
2026-08-21,6070,キャリアリンク,東P,"2,655",+30.0 (+1.14%) ,1.97,12.18,16.9,8.72,0.00,45.00,(連),4.52,,,,,
2026-08-21,6071,ＩＢＪ,東P,955,+7.0 (+0.74%) ,3.54,17.40,22.4,17.89,0.00,35.53,(連),1.05,71.85,0.43,7.46,11.23,27.46
2026-08-21,6072,地盤ネットＨＬＤＧ,東S,"1,131",+25.0 (+2.26%) ,17.69,128.23,15.0,1.1,0.00,-59.09,(連),0.00,,,,,
2026-08-21,6073,アサンテ,東P,"1,526",+11.0 (+0.73%) ,1.55,54.33,2.8,5.82,0.00,-27.91,(連),4.06,,,,,
2026-08-21,6074,ジェイエスエス,東S,519,0.0 (0.00%) ,,,,,,,,,,,,,
2026-08-21,6078,バリューＨＲ,東P,"1,590",-2.0 (-0.13%) ,6.16,67.54,9.3,8.77,0.00,-18.97,(連),1.64,,,,,
2026-08-21,607A,エブリー,東G,219,+5.0 (+2.34%) ,,,,,,,,,,,,,
2026-08-21,6080,Ｍ＆Ａキャピタルパートナーズ,東P,"4,130",-30.0 (-0.72%) ,3.03,25.87,12.2,31.74,0.00,11.25,(連),1.26,232.24,0.39,-1.08,-2.00,18.48
2026-08-21,6081,アライドアーキテクツ,東G,167,+7.0 (+4.38%) ,,,,,,,,,,,,,
2026-08-21,6082,ライドオンエクスプレスＨＬＤＧ,東S,"1,023",+2.0 (+0.20%) ,1.13,14.31,8.3,3.69,0.00,77.12,(連),1.47,,,,,
2026-08-21,6083,ＥＲＩ　ＨＬＤＧ,東S,"1,650",-25.0 (-1.49%) ,,,,,,,,,,,,,
2026-08-21,6085,アーキテクツ・スタジオ・ジャパ,東G,122,+22.0 (+22.00%) ,,,,,,,,,,,,,
2026-08-21,6086,シンメンテＨＬＤＧ,東G,"1,042",+2.0 (+0.19%) ,4.24,15.91,30.3,6.2,0.00,21.45,(連),1.92,74.20,1.06,2.50,7.89,14.15
2026-08-21,6087,アビスト,東S,"3,525",0.0 (0.00%) ,1.89,21.59,9.1,9.06,0.00,7.96,(単),2.89,,,,,
2026-08-21,6088,シグマクシス・ＨＬＤＧ,東P,560,-2.0 (-0.36%) ,3.2,11.75,27.8,25.45,0.00,8.08,(連),4.64,54.60,0.71,-0.51,-21.13,-2.06
2026-08-21,6089,ウィルグループ,東P,"1,177",+1.0 (+0.09%) ,1.33,11.65,12.3,2.23,39.84,44.19,(連),3.74,,,,,
2026-08-21,608A,上場東証ＲＥＩＴ高利回り３０,東ETF,"1,489",+4.0 (+0.27%) ,,,,,,,,,,,,,
2026-08-21,6090,ヒューマン・メタボローム・テク,東S,612,+12.0 (+2.00%) ,,,,,,,,,,,,,
2026-08-21,6091,ウエスコＨＬＤＧ,東S,900,-10.0 (-1.10%) ,0.75,16.07,4.8,6.12,0.00,-1.06,(連),2.67,,,,,
2026-08-21,6092,エンバイオＨＬＤＧ,東S,862,-6.0 (-0.69%) ,0.76,26.34,2.9,12.82,0.00,127.64,(連),1.04,,,,,
2026-08-21,6093,ミトラグループ,東S,165,0.0 (0.00%) ,2.05,37.93,5.4,6.36,0.00,-34.98,(連),3.64,,,,,
2026-08-21,6094,フリークアウトＨＬＤＧ,東G,579,+1.0 (+0.17%) ,0.92,36.53,2.4,0.19,57.15,54.10,(連),0.00,,,,,
2026-08-21,6098,リクルートＨＬＤＧ,東P,"15,900",-245.0 (-1.52%) ,14.02,45.46,31.0,17.05,53.08,22.29,(連),0.16,507.68,0.70,0.97,35.58,7.94
2026-08-21,6099,エラン,東P,762,-9.0 (-1.17%) ,3.19,16.65,20.5,7.7,0.00,18.06,(連),1.97,52.90,0.94,0.60,-7.41,12.93
2026-08-21,609A,グローバルＸ　総合商社＆資源,東ETF,"1,089",+35.0 (+3.32%) ,,,,,,,,,,,,,
2026-08-21,6101,ツガミ,東P,"5,410",-180.0 (-3.22%) ,3.15,14.98,23.4,27.96,94.86,50.23,(連),1.57,,,,,
2026-08-21,6103,オークマ,東P,"4,935",-45.0 (-0.90%) ,1.19,23.72,5.3,6.57,73.25,5.49,(連),2.03,292.88,0.42,6.51,-3.96,11.39
2026-08-21,6104,芝浦機械,東P,"4,255",-35.0 (-0.82%) ,0.85,97.79,0.9,3.29,69.74,-64.49,(連),3.29,128.95,0.17,-13.64,-44.12,-11.58
2026-08-21,610A,グローバルＸ　宇宙テック１０,東ETF,"1,090",-38.0 (-3.37%) ,,,,,,,,,,,,,
2026-08-21,6111,旭精機工業,名M,"2,012",-5.0 (-0.25%) ,0.33,5.97,5.7,0.92,20.38,605.71,(単),2.98,,,,,
2026-08-21,6113,アマダ,東P,"2,602.5",-22.5 (-0.86%) ,1.51,26.92,5.8,10.24,64.31,-7.02,(連),2.38,126.52,0.67,1.91,7.74,10.80
2026-08-21,6118,アイダエンジニアリング,東P,"1,263",-5.0 (-0.39%) ,0.79,16.29,5.0,7.23,70.83,3.17,(連),3.09,,,,,
2026-08-21,611A,Ｏｎｅ　ＥＴＦ　Ｊ２７−３０年,東ETF,989,-7.0 (-0.70%) ,,,,,,,,,,,,,
2026-08-21,6125,岡本工作機械製作所,東S,"4,795",-85.0 (-1.74%) ,0.74,25.68,3.0,3.57,50.79,-47.36,(連),3.34,,,,,
2026-08-21,612A,Ｏｎｅ　ＥＴＦ　ＪＧＢ逆連動,東ETF,--,-- (--%) ,,,,,,,,,,,,,
2026-08-21,6134,ＦＵＪＩ,東P,"7,257",-68.0 (-0.93%) ,2.75,40.59,7.0,16.21,90.77,104.14,(連),1.24,423.09,0.13,7.77,140.85,35.69
2026-08-21,6135,牧野フライス製作所,東P,"15,030",-180.0 (-1.18%) ,1.35,16.75,8.6,9.59,86.84,35.88,(連),1.80,"1,163.96",0.44,8.31,26.68,12.27
2026-08-21,6136,オーエスジー,東P,"3,639",-35.0 (-0.95%) ,1.65,21.14,8.3,12.66,68.32,12.76,(連),2.42,221.10,0.58,6.26,28.12,7.79
2026-08-21,6137,小池酸素工業,東S,"1,469",+7.0 (+0.48%) ,0.66,8.96,7.7,8.71,23.73,-11.40,(連),3.40,,,,,
2026-08-21,6138,ダイジェット工業,東S,"2,083",+70.0 (+3.48%) ,0.65,7.90,9.0,6.97,57.15,252.31,(連),2.64,,,,,
2026-08-21,613A,ｉＦ　ドイツ０−３カ月短期国債,東ETF,"1,985",+1.0 (+0.05%) ,,,,,,,,,,,,,
2026-08-21,6140,旭ダイヤモンド工業,東P,"1,185",+2.0 (+0.17%) ,0.92,28.96,3.2,5.72,53.52,8.99,(連),2.53,56.79,0.54,-4.05,11.94,3.53
2026-08-21,6141,ＤＭＧ森精機,東P,"2,996.5",-34.5 (-1.14%) ,1.23,19.26,7.3,3.68,84.79,-70.57,(連),3.50,106.91,-0.91,-2.56,-45.23,1.69
2026-08-21,6142,富士精工,名M,"1,700",-35.0 (-2.02%) ,0.26,8.12,3.5,1.14,58.44,345.37,(連),0.88,,,,,
2026-08-21,6143,ソディック,東P,"1,667",-58.0 (-3.36%) ,0.93,18.69,5.2,5.24,71.26,44.22,(連),1.74,107.81,0.77,5.03,24.16,11.06
2026-08-21,6144,西部電機,東S,"2,982",0.0 (0.00%) ,1.33,12.79,10.9,10.68,29.74,31.21,(連),2.82,,,,,
2026-08-21,6145,ＮＩＴＴＯＫＵ,東S,"2,400",+44.0 (+1.87%) ,1.01,11.77,9.0,12.82,80.30,348.33,(連),3.42,194.84,-2.74,0.68,32.43,13.69
2026-08-21,6146,ディスコ,東P,"61,360","+1,040.0 (+1.72%) ",11.32,49.09,25.1,42.34,89.56,9.47,(連),0.82,"1,676.99",1.05,-0.42,25.29,18.75
2026-08-21,6147,ヤマザキ,東S,195,0.0 (0.00%) ,,,,,,,,,,,,,
2026-08-21,6149,小田原エンジニアリング,東S,"2,250",+14.0 (+0.63%) ,0.69,5.55,13.2,16.73,69.43,145.98,(連),3.11,,,,,
2026-08-21,614A,山八商事,東PRO,--,-- (--%) ,,,,,,,,,,,,,
2026-08-21,6150,タケダ機械,東S,"2,775",-25.0 (-0.89%) ,,,,,,,,,,,,,
2026-08-21,6151,日東工器,東P,"1,763",+17.0 (+0.97%) ,0.54,15.39,3.6,4.33,35.36,-41.59,(連),2.27,,,,,
2026-08-21,6155,高松機械工業,東S,535,-14.0 (-2.55%) ,,,,,,,,,,,,,
2026-08-21,6156,エーワン精密,東S,"1,872",-11.0 (-0.58%) ,,,,,,,,,,,,,
2026-08-21,6157,日進工具,東S,854,-3.0 (-0.35%) ,1.12,14.63,8.0,20.63,29.27,13.04,(連),3.51,,,,,
2026-08-21,6158,和井田製作所,東S,987,-3.0 (-0.30%) ,0.61,23.31,2.6,3.81,56.50,-51.63,(連),3.44,,,,,
2026-08-21,6159,ミクロン精密,東S,"1,888",-40.0 (-2.07%) ,0.65,11.62,5.9,10.58,74.19,46.66,(連),1.06,,,,,
2026-08-21,615A,インターパーク,東,--,-- (--%) ,,,,,,,,,,,,,
2026-08-21,6161,エスティック,東S,"1,079",+8.0 (+0.75%) ,0.95,9.24,10.7,19.59,67.63,-3.71,(連),2.69,,,,,
2026-08-21,6165,パンチ工業,東S,526,+1.0 (+0.19%) ,0.63,17.00,3.8,4.82,73.83,36.45,(連),3.72,,,,,
2026-08-21,6166,中村超硬,東G,635,+4.0 (+0.63%) ,6.37,25.33,29.0,-5.89,49.66,-552.38,(連),0.79,,,,,
2026-08-21,6167,冨士ダイス,東P,"1,056",-14.0 (-1.31%) ,1.01,36.38,2.8,4.71,22.68,46.43,(連),3.79,,,,,
2026-08-21,6168,ＯＮＥ　ＧＲＯＵＰ,東PRO,--,-- (--%) ,0.2,2.04,10.2,2.29,0.00,176.22,(連),0.00,,,,,
2026-08-21,616A,数理技研,東PRO,--,-- (--%) ,,,,,,,,,,,,,
2026-08-21,6171,土木管理総合試験所,東S,372,0.0 (0.00%) ,1.02,10.95,9.6,8.71,0.00,16.47,(連),3.23,,,,,
2026-08-21,6174,デンタス,東PRO,--,-- (--%) ,45.14,25.82,403.2,0.77,0.00,122.22,(連),0.00,,,,,
2026-08-21,6176,ブランジスタ,東S,997,+11.0 (+1.12%) ,2.14,20.02,13.8,22.15,0.00,18.64,(連),1.00,138.20,0.04,-9.38,-9.38,9.67
2026-08-21,6177,ＡｐｐＢａｎｋ,東G,83,+1.0 (+1.22%) ,,,,,,,,,,,,,
2026-08-21,6178,日本郵政,東P,"2,336",+22.0 (+0.95%) ,,,,,,,,,146.36,1.19,0.55,16.98,1.03
2026-08-21,617A,レイシャス,東,--,-- (--%) ,,,,,,,,,,,,,
2026-08-21,6180,ＧＭＯメディア,東G,"3,780",-15.0 (-0.40%) ,2.17,10.48,21.8,12.66,22.84,18.05,(連),6.38,,,,,
2026-08-21,6181,タメニー,東G,83,+1.0 (+1.22%) ,,,,,,,,,,,,,
2026-08-21,6182,メタリアル,東G,478,+3.0 (+0.63%) ,2.59,107.90,2.4,4.77,0.00,62.50,(連),0.00,,,,,
2026-08-21,6183,ベルシステム２４ＨＬＤＧ,東P,"1,411",+20.0 (+1.44%) ,1.42,12.80,11.4,8.68,0.00,9.42,(連),4.25,118.57,1.55,0.50,-2.90,3.28
2026-08-21,6184,鎌倉新書,東P,601,-1.0 (-0.17%) ,3.95,29.33,15.7,13.93,0.00,28.45,(連),3.33,26.70,0.74,-0.29,-22.95,19.30
2026-08-21,6185,ＳＭＮ,東S,368,+2.0 (+0.55%) ,1.22,12.37,10.4,4.54,0.00,227.27,(連),0.00,,,,,
2026-08-21,6186,一蔵,東S,384,+2.0 (+0.52%) ,,,,,,,,,,,,,
2026-08-21,6189,グローバルキッズＣＯＭＰＡＮＹ,東S,"1,031",-5.0 (-0.48%) ,1.27,134.77,0.9,3.18,0.00,-1.46,(連),3.88,,,,,
2026-08-21,618A,ＫＯＭＰＥＩＴＯ,東,--,-- (--%) ,,,,,,,,,,,,,
2026-08-21,6190,フェニックスバイオ,東G,346,-2.0 (-0.57%) ,0.91,11.23,8.7,5.24,72.94,186.75,(連),0.00,,,,,
2026-08-21,6191,エアトリ,東P,835,-4.0 (-0.48%) ,1.23,10.51,12.3,11.03,0.32,58.59,(連),1.20,45.30,-0.43,-6.14,-15.95,12.70
2026-08-21,6193,バーチャレクスＨＬＤＧ,東G,"1,134",+19.0 (+1.70%) ,,,,,,,,,,,,,
2026-08-21,6194,アトラエ,東P,902,-8.0 (-0.88%) ,3.96,18.28,26.0,24.27,0.00,17.43,(単),3.44,33.70,-0.85,8.91,-47.62,-0.05
2026-08-21,6195,ホープ,東G,200,-2.0 (-0.99%) ,2.61,11.08,24.0,9.47,0.00,17.29,(連),0.00,,,,,
2026-08-21,6196,ストライクグループ,東P,"1,359",+6.0 (+0.44%) ,3.65,16.59,23.6,31.17,0.00,-6.36,(単),4.41,88.30,1.97,-1.00,-19.85,12.90
2026-08-21,6198,キャリア,東G,206,+2.0 (+0.98%) ,,,,,,,,,,,,,
2026-08-21,6199,セラク,東S,"1,388",+3.0 (+0.22%) ,2.07,10.92,20.6,10.29,0.00,12.17,(連),0.95,139.25,1.05,-1.77,-13.53,9.16
2026-08-21,619A,オリバー,東,--,-- (--%) ,,,,,,,,,,,,,
2026-08-21,6200,インソース,東P,737,-5.0 (-0.67%) ,4.96,14.98,36.8,41.2,0.00,21.40,(連),3.39,53.90,1.44,0.27,-7.42,13.96
2026-08-21,6203,豊和工業,東S,"1,446",-32.0 (-2.17%) ,0.83,23.55,3.7,4.93,13.12,-2.19,(連),1.38,99.40,0.24,-10.00,-21.74,-2.71
2026-08-21,6208,石川製作所,東S,"1,626",-2.0 (-0.12%) ,1.66,16.02,11.1,7.07,0.00,83.59,(連),1.23,,,,,
2026-08-21,6209,リケンＮＰＲ,東P,"3,950",-70.0 (-1.74%) ,0.66,7.57,9.2,7.88,49.03,18.17,(連),5.32,,,,,
2026-08-21,6217,津田駒工業,東S,797,-44.0 (-5.23%) ,,,,,,,,,,,,,
2026-08-21,6218,エンシュウ,東S,633,+1.0 (+0.16%) ,0.38,16.87,2.3,1.98,25.23,125.66,(連),1.58,,,,,
2026-08-21,621A,オーディオストック,東,--,-- (--%) ,,,,,,,,,,,,,
2026-08-21,6222,島精機製作所,東P,973,-1.0 (-0.10%) ,0.4,38.57,1.1,-5.13,81.62,102.51,(連),2.06,17.70,-1.84,-33.33,-52.94,9.51
2026-08-21,6223,西部技研,東S,"1,922",+5.0 (+0.26%) ,1.19,11.14,11.1,13.2,54.43,7.26,(連),3.64,200.70,0.58,5.51,11.79,5.66
2026-08-21,6224,ＪＲＣ,東G,"1,133",+4.0 (+0.35%) ,2.51,10.15,27.2,14.29,0.00,35.32,(連),2.91,,,,,
2026-08-21,6225,エコム,名M,"2,050",0.0 (0.00%) ,1.14,14.25,8.3,14.17,0.00,24.09,(単),1.56,,,,,
2026-08-21,6226,守谷輸送機工業,東S,"2,415",+25.0 (+1.05%) ,5.72,20.56,31.4,25.74,0.00,45.95,(単),1.22,132.73,1.39,1.83,31.38,16.20
2026-08-21,6227,ＡＩメカテック,東S,"5,920",-140.0 (-2.31%) ,,,,,,,,,252.95,0.72,0.00,130.00,32.27
2026-08-21,6228,ジェイ・イー・ティ,東S,497,+2.0 (+0.40%) ,,,,,,,,,,,,,
2026-08-21,6229,オーケーエム,東S,"1,519",+13.0 (+0.86%) ,0.62,8.51,7.6,11.65,17.97,73.92,(連),3.62,,,,,
2026-08-21,622A,テクノクラフト,東,--,-- (--%) ,,,,,,,,,,,,,
2026-08-21,6230,ＳＡＮＥＩ,東S,"2,130",0.0 (0.00%) ,0.64,7.99,8.3,6.3,0.00,-2.12,(連),3.24,,,,,
2026-08-21,6231,木村工機,東S,"13,260",+360.0 (+2.79%) ,,,,,,,,,"1,106.00",0.58,0.00,6.00,12.21
2026-08-21,6232,ＡＣＳＬ,東G,"1,655",-45.0 (-2.65%) ,,,,,,,,,,,,,
2026-08-21,6233,ＫＬＡＳＳ,東S,394,+1.0 (+0.25%) ,0.67,12.27,5.8,2.79,0.00,123.21,(連),2.54,,,,,
2026-08-21,6235,オプトラン,東P,"2,674",-136.0 (-4.84%) ,1.86,36.48,5.1,9.85,96.75,-60.90,(連),2.02,139.95,0.22,-3.12,-13.89,8.29
2026-08-21,6237,イワキポンプ,東P,"4,400",-125.0 (-2.76%) ,2.36,20.17,12.2,12.42,52.68,3.18,(連),1.75,,,,,
2026-08-21,6238,フリュー,東P,"1,392",-32.0 (-2.25%) ,1.56,17.89,8.9,7.4,12.46,44.82,(連),2.87,103.87,0.41,6.44,38.65,4.47
2026-08-21,6239,ナガオカ,東S,"1,380",-20.0 (-1.43%) ,,,,,,,,,,,,,
2026-08-21,623A,ベルテックス,東,--,-- (--%) ,,,,,,,,,,,,,
2026-08-21,6240,ヤマシンフィルタ,東P,537,-6.0 (-1.10%) ,1.64,21.81,7.6,12.38,55.52,-5.02,(連),3.35,29.40,0.95,-1.68,-16.43,6.84
2026-08-21,6245,ヒラノテクシード,東S,"1,739",-10.0 (-0.57%) ,0.67,20.04,3.4,4.95,72.58,-9.93,(連),4.83,72.70,-1.48,-5.88,14.29,-28.10
2026-08-21,6246,テクノスマート,東S,"1,836",+24.0 (+1.32%) ,1.01,11.75,8.9,14.33,77.17,-16.51,(単),4.90,,,,,
2026-08-21,6247,日阪製作所,東P,"1,715",+15.0 (+0.88%) ,0.72,13.17,5.6,7.36,21.18,6.75,(連),3.21,,,,,
2026-08-21,6248,横田製作所,東S,"1,745",0.0 (0.00%) ,1.04,9.56,11.2,20.36,0.00,3.04,(単),3.44,,,,,
2026-08-21,6249,ゲームカードＨＬＤＧ,東S,"2,757",+7.0 (+0.25%) ,0.64,11.85,5.5,17.86,0.00,-45.86,(連),3.63,,,,,
2026-08-21,6250,やまびこ,東P,"4,045",-10.0 (-0.25%) ,1.38,11.46,12.7,11.33,74.56,-6.52,(連),2.22,,,,,
2026-08-21,6254,野村マイクロ・サイエンス,東P,"3,635",+45.0 (+1.25%) ,3.49,36.22,10.1,11.85,58.57,-57.99,(連),2.23,284.70,0.07,19.84,21.77,-1.50
2026-08-21,6255,エヌ・ピー・シー,東G,686,-13.0 (-1.86%) ,1.37,11.18,12.9,20.71,87.66,-20.77,(連),1.46,28.60,-0.46,12.50,-52.63,-13.39
2026-08-21,6257,藤商事,東S,"1,007",+1.0 (+0.10%) ,,,,,,,,,,,,,
2026-08-21,6258,平田機工,東P,"3,525",+100.0 (+2.92%) ,1.41,17.75,8.4,8.76,53.10,21.57,(連),1.99,218.20,1.59,-0.45,0.27,5.62
2026-08-21,625A,Ｓｋｙｆａｌｌ,東,--,-- (--%) ,,,,,,,,,,,,,
2026-08-21,6262,ＰＥＧＡＳＵＳ,東S,535,0.0 (0.00%) ,0.39,40.47,1.0,4.37,92.88,-29.00,(連),5.61,12.50,-7.86,-41.67,-77.42,0.59
2026-08-21,6264,マルマエ,東P,"2,045",-39.0 (-1.87%) ,6.35,38.19,17.8,18.44,0.00,"4,509.52",(連),0.98,,,,,
2026-08-21,6265,コンバム,東S,"3,210",-65.0 (-1.98%) ,0.81,19.80,4.2,14.83,36.68,-4.39,(連),1.56,,,,,
2026-08-21,6266,タツモ,東P,"3,545",-75.0 (-2.07%) ,1.93,14.51,14.0,13.46,63.51,-16.49,(連),0.96,189.20,-0.85,-2.37,-35.62,0.05
2026-08-21,6267,ゼネラルパッカー,東S,"3,990",0.0 (0.00%) ,0.94,8.79,11.1,10.61,23.76,4.71,(連),2.76,,,,,
2026-08-21,6268,ナブテスコ,東P,"4,527",-88.0 (-1.91%) ,1.95,34.41,5.8,6.73,49.58,37.52,(連),1.77,193.58,0.51,1.59,41.13,2.52
2026-08-21,6269,三井海洋開発,東P,"9,600",-430.0 (-4.29%) ,,,,,,,,,900.32,0.00,2.68,45.13,"1,227.44"
2026-08-21,626A,ｉＦ　ゴールドプラスインカム,東,--,-- (--%) ,,,,,,,,,,,,,
2026-08-21,6272,レオン自動機,東P,"1,532",-9.0 (-0.58%) ,0.96,10.59,9.5,12.31,71.58,3.19,(連),3.79,137.00,-2.13,0.00,0.88,3.98
2026-08-21,6273,ＳＭＣ,東P,"71,090",+400.0 (+0.57%) ,2.12,26.93,8.3,22.62,79.07,12.23,(連),1.41,"3,099.00",1.31,1.12,13.19,13.74
2026-08-21,6276,シリウスビジョン,東S,366,-39.0 (-9.63%) ,,,,,,,,,,,,,
2026-08-21,6277,ホソカワミクロン,東P,"5,300",+170.0 (+3.31%) ,1.15,17.32,7.0,9.04,81.30,-16.51,(連),2.26,,,,,
2026-08-21,6278,ユニオンツール,東P,"14,450",-450.0 (-3.02%) ,3.15,40.84,8.0,21.73,74.57,14.08,(連),0.90,617.35,0.32,9.26,56.91,28.09
2026-08-21,6279,瑞光,東P,925,-3.0 (-0.32%) ,0.68,12.41,5.6,0.77,72.50,334.90,(連),1.30,,,,,
2026-08-21,627A,ａｋｉｐｐａ,東,--,-- (--%) ,,,,,,,,,,,,,
2026-08-21,6282,オイレス工業,東P,"2,894",+13.0 (+0.45%) ,1.06,16.85,6.4,10.09,39.02,-1.92,(連),2.94,,,,,
2026-08-21,6284,日精エー・エス・ビー機械,東P,"8,760",-70.0 (-0.79%) ,2.23,16.96,13.9,24.38,68.31,36.26,(連),2.28,628.37,0.65,0.73,20.00,17.79
2026-08-21,6286,靜甲,東S,"1,441",-14.0 (-0.96%) ,0.53,7.56,7.4,3.98,0.00,3.36,(連),1.80,,,,,
2026-08-21,6287,サトー,東P,"2,759",-13.0 (-0.47%) ,1.05,17.61,6.3,6.76,47.97,-11.33,(連),2.75,230.45,0.26,-1.51,-17.38,4.51
2026-08-21,6289,技研製作所,東P,"1,950",-9.0 (-0.46%) ,1.28,34.98,3.7,9.74,19.04,-23.73,(連),2.77,91.70,0.33,6.78,21.15,-2.00
2026-08-21,6291,日本エアーテック,東S,"1,352",-6.0 (-0.44%) ,0.91,12.08,7.8,8.22,0.00,5.04,(単),4.07,,,,,
2026-08-21,6292,カワタ,東S,860,+2.0 (+0.23%) ,0.46,162.57,0.3,2.31,70.03,-44.63,(連),4.42,,,,,
2026-08-21,6294,オカダアイヨン,東P,"1,951",+15.0 (+0.77%) ,0.87,10.53,8.5,8.38,23.44,4.69,(連),3.84,223.40,0.42,-5.45,-10.34,4.81
2026-08-21,6298,ワイエイシイＨＬＤＧ,東P,"1,331",-19.0 (-1.41%) ,,,,,,,,,,,,,
2026-08-21,6301,小松製作所,東P,"7,065",+16.0 (+0.23%) ,1.81,17.07,11.3,13.73,89.73,-11.17,(連),2.69,432.69,3.59,1.55,-3.89,2.71
2026-08-21,6302,住友重機械工業,東P,"5,615",-68.0 (-1.20%) ,0.99,21.81,4.7,4.83,59.75,-3.81,(連),2.23,293.40,1.39,0.97,-2.28,1.35
2026-08-21,6305,日立建機,東P,"5,644",+8.0 (+0.14%) ,1.33,16.40,8.6,9.46,84.06,-7.41,(連),3.10,413.83,0.67,-0.05,9.81,2.91
2026-08-21,6306,日工,東P,"1,034",-4.0 (-0.39%) ,1.07,15.70,7.1,6.28,9.02,11.53,(連),3.87,,,,,
2026-08-21,6307,サンセイ,東S,478,+3.0 (+0.63%) ,0.7,4.83,15.4,14.82,0.00,129.23,(連),6.28,,,,,
2026-08-21,6309,巴工業,東P,"2,011",+12.0 (+0.60%) ,1.41,15.63,9.4,9.02,14.70,13.11,(連),3.00,146.30,1.00,1.72,-4.84,10.21
2026-08-21,630A,ニッセイ　ＴＯＰＩＸ　年４回,東,--,-- (--%) ,,,,,,,,,,,,,
2026-08-21,6310,井関農機,東P,"1,832",-12.0 (-0.65%) ,0.56,15.03,3.9,2.27,30.32,161.19,(連),2.18,,,,,
2026-08-21,6315,ＴＯＷＡ,東P,"2,274",-34.0 (-1.47%) ,2.42,37.14,7.0,12.72,87.28,-26.10,(連),0.88,116.03,0.22,2.02,6.01,12.86
2026-08-21,6316,丸山製作所,東S,"2,871",+27.0 (+0.95%) ,0.55,15.58,3.7,2.62,22.45,5.77,(連),2.79,,,,,
2026-08-21,6317,北川鉄工所,東S,"1,881",+11.0 (+0.59%) ,0.38,5.56,7.1,4.6,18.57,9.94,(連),5.42,,,,,
2026-08-21,6322,タクミナ,東S,"1,587",-3.0 (-0.19%) ,0.96,8.89,11.4,14.62,12.36,3.47,(連),3.40,,,,,
2026-08-21,6323,ローツェ,東P,"3,929",+36.0 (+0.92%) ,5.23,35.94,15.4,24.19,92.27,-7.99,(連),0.43,173.10,0.39,2.19,18.72,16.13
2026-08-21,6324,ハーモニック・ドライブ・システ,東P,"5,700",-130.0 (-2.23%) ,6.71,335.49,2.0,4.31,59.05,"1,581.46",(連),0.35,62.84,0.34,0.74,12.22,15.07
2026-08-21,6325,タカキタ,東S,418,+6.0 (+1.46%) ,0.56,22.95,2.5,4.98,3.19,-5.76,(単),2.39,,,,,
2026-08-21,6326,クボタ,東P,"2,712",+63.0 (+2.38%) ,1.18,16.59,7.3,8.79,77.30,-15.85,(連),1.84,224.66,0.31,1.51,40.36,3.88
2026-08-21,6327,北川精機,東S,"3,235",-235.0 (-6.77%) ,,,,,,,,,128.60,0.68,0.00,36.36,26.72
2026-08-21,6328,荏原実業,東P,"2,458",+44.0 (+1.82%) ,2.1,13.34,17.1,14.85,0.00,42.16,(連),2.44,,,,,
2026-08-21,632A,,東,--,-- (--%) ,,,,,,,,,,,,,
2026-08-21,6330,東洋エンジニアリング,東P,"2,328",-80.0 (-3.32%) ,,,,,,,,,134.80,-0.12,45.21,21.84,-17.41
2026-08-21,6331,三菱化工機,東P,"3,265",+45.0 (+1.40%) ,1.66,9.85,18.2,10.9,38.28,68.18,(連),3.52,,,,,
2026-08-21,6332,月島ＨＬＤＧ,東P,"2,737",+1.0 (+0.04%) ,1.1,6.63,17.7,6.61,7.40,7.15,(連),3.11,205.45,-0.27,-1.19,0.40,5.73
2026-08-21,6333,ＴＥＩＫＯＫＵ,東P,"3,375",+5.0 (+0.15%) ,,,,,,,,,241.40,-1.53,0.00,-21.54,0.74
2026-08-21,6334,明治機械,東S,500,+2.0 (+0.40%) ,,,,,,,,,,,,,
2026-08-21,6335,東京機械製作所,東S,583,-5.0 (-0.85%) ,0.5,4.45,12.0,8.53,0.68,3.46,(連),0.00,,,,,
2026-08-21,6336,石井表記,東S,"1,642",-33.0 (-1.97%) ,1.23,14.84,8.7,7.28,73.42,6.76,(連),1.71,,,,,
2026-08-21,6337,テセック,東S,"3,055",-30.0 (-0.97%) ,1.12,35.32,3.3,5.41,88.48,-16.32,(連),3.27,224.60,0.09,123.08,141.67,12.07
2026-08-21,6338,タカトリ,東S,"1,688",0.0 (0.00%) ,0.9,15.75,5.8,11.19,54.13,-69.14,(連),2.37,,,,,
2026-08-21,6339,新東工業,東P,"1,215",-14.0 (-1.14%) ,,,,,,,,,,,,,
2026-08-21,633A,,東,--,-- (--%) ,,,,,,,,,,,,,
2026-08-21,6340,澁谷工業,東P,"5,140",-100.0 (-1.91%) ,1.32,14.15,9.6,10.66,41.38,1.58,(連),1.85,325.30,-1.54,0.00,-17.91,-7.70
2026-08-21,6342,太平製作所,東S,"3,055",+55.0 (+1.83%) ,0.55,9.05,6.2,8.98,15.33,-36.99,(連),2.62,,,,,
2026-08-21,6343,フリージア・マクロス,東S,152,0.0 (0.00%) ,0.4,3.97,11.7,18.68,0.00,12.20,(連),0.39,,,,,
2026-08-21,6345,アイチ,東P,"1,435",+25.0 (+1.77%) ,,,,,,,,,103.80,4.46,-11.70,-8.79,1.83
2026-08-21,6346,キクカワエンタープライズ,東S,"5,800",0.0 (0.00%) ,0.54,21.60,2.5,9.77,20.05,-56.72,(単),1.72,,,,,
2026-08-21,6347,プラコー,東S,253,-3.0 (-1.17%) ,1.46,29.01,5.1,5.15,8.29,197.12,(連),2.37,,,,,
2026-08-21,6349,小森コーポレーション,東P,"2,024",+39.0 (+1.96%) ,0.87,14.57,6.2,7.93,72.76,40.71,(連),3.46,,,,,
2026-08-21,6351,鶴見製作所,東P,"2,347",+10.0 (+0.43%) ,,,,,,,,,,,,,
2026-08-21,6356,日本ギア工業,東S,"1,299",-11.0 (-0.84%) ,1.28,10.56,13.0,24.86,0.00,16.50,(単),0.77,,,,,
2026-08-21,6357,三精テクノロジーズ,東S,"2,570",+9.0 (+0.35%) ,0.91,9.18,10.6,8.99,55.73,28.32,(連),3.50,,,,,
2026-08-21,6358,酒井重工業,東P,"2,172",-12.0 (-0.55%) ,0.59,10.55,5.7,5.77,54.59,5.82,(連),4.93,139.90,-0.49,41.67,-15.00,3.78
2026-08-21,6360,東京自働機械製作所,東S,"4,625",-80.0 (-1.70%) ,0.64,8.03,8.2,6.9,34.71,-49.74,(単),3.46,,,,,
2026-08-21,6361,荏原製作所,東P,"4,921",-105.0 (-2.09%) ,4.42,29.59,15.6,11.88,66.57,11.14,(連),1.20,214.41,0.81,0.16,23.40,10.07
2026-08-21,6363,酉島製作所,東P,"3,170",+35.0 (+1.12%) ,1.39,14.09,10.2,5.39,60.78,14.63,(連),1.99,164.35,-0.71,-12.90,-35.71,5.48
2026-08-21,6364,ＡＩＲＭＡＮ,東P,"2,483",-46.0 (-1.82%) ,1.49,12.11,13.0,12.92,34.98,16.35,(連),2.90,159.60,-0.72,-19.23,-17.11,3.12
2026-08-21,6365,電業社機械製作所,東S,"5,570",-70.0 (-1.24%) ,0.75,8.83,8.9,12.4,18.46,7.06,(連),3.77,,,,,
2026-08-21,6366,千代田化工建設,東S,696,-12.0 (-1.69%) ,4.11,2.18,123.1,16.62,71.06,187.22,(連),0.00,76.12,-0.12,11.46,12.08,-10.57
2026-08-21,6367,ダイキン工業,東P,"20,700",-160.0 (-0.77%) ,,,,,,,,,995.82,3.52,-0.05,-3.91,6.10
2026-08-21,6368,オルガノ,東P,"13,575",+150.0 (+1.12%) ,4.37,21.98,21.5,21.19,68.72,20.52,(連),1.47,674.10,2.18,-0.89,13.52,11.32
2026-08-21,6369,トーヨーカネツ,東P,"2,453",-2.0 (-0.08%) ,,,,,,,,,,,,,
2026-08-21,6370,栗田工業,東P,"8,026",-47.0 (-0.58%) ,2.57,55.22,4.7,14.47,47.41,82.77,(連),1.40,387.95,0.12,0.78,32.58,3.82
2026-08-21,6371,椿本チエイン,東P,"2,687",+37.0 (+1.40%) ,0.94,9.08,10.7,7.29,63.31,-2.08,(連),2.98,194.30,-0.40,-5.66,-5.66,2.50
2026-08-21,6376,日機装,東P,"3,450",-115.0 (-3.23%) ,1.42,16.73,9.2,7.11,67.21,72.38,(連),1.16,222.20,2.07,13.43,74.31,7.15
2026-08-21,6378,木村化工機,東S,"1,217",-25.0 (-2.01%) ,,,,,,,,,,,,,
2026-08-21,6379,レイズネクスト,東P,"3,180",+65.0 (+2.09%) ,,,,,,,,,,,,,
2026-08-21,6380,オリエンタルチエン工業,東S,"3,915",+135.0 (+3.57%) ,2.77,43.37,6.4,0.36,15.19,-111.72,(連),0.77,,,,,
2026-08-21,6381,アネスト岩田,東P,"1,951",-8.0 (-0.41%) ,1.51,14.34,11.0,9.95,65.43,8.11,(連),4.46,,,,,
2026-08-21,6382,トリニティ工業,東S,"1,234",+8.0 (+0.65%) ,0.57,7.40,8.0,8.19,20.71,5.88,(連),5.43,,,,,
2026-08-21,6383,ダイフク,東P,"5,900",+62.0 (+1.06%) ,4.8,27.78,18.4,15.26,66.63,40.47,(連),1.32,237.66,2.06,-0.06,19.81,13.45
2026-08-21,6384,昭和真空,東S,"1,651",+10.0 (+0.61%) ,0.84,11.75,7.3,11.93,47.88,39.90,(連),4.24,,,,,
2026-08-21,6387,サムコ,東P,"8,880",-190.0 (-2.09%) ,5.26,42.03,13.1,25.07,38.39,13.65,(単),0.68,236.50,3.22,3.85,-6.90,14.74
2026-08-21,6390,加藤製作所,東P,"1,345",-7.0 (-0.52%) ,0.35,3.37,10.4,-4.12,21.46,-231.41,(連),5.20,,,,,
2026-08-21,6391,加地テック,東S,"4,550",-25.0 (-0.55%) ,0.89,10.40,8.9,11.86,14.74,27.05,(単),1.32,,,,,
2026-08-21,6392,ヤマダコーポレーション,東S,"7,650",+10.0 (+0.13%) ,1.01,10.57,10.0,16.44,62.95,23.49,(連),2.88,,,,,
2026-08-21,6393,油研工業,東S,"3,035",-5.0 (-0.16%) ,0.46,10.67,4.4,5.26,22.51,-11.75,(連),4.94,,,,,
2026-08-21,6395,タダノ,東P,"1,343",-9.0 (-0.67%) ,0.82,9.28,9.3,5.31,64.11,-28.38,(連),3.28,116.52,-0.59,-1.72,2.93,17.19
2026-08-21,6396,宇野澤組鐵工所,東S,--,-- (--%) ,1.31,11.46,12.1,11.43,8.52,-1.78,(単),1.11,,,,,
2026-08-21,6400,不二精機,東S,291,+5.0 (+1.75%) ,0.64,10.21,6.4,5.44,73.49,27.44,(連),2.41,,,,,
2026-08-21,6402,兼松エンジニアリング,東S,"1,598",+23.0 (+1.46%) ,0.98,7.51,13.8,9.51,0.00,39.36,(単),4.63,,,,,
2026-08-21,6405,鈴茂器工,東S,"1,162",-8.0 (-0.68%) ,1.0,22.82,4.2,6.36,36.76,-46.43,(連),3.01,71.70,0.40,0.00,-52.00,6.17
2026-08-21,6407,ＣＫＤ,東P,"5,580",-90.0 (-1.59%) ,2.43,27.46,9.4,12.44,36.04,3.65,(連),1.45,296.49,0.42,0.33,26.62,11.70
2026-08-21,6408,小倉クラッチ,東S,"4,230",+5.0 (+0.12%) ,0.32,4.21,8.0,3.31,52.16,87.58,(連),2.36,,,,,
2026-08-21,6412,平和,東P,"2,230",+27.0 (+1.23%) ,0.88,18.85,4.7,16.82,0.00,57.75,(連),3.59,199.40,0.16,1.09,-22.32,40.13
2026-08-21,6413,理想科学工業,東P,"1,142",+30.0 (+2.70%) ,1.04,16.62,6.5,6.47,52.90,-7.73,(連),4.38,,,,,
2026-08-21,6417,ＳＡＮＫＹＯ,東P,"1,911",+2.0 (+0.10%) ,1.51,8.39,17.6,34.87,0.00,-14.21,(連),4.71,209.16,-1.12,-1.44,-27.19,-3.24
2026-08-21,6418,日本金銭機械,東P,"1,235",-2.0 (-0.16%) ,0.93,7.13,13.8,7.91,82.95,-24.62,(連),3.24,,,,,
2026-08-21,6419,マースグループＨＬＤＧ,東P,"3,160",+5.0 (+0.16%) ,,,,,,,,,,,,,
2026-08-21,6420,ガリレイＨＬＤＧ,東P,"3,540",+60.0 (+1.72%) ,,,,,,,,,307.40,52.61,-0.80,9.06,4.99
2026-08-21,6424,高見沢サイバネティックス,東S,898,+4.0 (+0.45%) ,0.6,7.95,7.9,4.79,0.00,-54.17,(連),2.56,,,,,
2026-08-21,6425,ユニバーサルエンターテインメン,東S,728,+3.0 (+0.41%) ,,,,,,,,,,,,,
2026-08-21,6428,オーイズミ,東S,326,+4.0 (+1.24%) ,0.39,12.29,3.2,3.25,0.00,818.06,(連),3.68,,,,,
2026-08-21,6430,ダイコク電機,東P,"2,462",+1.0 (+0.04%) ,0.72,6.22,12.1,17.8,0.00,-19.62,(連),4.06,,,,,
2026-08-21,6432,竹内製作所,東P,"7,370",+70.0 (+0.96%) ,1.82,12.04,16.0,16.73,99.39,10.05,(連),2.85,581.56,-2.53,1.80,11.74,8.85
2026-08-21,6433,ヒーハイスト,東S,"1,035",-20.0 (-1.90%) ,,,,,,,,,,,,,
2026-08-21,6436,アマノ,東P,"3,864",+23.0 (+0.60%) ,1.93,13.49,14.7,12.78,48.02,-1.15,(連),4.66,257.15,-1.47,-5.24,-10.24,2.63
2026-08-21,6439,中日本鋳工,名M,383,-12.0 (-3.04%) ,,,,,,,,,,,,,
2026-08-21,6440,ＪＵＫＩ,東P,603,-6.0 (-0.99%) ,0.56,12.84,4.4,3.0,82.90,142.44,(連),1.66,71.10,0.17,-3.23,11.11,-2.76
2026-08-21,6444,サンデン,東S,202,+5.0 (+2.54%) ,0.84,82.11,1.1,-0.79,93.64,"1,107.95",(連),0.00,,,,,
2026-08-21,6445,ジャノメ,東P,"1,436",-23.0 (-1.58%) ,0.7,43.01,1.7,4.9,74.65,-7.25,(連),3.83,,,,,
2026-08-21,6448,ブラザー工業,東P,"4,608",+48.0 (+1.05%) ,1.5,17.19,9.3,8.72,90.04,9.75,(連),2.17,325.16,0.66,7.52,21.63,4.27
2026-08-21,6454,マックス,東P,"1,777",+6.0 (+0.34%) ,2.77,23.21,12.6,17.64,52.30,24.13,(連),2.08,86.40,1.59,3.01,16.10,8.69
2026-08-21,6455,モリタＨＬＤＧ,東P,"2,424",+4.0 (+0.17%) ,0.98,10.79,9.6,13.26,20.22,9.47,(連),2.64,,,,,
2026-08-21,6457,グローリー,東P,"4,818",+61.0 (+1.28%) ,1.2,16.92,7.3,8.76,31.82,-28.76,(連),2.32,342.30,0.69,0.61,-2.24,-0.66
2026-08-21,6458,新晃工業,東P,"1,242",+5.0 (+0.40%) ,1.32,12.47,11.0,15.92,14.62,-5.22,(連),4.03,96.80,-4.56,-5.66,-14.53,4.71
2026-08-21,6459,だいわ,東P,"1,688",+29.0 (+1.75%) ,,,,,,,,,,,,,
2026-08-21,6460,セガサミーＨＬＤＧ,東P,"2,791.5",+10.5 (+0.38%) ,,,,,,,,,177.18,-0.02,-0.09,-29.46,9.15
2026-08-21,6463,ＴＰＲ,東P,"1,560",+4.0 (+0.26%) ,,,,,,,,,159.20,0.87,23.10,32.22,1.70
2026-08-21,6464,ツバキ・ナカシマ,東P,348,-6.0 (-1.69%) ,,,,,,,,,,,,,
2026-08-21,6465,ホシザキ,東P,"5,662",+6.0 (+0.11%) ,2.04,21.00,10.1,10.69,53.30,-2.63,(連),2.03,300.89,1.62,0.18,-2.94,9.82
2026-08-21,6466,ＴＶＥ,東S,"3,780",+60.0 (+1.61%) ,,,,,,,,,,,,,
2026-08-21,6467,ニチダイ,東S,345,0.0 (0.00%) ,,,,,,,,,,,,,
2026-08-21,6469,放電精密加工研究所,東S,"2,827",-78.0 (-2.69%) ,,,,,,,,,81.50,6.20,5.88,22.73,13.96
2026-08-21,6470,大豊工業,東S,"1,164",-24.0 (-2.02%) ,,,,,,,,,,,,,
2026-08-21,6471,日本精工,東P,"1,117.5",+2.0 (+0.18%) ,,,,,,,,,63.48,0.49,1.02,36.27,14.14
2026-08-21,6472,ＮＴＮ,東P,374,+2.1 (+0.56%) ,0.75,15.98,4.9,3.76,74.39,124.19,(連),2.94,26.75,0.97,3.39,24.49,2.49
2026-08-21,6473,ジェイテクト,東P,"2,077.5",-11.5 (-0.55%) ,0.84,55.22,1.6,1.29,61.94,-11.33,(連),2.89,163.37,0.04,-1.63,26.56,1.97
2026-08-21,6474,不二越,東P,"5,740",+230.0 (+4.17%) ,0.73,24.58,3.2,4.14,50.84,97.59,(連),1.74,330.80,0.40,6.37,32.32,2.03
2026-08-21,6479,ミネベアミツミ,東P,"3,365",-52.0 (-1.52%) ,1.5,13.65,12.1,6.25,71.29,61.94,(連),1.49,207.21,-1.03,-0.09,8.63,5.91
2026-08-21,6480,日本トムソン,東P,"1,703",-22.0 (-1.28%) ,,,,,,,,,141.86,0.09,35.79,200.00,21.36
2026-08-21,6481,ＴＨＫ,東P,"6,933",-70.0 (-1.00%) ,,,,,,,,,324.88,-0.14,0.39,48.40,-5.43
2026-08-21,6482,ＹＵＳＨＩＮ,東S,733,-1.0 (-0.14%) ,0.7,86.13,0.8,3.58,60.16,-64.18,(連),2.73,,,,,
2026-08-21,6484,ＫＶＫ,東S,"2,221",0.0 (0.00%) ,,,,,,,,,,,,,
2026-08-21,6485,前澤給装工業,東S,"1,674",+16.0 (+0.97%) ,0.84,12.79,6.7,8.61,0.00,-6.34,(単),3.76,,,,,
2026-08-21,6486,イーグル工業,東P,"2,990",-15.0 (-0.50%) ,1.02,13.79,8.0,7.59,64.33,42.80,(連),4.18,,,,,
2026-08-21,6488,ヨシタケ,東S,"1,034",-8.0 (-0.77%) ,0.72,8.90,8.4,12.76,41.38,58.45,(連),3.38,,,,,
2026-08-21,6490,ＰＩＬＬＡＲ,東P,"9,760",-280.0 (-2.79%) ,2.81,25.14,11.7,20.36,34.70,12.83,(連),1.33,634.27,0.25,14.81,72.22,15.78
2026-08-21,6492,岡野バルブ製造,東S,"13,830",-790.0 (-5.40%) ,1.85,26.85,7.1,12.33,4.93,-23.69,(連),0.43,,,,,
2026-08-21,6493,ＮＩＴＴＡＮ,東S,512,+4.0 (+0.79%) ,0.48,6.62,7.4,7.74,64.27,133.28,(連),3.91,,,,,
2026-08-21,6494,ＮＦＫ　ＨＬＤＧ,東S,97,0.0 (0.00%) ,0.81,51.60,1.5,7.38,0.00,81.70,(連),0.00,,,,,
2026-08-21,6495,宮入バルブ製作所,東S,123,0.0 (0.00%) ,,,,,,,,,,,,,
2026-08-21,6496,中北製作所,東S,"5,590",+30.0 (+0.54%) ,,,,,,,,,,,,,
2026-08-21,6497,ハマイ,東S,"1,425",+13.0 (+0.92%) ,0.56,9.85,5.8,9.61,0.00,12.28,(連),2.81,,,,,
2026-08-21,6498,キッツ,東P,"1,927",-12.0 (-0.62%) ,1.42,14.62,10.1,8.75,34.08,5.20,(連),2.75,163.90,0.49,-4.11,10.28,9.82
2026-08-21,6501,日立製作所,東P,"5,196",-67.0 (-1.27%) ,3.56,29.40,12.9,11.33,63.04,32.24,(連),0.96,215.59,1.11,0.57,9.96,8.90
2026-08-21,6503,三菱電機,東P,"5,602",-53.0 (-0.94%) ,2.56,28.25,9.7,7.35,50.25,20.31,(連),0.98,248.64,0.90,0.08,39.05,7.03
2026-08-21,6504,富士電機,東P,"13,885",+250.0 (+1.83%) ,2.56,20.87,13.1,11.13,20.86,17.30,(連),1.44,721.00,2.25,-2.66,14.54,7.48
2026-08-21,6505,東洋電機製造,東S,"2,390",+2.0 (+0.08%) ,,,,,,,,,310.30,-1.30,0.00,14.81,4.18
2026-08-21,6506,安川電機,東P,"4,979",-44.0 (-0.88%) ,,,,,,,,,183.78,0.78,0.29,7.85,5.21
2026-08-21,6507,シンフォニア　テクノロジー,東P,"12,360",-140.0 (-1.12%) ,3.53,24.05,16.2,14.4,28.43,17.89,(連),1.25,569.45,2.03,0.03,15.37,10.13
2026-08-21,6508,明電舎,東P,"11,480",+250.0 (+2.23%) ,2.98,22.04,15.1,8.31,27.85,31.60,(連),1.37,481.62,-3.10,8.57,42.34,10.09
2026-08-21,6513,オリジン,東S,"1,294",+14.0 (+1.09%) ,,,,,,,,,,,,,
2026-08-21,6516,山洋電気,東P,"5,500",0.0 (0.00%) ,,,,,,,,,345.15,0.38,6.07,35.93,17.21
2026-08-21,6517,デンヨー,東P,"4,075",0.0 (0.00%) ,1.01,14.74,7.1,10.74,43.45,6.55,(連),2.45,292.30,2.44,3.57,3.57,2.61
2026-08-21,6518,三相電機,東S,"1,751",+2.0 (+0.11%) ,0.64,14.08,4.6,4.34,28.10,534.56,(連),1.43,,,,,
2026-08-21,6521,オキサイド,東G,"3,345",-5.0 (-0.15%) ,,,,,,,,,,,,,
2026-08-21,6522,アスタリスク,東G,"2,008",-10.0 (-0.50%) ,,,,,,,,,,,,,
2026-08-21,6523,ＰＨＣＨＬＤＧ,東P,"1,473",-13.0 (-0.87%) ,,,,,,,,,132.72,0.00,5.72,42.16,1.04
2026-08-21,6524,湖北工業,東S,"4,660",-50.0 (-1.06%) ,5.15,40.62,12.8,26.49,67.99,-6.36,(連),0.71,143.57,1.31,3.69,12.50,13.46
2026-08-21,6525,ＫＯＫＵＳＡＩ　ＥＬＥＣＴＲＩ,東P,"8,321",+206.0 (+2.54%) ,8.87,64.50,14.5,17.8,90.30,-19.79,(連),0.44,213.88,0.58,1.25,18.53,17.23
2026-08-21,6526,ソシオネクスト,東P,"1,990",+56.0 (+2.90%) ,2.62,40.01,6.5,6.15,63.13,-53.20,(連),2.51,77.46,0.45,-2.21,-36.30,11.21
2026-08-21,6527,ワカ製作所,東PRO,--,-- (--%) ,1.0,21.75,4.7,2.43,0.00,140.00,(単),0.00,,,,,
2026-08-21,6532,ベイカレント,東P,"7,485",-230.0 (-2.98%) ,,,,,,,,,319.64,0.85,0.02,1.37,28.87
2026-08-21,6533,Ｏｒｃｈｅｓｔｒａ　ＨＬＤＧ,東P,"1,229",+19.0 (+1.57%) ,1.78,14.47,13.0,9.14,0.00,5.55,(連),0.98,,,,,
2026-08-21,6535,アイモバイル,東P,515,-4.0 (-0.77%) ,1.78,10.02,18.7,19.2,0.00,17.64,(連),5.05,,,,,
2026-08-21,6537,ＷＡＳＨハウス,東G,295,-5.0 (-1.67%) ,,,,,,,,,,,,,
2026-08-21,6538,ディスラプターズ,東S,241,-2.0 (-0.82%) ,1.83,7.25,27.9,14.2,0.00,106.27,(連),2.90,,,,,
2026-08-21,6539,ＭＳ―Ｊａｐａｎ,東P,"1,014",+1.0 (+0.10%) ,2.65,24.35,10.8,21.88,0.00,0.18,(連),5.52,,,,,
2026-08-21,6540,船場,東S,"1,542",+1.0 (+0.06%) ,1.13,10.85,10.7,7.02,12.01,17.10,(連),4.93,,,,,
2026-08-21,6543,日宣,東S,"1,303",+83.0 (+6.80%) ,1.28,7.57,17.8,7.48,0.00,163.17,(連),2.46,,,,,
2026-08-21,6544,ジャパンエレベーターサービスＨ,東P,"1,551.5",-11.5 (-0.74%) ,11.28,37.80,32.9,19.11,0.00,27.67,(連),1.35,49.26,1.59,-0.20,-1.12,16.05
2026-08-21,6545,インターネットインフィニティー,東G,813,-8.0 (-0.97%) ,2.43,13.46,18.6,9.1,0.00,43.31,(連),2.21,84.20,0.25,14.52,18.33,8.89
2026-08-21,6546,フルテック,東S,"1,150",+14.0 (+1.23%) ,0.88,24.68,3.7,3.36,0.00,-22.01,(連),2.78,,,,,
2026-08-21,6547,グリーンズ,東S,"2,055",+25.0 (+1.23%) ,,,,,,,,,367.65,2.03,0.00,10.29,8.78
2026-08-21,6548,旅工房,東G,113,+1.0 (+0.89%) ,,,,,,,,,,,,,
2026-08-21,6549,ディーエムソリューションズ,東S,"1,049",-19.0 (-1.78%) ,1.48,9.04,18.0,3.67,0.00,41.17,(連),1.72,,,,,
2026-08-21,6551,ツナググループＨＬＤＧ,東S,621,+2.0 (+0.32%) ,2.57,10.21,27.1,4.8,0.00,43.29,(連),2.25,,,,,
2026-08-21,6552,ＧａｍｅＷｉｔｈ,東S,177,+1.0 (+0.57%) ,,,,,,,,,,,,,
2026-08-21,6554,エスユーエス,東G,"1,070",-3.0 (-0.28%) ,2.26,10.35,23.5,8.07,0.00,46.28,(連),4.21,,,,,
2026-08-21,6555,ＭＳ＆Ｃｏｎｓｕｌｔｉｎｇ,東S,423,+4.0 (+0.95%) ,0.64,10.52,6.2,9.75,0.00,204.85,(連),0.00,,,,,
2026-08-21,6557,ＡＩＡＩグループ,東G,785,+19.0 (+2.48%) ,1.57,8.22,20.5,7.55,0.00,7.00,(連),0.00,,,,,
2026-08-21,6558,クックビズ,東G,665,+3.0 (+0.45%) ,,,,,,,,,,,,,
2026-08-21,6560,エル・ティー・エス,東P,"1,695",+28.0 (+1.68%) ,1.57,11.02,15.3,6.93,0.00,20.95,(連),2.06,,,,,
2026-08-21,6561,ＨＡＮＡＴＯＵＲ　ＪＡＰＡＮ,東G,817,+11.0 (+1.36%) ,2.29,7.41,34.8,27.83,55.89,18.02,(連),4.90,,,,,
2026-08-21,6562,ジーニー,東G,863,-5.0 (-0.58%) ,1.68,9.05,14.1,15.17,16.35,-41.26,(連),0.00,207.70,0.04,0.00,-0.26,92.17
2026-08-21,6563,みらいワークス,東G,472,+4.0 (+0.85%) ,1.89,27.49,7.0,2.55,0.00,-49.40,(連),0.00,,,,,
2026-08-21,6564,ミダックＨＬＤＧ,東P,"2,040",-39.0 (-1.88%) ,3.13,19.55,17.3,39.87,0.00,4.47,(連),0.88,125.40,0.82,2.34,-0.64,12.23
2026-08-21,6565,ＡＢホテル,名M,"1,310",0.0 (0.00%) ,,,,,,,,,,,,,
2026-08-21,6566,要興業,東S,"1,333",-7.0 (-0.52%) ,1.02,13.39,7.8,14.13,0.00,4.48,(連),2.18,,,,,
2026-08-21,6568,神戸天然物化学,東G,"1,251",+5.0 (+0.40%) ,,,,,,,,,,,,,
2026-08-21,6570,共和コーポレーション,東S,"3,880",-90.0 (-2.27%) ,3.94,20.62,20.8,8.48,0.00,35.17,(連),0.64,,,,,
2026-08-21,6571,キュービーネットＨＬＤＧ,東P,"1,309",-1.0 (-0.08%) ,,,,,,,,,102.20,0.18,0.00,-15.62,6.37
2026-08-21,6572,オープングループ,東P,270,-9.0 (-3.23%) ,1.41,24.39,5.7,12.32,0.00,305.56,(連),1.81,,,,,
2026-08-21,6573,ＣＲＡＶＩＡ,東G,28,0.0 (0.00%) ,,,,,,,,,,,,,
2026-08-21,6574,コンヴァノ,東G,114,-2.0 (-1.72%) ,,,,,,,,,,,,,
2026-08-21,6576,揚工舎,東PRO,--,-- (--%) ,0.66,5.33,12.4,3.99,0.00,-13.04,(連),0.00,,,,,
2026-08-21,6577,ベストワンドットコム,東G,"1,929",+12.0 (+0.63%) ,2.54,305.71,0.8,1.14,0.00,-90.29,(連),0.93,,,,,
2026-08-21,6578,コレックＨＬＤＧ,東S,501,+1.0 (+0.20%) ,3.43,91.26,3.8,0.94,0.00,-68.92,(連),1.80,,,,,
2026-08-21,6579,ログリー,東G,356,+6.0 (+1.71%) ,,,,,,,,,,,,,
2026-08-21,6580,ライトアップ,東G,895,+25.0 (+2.87%) ,1.39,17.77,8.1,13.29,0.00,-32.83,(連),1.56,,,,,
2026-08-21,6584,三櫻工業,東P,809,-4.0 (-0.49%) ,0.6,19.00,3.3,2.56,80.54,-33.96,(連),3.46,87.00,0.09,11.11,-23.08,2.92
2026-08-21,6586,マキタ,東P,"5,208",-53.0 (-1.01%) ,1.35,17.36,8.3,13.47,83.01,-0.42,(連),2.88,325.43,1.90,0.15,16.23,4.98
2026-08-21,6588,東芝テック,東P,"3,010",-30.0 (-0.99%) ,,,,,,,,,205.40,-0.03,0.00,-13.97,2.38
2026-08-21,6590,芝浦メカトロニクス,東P,"4,030",-10.0 (-0.25%) ,4.76,23.67,21.7,17.34,75.80,6.60,(連),1.49,230.00,0.50,2.13,42.61,15.99
2026-08-21,6592,マブチモーター,東P,"1,770.5",+19.0 (+1.08%) ,1.3,16.72,8.0,12.71,87.88,8.11,(連),2.99,87.92,-1.17,0.49,18.86,4.32
2026-08-21,6594,ニデック,東P,"2,627",+8.0 (+0.31%) ,1.75,18.36,9.8,9.13,84.58,15.15,(連),1.52,118.69,-1.30,-3.61,-40.51,5.92
2026-08-21,6596,筑波精工,東PRO,--,-- (--%) ,,,,,,,,,,,,,
2026-08-21,6597,ＨＰＣシステムズ,東G,"3,355",-100.0 (-2.89%) ,,,,,,,,,168.10,0.51,0.00,25.00,20.16
2026-08-21,6599,エブレン,東S,"3,185",-145.0 (-4.35%) ,0.94,13.19,7.4,13.27,0.00,15.79,(連),1.51,,,,,
2026-08-21,6612,バルミューダ,東G,594,-5.0 (-0.83%) ,,,,,,,,,,,,,
2026-08-21,6613,ＱＤレーザ,東G,"2,100",-65.0 (-3.00%) ,,,,,,,,,,,,,
2026-08-21,6614,シキノハイテック,東S,862,-19.0 (-2.16%) ,,,,,,,,,,,,,
2026-08-21,6615,ユー・エム・シー・エレクトロニ,東P,245,+1.0 (+0.41%) ,0.68,28.89,1.8,1.07,59.36,-32.75,(連),4.08,,,,,
2026-08-21,6616,トレックス・セミコンダクター,東P,"1,933",-4.0 (-0.21%) ,1.09,17.67,6.4,4.33,72.78,254.63,(連),2.90,,,,,
2026-08-21,6617,東光高岳,東P,"7,200",-50.0 (-0.69%) ,1.7,17.50,10.2,8.71,0.00,60.01,(連),1.67,721.50,0.13,9.09,41.18,4.75
2026-08-21,6619,ダブル・スコープ,東P,152,-1.0 (-0.65%) ,,,,,,,,,,,,,
2026-08-21,6620,宮越ＨＬＤＧ,東P,710,-8.0 (-1.11%) ,,,,,,,,,,,,,
2026-08-21,6622,ダイヘン,東P,"13,020",-150.0 (-1.14%) ,2.0,22.02,9.7,7.9,20.60,16.98,(連),1.38,738.39,0.72,3.50,14.87,11.51
2026-08-21,6623,愛知電機,名P,"8,760",-150.0 (-1.68%) ,0.94,9.65,10.2,8.62,40.12,27.91,(連),3.20,,,,,
2026-08-21,6625,ＪＡＬＣＯ　ＨＬＤＧ,東S,385,+4.0 (+1.05%) ,2.25,23.61,9.5,28.68,0.00,278.46,(連),4.68,,,,,
2026-08-21,6626,ＳＥＭＩＴＥＣ,東S,"2,178",-16.0 (-0.73%) ,0.88,7.88,11.4,13.89,82.29,-11.04,(連),2.16,290.70,1.44,0.00,-8.11,2.27
2026-08-21,6627,テラプローブ,東S,"9,840",-170.0 (-1.70%) ,2.21,26.58,8.6,21.3,49.50,24.91,(連),1.12,549.60,0.38,50.53,68.24,23.94
2026-08-21,6629,テクノホライゾン,東S,956,-4.0 (-0.42%) ,1.05,5.23,22.0,4.54,80.64,724.57,(連),3.14,,,,,
2026-08-21,6630,ヤーマン,東P,833,+7.0 (+0.85%) ,,,,,,,,,5.60,-1.17,28.57,-25.00,4.80
2026-08-21,6632,ＪＶＣケンウッド,東P,"1,007",+3.0 (+0.30%) ,0.99,8.74,12.5,5.76,66.53,-7.79,(連),1.79,112.03,-3.24,-1.38,-12.74,-0.30
2026-08-21,6633,ＣＧＳ　ＨＬＤＧ,東S,318,+2.0 (+0.63%) ,0.9,11.45,8.1,6.86,28.43,76.36,(連),3.14,,,,,
2026-08-21,6634,ＪＮグループ,東S,75,+5.0 (+7.14%) ,,,,,,,,,,,,,
2026-08-21,6635,大日光・エンジニアリング,東S,660,+4.0 (+0.61%) ,0.64,23.78,2.7,1.73,49.09,1.77,(連),2.42,,,,,
2026-08-21,6637,寺崎電気産業,東S,"4,215",-65.0 (-1.52%) ,0.93,12.89,7.8,9.86,65.33,7.65,(連),1.26,387.30,0.60,-1.66,1.96,10.20
2026-08-21,6638,ミマキエンジニアリング,東P,"1,885",-14.0 (-0.74%) ,1.37,8.09,18.7,11.26,73.34,5.52,(連),2.92,259.00,0.66,0.00,-3.60,5.81
2026-08-21,6643,戸上電機製作所,東S,"5,690",+20.0 (+0.35%) ,1.09,10.10,11.5,12.19,0.00,11.09,(連),2.46,,,,,
2026-08-21,6644,大崎電気工業,東P,"1,522",+9.0 (+0.59%) ,1.18,11.78,10.6,6.47,40.50,21.93,(連),3.22,116.50,-1.32,4.85,10.90,1.99
2026-08-21,6645,オムロン,東P,"6,292",-117.0 (-1.83%) ,,,,,,,,,226.38,0.50,2.39,2.71,11.28
2026-08-21,6647,森尾電機,東S,"3,270",+25.0 (+0.77%) ,,,,,,,,,,,,,
2026-08-21,6648,かわでん,東S,"1,676",-12.0 (-0.71%) ,1.32,9.15,15.4,15.54,0.00,56.49,(単),3.88,,,,,
2026-08-21,6651,日東工業,東P,"4,395",-10.0 (-0.23%) ,,,,,,,,,307.05,10.65,3.94,7.19,6.76
2026-08-21,6652,ＩＤＥＣ,東P,"3,650",-15.0 (-0.41%) ,1.54,27.82,5.8,8.38,66.42,88.93,(連),3.56,204.80,0.32,21.08,28.85,13.83
2026-08-21,6653,正興電機製作所,東P,"2,142",-4.0 (-0.19%) ,1.6,14.21,12.0,8.33,0.00,32.51,(連),2.33,199.40,0.33,5.41,18.18,12.76
2026-08-21,6654,不二電機工業,東S,"1,090",0.0 (0.00%) ,0.54,24.62,2.3,6.56,0.00,-12.43,(単),2.94,,,,,
2026-08-21,6655,東洋電機,名M,790,+1.0 (+0.13%) ,0.5,12.56,4.1,3.97,7.32,20.69,(連),3.04,,,,,
2026-08-21,6656,インスペック,東S,798,-26.0 (-3.16%) ,3.09,41.67,9.8,4.36,37.58,-32.76,(単),0.00,,,,,
2026-08-21,6658,シライ電子工業,東S,449,+2.0 (+0.45%) ,0.61,5.13,12.5,6.97,53.21,-29.76,(連),7.80,,,,,
2026-08-21,6659,メディアリンクス,東S,48,-3.0 (-5.88%) ,,,,,,,,,,,,,
2026-08-21,6662,ユビテック,東S,225,0.0 (0.00%) ,,,,,,,,,,,,,
2026-08-21,6663,太洋テクノレックス,東S,305,0.0 (0.00%) ,0.68,13.35,5.3,3.78,19.28,436.17,(連),1.97,,,,,
2026-08-21,6664,オプトエレクトロニクス,東S,241,-1.0 (-0.41%) ,,,,,,,,,,,,,
2026-08-21,6666,リバーエレテック,東S,772,-6.0 (-0.77%) ,,,,,,,,,,,,,
2026-08-21,6668,アドテックプラズマテクノロジー,東S,"3,445",-145.0 (-4.04%) ,,,,,,,,,,,,,
2026-08-21,6674,ジーエスユアサコーポレーション,東P,"5,273",+35.0 (+0.67%) ,1.34,12.64,11.3,9.88,47.58,25.64,(連),1.71,404.37,-4.17,0.03,18.65,6.25
2026-08-21,6675,サクサ,東S,"2,160",+25.0 (+1.17%) ,,,,,,,,,947.00,0.00,-59.26,-59.26,3.94
2026-08-21,6676,バッファロー,東S,"2,942",+115.0 (+4.07%) ,0.81,9.20,18.3,7.87,2.35,13.17,(連),2.04,218.50,-0.41,-0.77,65.38,-11.55
2026-08-21,6677,エスケーエレクトロニクス,東S,"3,175",+15.0 (+0.47%) ,0.95,12.07,8.2,13.2,89.64,25.85,(連),4.09,310.35,0.57,-2.05,22.44,6.63
2026-08-21,6678,テクノメディカ,東S,"2,122",+7.0 (+0.33%) ,0.98,13.67,7.4,14.84,12.76,31.77,(単),6.08,,,,,
2026-08-21,6694,ズーム,東S,725,-5.0 (-0.68%) ,,,,,,,,,,,,,
2026-08-21,6695,キャストリコ,東PRO,--,-- (--%) ,,,,,,,,,,,,,
2026-08-21,6696,トラース・オン・プロダクト,東G,325,+22.0 (+7.26%) ,,,,,,,,,,,,,
2026-08-21,6699,ダイヤモンドエレクトリックＨＤ,東S,527,-1.0 (-0.19%) ,0.4,5.60,6.3,2.84,59.15,121.34,(連),4.74,,,,,
2026-08-21,6701,日本電気,東P,"4,656",-164.0 (-3.40%) ,2.81,22.94,13.0,10.05,19.93,66.06,(連),0.82,222.27,2.28,0.36,25.33,4.25
2026-08-21,6702,富士通,東P,"3,646",-97.0 (-2.59%) ,3.12,14.31,23.9,9.94,27.44,49.59,(連),1.37,178.45,-0.70,0.05,0.98,-0.25
2026-08-21,6703,沖電気工業,東P,"2,686",-4.0 (-0.15%) ,1.29,10.83,13.2,4.47,11.13,23.60,(連),2.42,194.00,-0.64,-3.55,9.23,-1.85
2026-08-21,6706,電気興業,東P,"3,280",+5.0 (+0.15%) ,0.78,15.21,5.2,3.44,0.00,18.75,(連),3.05,,,,,
2026-08-21,6707,サンケン電気,東P,"7,405",-173.0 (-2.28%) ,,,,,,,,,57.94,-1.17,-16.67,-79.17,-16.89
2026-08-21,6718,アイホン,東P,"2,864",+10.0 (+0.35%) ,0.67,19.01,3.6,4.45,24.66,-23.81,(連),4.54,195.50,0.49,4.71,-16.04,1.31
2026-08-21,6721,ウインテスト,東S,72,-1.0 (-1.37%) ,,,,,,,,,,,,,
2026-08-21,6723,ルネサスエレクトロニクス,東P,"3,433",-36.0 (-1.04%) ,,,,,,,,,222.62,-0.02,0.72,72.37,9.16
2026-08-21,6724,セイコーエプソン,東P,"3,063",+4.0 (+0.13%) ,1.15,53.92,2.2,3.51,83.58,-36.19,(連),2.42,177.11,0.08,1.51,13.37,3.62
2026-08-21,6727,ワコム,東P,794,-6.0 (-0.75%) ,2.86,11.19,28.0,12.17,46.17,34.72,(連),3.27,72.10,7.03,3.81,4.92,-1.74
2026-08-21,6728,アルバック,東P,"7,594",+20.0 (+0.26%) ,,,,,,,,,487.71,0.38,-2.11,-3.05,4.53
2026-08-21,6730,アクセル,東S,"1,199",-11.0 (-0.91%) ,,,,,,,,,,,,,
2026-08-21,6731,ピクセラ,東S,109,0.0 (0.00%) ,,,,,,,,,,,,,
2026-08-21,6736,サン電子,東S,"7,560",-110.0 (-1.43%) ,,,,,,,,,,,,,
2026-08-21,6737,ＥＩＺＯ,東P,"3,005",+34.0 (+1.14%) ,0.87,16.64,5.6,2.91,58.86,-17.19,(連),3.66,190.80,2.77,6.96,-15.75,3.87
2026-08-21,6740,ジャパンディスプレイ,東P,48,0.0 (0.00%) ,,,,,,,,,,,,,
2026-08-21,6741,日本信号,東P,"1,806",+28.0 (+1.57%) ,0.99,9.72,10.7,10.26,11.33,20.72,(連),3.10,180.55,-3.43,-4.80,48.76,7.79
2026-08-21,6742,京三製作所,東P,"1,032",+13.0 (+1.28%) ,1.14,12.68,9.4,4.84,12.40,-21.71,(連),2.42,,,,,
2026-08-21,6743,大同信号,東S,"1,080",+21.0 (+1.98%) ,0.62,9.56,6.9,8.51,0.00,85.97,(連),3.24,,,,,
2026-08-21,6744,能美防災,東P,"4,380",+20.0 (+0.46%) ,1.86,18.89,10.2,13.14,0.00,19.39,(連),2.65,244.40,3.30,1.19,10.94,9.00
2026-08-21,6745,ホーチキ,東P,"2,015",-12.0 (-0.59%) ,2.2,16.03,14.7,11.4,23.49,26.79,(連),1.99,117.28,-2.58,0.00,28.57,4.72
2026-08-21,6748,星和電機,東S,786,-6.0 (-0.76%) ,0.53,8.27,6.8,6.49,0.00,-9.37,(連),2.54,,,,,
2026-08-21,6750,エレコム,東P,"1,938",-17.0 (-0.87%) ,1.44,7.48,21.2,11.75,0.00,25.89,(連),2.94,147.65,-0.31,1.09,0.89,11.25
2026-08-21,6752,パナソニック　ＨＬＤＧ,東P,"4,303",0.0 (0.00%) ,1.93,53.00,3.8,2.94,60.20,-45.89,(連),0.93,201.45,0.14,0.08,12.83,-3.58
2026-08-21,6753,シャープ,東P,641,+3.6 (+0.56%) ,1.48,8.77,21.9,2.57,77.41,228.32,(連),0.00,52.16,-0.43,-8.76,-1.25,-9.74
2026-08-21,6754,アンリツ,東P,"3,315",-44.0 (-1.31%) ,3.2,36.35,9.1,12.62,83.02,26.77,(連),1.51,117.00,1.01,0.26,28.01,10.89
2026-08-21,6757,ＯＳＧコーポレーション,東S,885,-3.0 (-0.34%) ,1.86,43.19,4.2,2.53,0.00,72.80,(連),4.52,,,,,
2026-08-21,6758,ソニーグループ,東P,"3,785",+8.0 (+0.21%) ,,,,,,,,,215.47,-0.04,0.40,7.40,-0.63
2026-08-21,6762,ＴＤＫ,東P,"3,041",+30.0 (+1.00%) ,2.64,29.50,9.8,10.88,92.68,16.40,(連),1.18,125.14,1.13,1.62,15.50,12.44
2026-08-21,6763,帝国通信工業,東P,"2,907",+11.0 (+0.38%) ,0.94,21.33,4.5,6.71,53.32,-20.83,(連),3.44,,,,,
2026-08-21,6768,タムラ製作所,東P,765,-23.0 (-2.92%) ,,,,,,,,,58.22,-0.03,-5.50,17.05,7.79
2026-08-21,6769,ザインエレクトロニクス,東S,"1,057",-10.0 (-0.94%) ,,,,,,,,,,,,,
2026-08-21,6770,アルプスアルパイン,東P,"2,193.5",+6.5 (+0.30%) ,0.96,16.28,6.2,4.12,88.33,61.01,(連),2.83,146.20,1.76,-3.28,45.41,2.92
2026-08-21,6771,池上通信機,東S,683,+12.0 (+1.79%) ,0.31,11.64,2.7,1.91,15.04,23.45,(連),2.20,85.70,0.17,-75.00,-83.33,0.64
2026-08-21,6772,東京コスモス電機,東S,--,-- (--%) ,0.93,256.73,0.4,4.76,36.11,-55.25,(連),3.75,,,,,
2026-08-21,6775,ＴＢグループ,東S,117,+2.0 (+1.74%) ,,,,,,,,,,,,,
2026-08-21,6776,天昇電気工業,東S,276,0.0 (0.00%) ,0.43,9.31,4.7,3.3,2.61,-6.30,(連),1.81,,,,,
2026-08-21,6777,ｓａｎｔｅｃ　ＨＬＤＧ,東S,"18,270",-110.0 (-0.60%) ,7.72,28.02,31.1,32.77,77.64,38.94,(連),1.15,807.80,0.95,23.81,41.30,25.76
2026-08-21,6778,アルチザネットワークス,東S,636,+18.0 (+2.91%) ,0.85,42.89,2.0,4.33,0.00,448.89,(連),3.14,,,,,
2026-08-21,6779,日本電波工業,東P,"2,732",-119.0 (-4.17%) ,1.96,30.45,6.8,6.14,91.67,-13.64,(連),1.10,117.76,0.78,17.24,-37.04,7.17
2026-08-21,6785,鈴木,東P,"2,888",-27.0 (-0.93%) ,,,,,,,,,264.60,8.29,0.00,17.65,13.60
2026-08-21,6786,ＲＶＨ,東S,50,+2.0 (+4.17%) ,1.62,43.10,3.9,-3.91,0.00,254.84,(連),0.00,,,,,
2026-08-21,6787,メイコー,東P,"17,160",-380.0 (-2.17%) ,3.41,22.62,16.2,10.21,67.14,41.17,(連),0.67,995.31,0.56,4.74,61.17,25.10
2026-08-21,6788,日本トリム,東P,"5,000",+45.0 (+0.91%) ,1.57,18.55,8.5,12.17,20.56,-10.98,(連),2.60,289.20,2.35,0.00,-20.93,8.82
2026-08-21,6794,フォスター電機,東P,"3,020",+20.0 (+0.67%) ,1.0,13.66,7.7,5.69,82.23,3.57,(連),2.65,222.50,20.41,0.63,6.00,1.49
2026-08-21,6797,名古屋電機工業,東S,"1,171",-9.0 (-0.76%) ,0.57,9.06,6.5,10.11,0.00,-35.51,(連),3.84,,,,,
2026-08-21,6798,ＳＭＫ,東P,"3,285",-35.0 (-1.05%) ,,,,,,,,,,,,,
2026-08-21,6800,ヨコオ,東P,"3,850",-75.0 (-1.91%) ,1.49,23.09,6.9,5.57,66.54,40.80,(連),1.45,240.20,0.37,6.15,11.00,10.12
2026-08-21,6803,ティアック,東S,100,+1.0 (+1.01%) ,0.71,4.98,15.2,4.24,51.88,937.29,(連),1.00,,,,,
2026-08-21,6804,ホシデン,東P,"2,749",-24.0 (-0.87%) ,0.9,8.52,11.2,4.29,17.46,66.78,(連),3.56,278.60,-0.73,-2.00,9.03,32.16
2026-08-21,6806,ヒロセ電機,東P,"25,665",+95.0 (+0.37%) ,2.22,25.87,8.9,20.35,82.79,0.88,(連),1.97,"1,148.75",1.41,1.21,8.23,12.36
2026-08-21,6807,日本航空電子工業,東P,"2,363",+28.0 (+1.20%) ,1.1,22.53,5.1,3.92,61.88,-44.41,(連),2.54,120.80,1.27,7.46,-41.17,3.57
2026-08-21,6809,ＴＯＡ,東P,"1,692",-14.0 (-0.82%) ,1.01,15.98,6.1,8.41,44.51,33.57,(連),5.32,,,,,
2026-08-21,6810,マクセル,東P,"2,333",-40.0 (-1.69%) ,0.99,11.55,9.3,6.1,53.38,-11.97,(連),2.14,183.42,-1.40,-0.16,-10.52,6.01
2026-08-21,6814,古野電気,東P,"7,570",-190.0 (-2.45%) ,2.68,14.30,20.7,11.55,71.07,29.19,(連),2.11,465.23,-1.37,3.15,44.59,8.30
2026-08-21,6817,スミダコーポレーション,東P,"1,240",+7.0 (+0.57%) ,0.66,11.33,6.0,5.05,89.58,272.97,(連),4.27,,,,,
2026-08-21,6819,伊豆シャボテンリゾート,東S,474,-1.0 (-0.21%) ,1.39,10.44,13.9,20.87,0.00,-2.73,(連),4.22,,,,,
2026-08-21,6820,アイコム,東P,"3,530",+30.0 (+0.86%) ,0.69,19.01,3.8,7.88,63.40,-2.31,(連),2.12,,,,,
2026-08-21,6822,大井電気,東S,"4,950",-100.0 (-1.98%) ,,,,,,,,,,,,,
2026-08-21,6823,リオン,東P,"3,385",-5.0 (-0.15%) ,1.2,12.47,10.1,15.3,26.77,8.21,(連),2.51,283.90,2.59,-2.08,-7.84,3.22
2026-08-21,6824,新コスモス電機,東S,"4,235",+10.0 (+0.24%) ,0.97,9.97,10.3,14.68,51.78,45.31,(連),2.24,,,,,
2026-08-21,6832,アオイ電子,東S,"2,231",-58.0 (-2.53%) ,0.58,356.39,0.2,0.8,8.26,73.75,(連),2.42,37.50,0.12,181.82,3.33,12.16
2026-08-21,6834,精工技研,東S,"24,800",-40.0 (-0.16%) ,6.55,35.65,20.1,25.7,80.19,173.21,(連),0.40,"1,073.90",0.43,15.45,243.24,46.69
2026-08-21,6835,アライドテレシスＨＬＤＧ,東S,247,+6.0 (+2.49%) ,1.22,8.97,14.3,8.46,29.26,1.93,(連),3.24,,,,,
2026-08-21,6836,ぷらっとホーム,東S,845,-20.0 (-2.31%) ,,,,,,,,,,,,,
2026-08-21,6837,京写,東S,373,-2.0 (-0.53%) ,0.55,69.46,0.8,3.34,57.97,-44.86,(連),1.34,,,,,
2026-08-21,6838,多摩川ＨＬＤＧ,東S,"1,409",-51.0 (-3.49%) ,,,,,,,,,,,,,
2026-08-21,6840,ＡＫＩＢＡ　ＨＬＤＧ,東S,732,-35.0 (-4.56%) ,1.52,7.61,22.2,4.82,0.00,107.25,(連),0.00,,,,,
2026-08-21,6841,横河電機,東P,"5,000",-113.0 (-2.21%) ,2.45,21.96,11.8,13.65,73.34,-1.28,(連),1.56,250.12,2.08,-0.34,1.73,5.53
2026-08-21,6844,新電元工業,東P,"3,080",-15.0 (-0.48%) ,0.43,5.61,8.2,3.38,66.58,975.14,(連),3.25,299.60,-0.23,-7.45,-9.38,7.63
2026-08-21,6845,アズビル,東P,"1,496",-3.0 (-0.20%) ,3.01,19.75,15.7,15.82,17.54,15.63,(連),2.14,73.93,-8.39,1.32,9.27,2.18
2026-08-21,6846,中央製作所,名M,--,-- (--%) ,,,,,,,,,,,,,
2026-08-21,6848,東亜ディーケーケー,東S,865,+1.0 (+0.12%) ,0.73,18.02,4.2,2.71,13.30,-59.29,(連),2.54,,,,,
2026-08-21,6849,日本光電工業,東P,"1,506",-17.5 (-1.15%) ,1.34,16.87,8.1,7.97,38.58,10.66,(連),2.12,94.57,2.70,-1.69,-18.25,1.73
2026-08-21,6850,チノー,東P,"1,671",-9.0 (-0.54%) ,1.2,13.87,9.0,10.19,22.64,9.62,(連),2.54,,,,,
2026-08-21,6853,共和電業,東S,762,+1.0 (+0.13%) ,1.07,19.39,5.7,8.51,13.08,-0.14,(連),2.76,,,,,
2026-08-21,6855,日本電子材料,東S,"6,510",-150.0 (-2.25%) ,2.12,15.28,15.0,24.69,51.33,54.68,(連),1.23,498.40,0.79,41.33,96.30,29.56
2026-08-21,6856,堀場製作所,東P,"23,295",-360.0 (-1.52%) ,2.81,26.37,11.2,15.92,76.99,8.08,(連),1.93,"1,151.13",0.68,0.35,24.06,9.62
2026-08-21,6857,アドバンテスト,東P,"35,900",+540.0 (+1.53%) ,32.73,69.69,57.6,44.22,97.77,129.88,(連),0.16,831.60,0.69,1.22,133.48,46.89
2026-08-21,6858,小野測器,東S,827,+2.0 (+0.24%) ,0.53,21.76,2.5,4.31,17.02,220.28,(連),2.66,,,,,
2026-08-21,6859,エスペック,東P,"3,915",+65.0 (+1.69%) ,1.36,14.48,10.0,10.12,50.94,-4.11,(連),2.94,283.80,2.74,-0.40,-14.77,4.52
2026-08-21,6861,キーエンス,東P,"79,900",-790.0 (-0.98%) ,,,,,,,,,"2,322.43",1.31,0.71,14.17,16.76
2026-08-21,6862,ミナトＨＬＤＧ,東S,"3,370",-245.0 (-6.78%) ,3.1,11.90,30.1,11.57,16.23,594.50,(連),0.53,"1,013.50",0.01,250.00,761.54,85.01
2026-08-21,6863,ニレコ,東S,942,+7.0 (+0.75%) ,1.18,14.36,8.6,15.43,20.33,-11.54,(連),3.15,74.50,0.92,0.00,-4.35,9.08
2026-08-21,6864,エヌエフＨＬＤＧ,東S,"1,548",-5.0 (-0.32%) ,,,,,,,,,,,,,
2026-08-21,6866,日置電機,東P,"10,770",-370.0 (-3.32%) ,3.32,26.71,13.0,16.75,63.64,-11.06,(連),1.86,538.60,0.62,6.16,31.76,14.57
2026-08-21,6867,リーダー電子,東S,411,0.0 (0.00%) ,0.49,20.91,1.9,0.61,65.02,152.91,(連),3.65,,,,,
2026-08-21,6869,シスメックス,東P,"1,976.5",+58.0 (+3.02%) ,2.43,34.74,7.3,10.37,88.28,-38.08,(連),1.92,66.87,1.64,0.96,-37.61,3.64
2026-08-21,6870,日本フェンオール,東S,"2,198",+21.0 (+0.96%) ,0.84,9.88,8.8,8.18,3.10,-15.82,(連),3.46,,,,,
2026-08-21,6871,日本マイクロニクス,東P,"13,690",-70.0 (-0.51%) ,8.03,43.94,20.9,23.57,92.65,39.59,(連),0.69,519.35,0.40,6.85,57.00,36.57
2026-08-21,6874,協立電機,東S,"2,350",+14.0 (+0.60%) ,,,,,,,,,,,,,
2026-08-21,6875,メガチップス,東P,"10,830",-270.0 (-2.43%) ,,,,,,,,,"2,379.00",0.01,-0.67,-42.43,0.44
2026-08-21,6877,ＯＢＡＲＡ　ＧＲＯＵＰ,東S,"5,730",-140.0 (-2.39%) ,1.18,13.49,9.1,15.72,67.41,3.79,(連),2.62,,,,,
2026-08-21,6882,三社電機製作所,東S,"1,174",-2.0 (-0.17%) ,0.63,40.98,1.5,5.2,25.17,-3.64,(連),3.41,97.70,0.05,-26.32,-33.33,5.84
2026-08-21,6888,アクモス,東S,501,-3.0 (-0.60%) ,,,,,,,,,,,,,
2026-08-21,6890,フェローテック,東S,"8,580",-100.0 (-1.15%) ,1.55,26.99,6.0,9.54,86.26,1.98,(連),1.72,,,,,
2026-08-21,6894,パルステック工業,東S,"2,141",0.0 (0.00%) ,0.73,10.25,7.3,13.94,13.40,12.18,(連),3.97,,,,,
2026-08-21,6897,ツインバード,東S,677,+2.0 (+0.30%) ,,,,,,,,,,,,,
2026-08-21,6898,トミタ電機,東S,--,-- (--%) ,0.77,24.63,3.2,-3.8,54.81,83.83,(連),0.00,,,,,
2026-08-21,6899,ＡＳＴＩ,東S,"2,273",+20.0 (+0.89%) ,0.28,9.97,2.9,2.09,44.22,-16.29,(連),3.52,,,,,
2026-08-21,6902,デンソー,東P,"1,948.5",+2.5 (+0.13%) ,0.95,11.96,8.5,7.33,79.97,6.80,(連),3.44,157.93,-3.99,0.21,-18.28,3.95
2026-08-21,6904,原田工業,東S,572,+3.0 (+0.53%) ,0.88,27.89,3.2,5.68,56.13,74.02,(連),1.31,,,,,
2026-08-21,6905,コーセル,東P,"1,319",+21.0 (+1.62%) ,,,,,,,,,40.35,-0.22,0.29,-51.14,4.07
2026-08-21,6907,ジオマテック,東S,756,-9.0 (-1.18%) ,0.6,9.36,6.7,5.68,0.00,17.21,(単),0.00,,,,,
2026-08-21,6908,イリソ電子工業,東P,"2,737",-6.0 (-0.22%) ,0.83,23.15,3.6,9.42,83.69,-23.44,(連),3.65,214.44,0.16,1.68,10.25,3.78
2026-08-21,6912,菊水ＨＬＤＧ,東S,"2,412",+28.0 (+1.17%) ,1.28,12.47,10.8,14.54,35.07,6.97,(連),2.86,,,,,
2026-08-21,6914,オプテックスグループ,東P,"3,225",-60.0 (-1.83%) ,2.05,17.42,12.5,12.38,52.57,3.24,(連),1.74,216.10,0.91,6.13,19.68,8.29
2026-08-21,6915,千代田インテグレ,東S,"3,505",+25.0 (+0.72%) ,0.79,12.87,6.4,7.81,74.41,-29.56,(連),4.56,,,,,
2026-08-21,6918,アバールデータ,東S,"3,550",+25.0 (+0.71%) ,,,,,,,,,,,,,
2026-08-21,6919,ケル,東S,"1,440",-3.0 (-0.21%) ,,,,,,,,,,,,,
2026-08-21,6920,レーザーテック,東P,"35,120",+190.0 (+0.54%) ,,,,,,,,,"1,102.59",1.14,-0.45,31.47,7.43
2026-08-21,6923,スタンレー電気,東P,"3,596",+11.0 (+0.31%) ,0.97,14.95,7.0,8.23,75.36,-8.30,(連),2.89,293.47,0.55,0.07,3.44,11.03
2026-08-21,6925,ウシオ電機,東P,"3,824",-30.0 (-0.78%) ,1.54,40.30,4.0,6.67,79.61,7.19,(連),1.83,131.04,0.77,-2.51,3.43,9.30
2026-08-21,6926,岡谷電機産業,東S,188,+2.0 (+1.08%) ,,,,,,,,,,,,,
2026-08-21,6927,ヘリオス　テクノ　ＨＬＤＧ,東S,964,0.0 (0.00%) ,1.01,10.69,9.8,13.02,63.90,144.28,(連),9.44,,,,,
2026-08-21,6928,エノモト,東S,"2,993",-102.0 (-3.30%) ,0.85,15.65,5.5,5.42,58.36,163.98,(連),2.51,225.85,0.76,5.00,50.00,9.45
2026-08-21,6929,日本セラミック,東P,"3,720",+30.0 (+0.81%) ,1.66,11.46,14.4,22.79,43.79,20.59,(連),4.44,248.70,-0.63,0.48,-4.01,5.62
2026-08-21,6932,遠藤照明,東S,"2,556",-14.0 (-0.54%) ,0.75,8.69,9.2,10.35,35.52,9.68,(連),3.44,311.50,1.39,0.00,-4.41,5.67
2026-08-21,6941,山一電機,東P,"7,860",-150.0 (-1.87%) ,3.12,15.97,21.1,21.93,95.55,57.71,(連),1.88,555.37,1.12,6.02,58.03,20.95
2026-08-21,6942,ソフィアＨＬＤＧ,東S,"1,383",-1.0 (-0.07%) ,,,,,,,,,,,,,
2026-08-21,6943,ＮＫＫスイッチズ,東S,"5,480",+80.0 (+1.48%) ,0.33,11.75,2.9,4.43,60.15,226.65,(連),2.19,,,,,
2026-08-21,6946,日本アビオニクス,東S,"5,350",-210.0 (-3.78%) ,4.91,21.10,25.4,18.89,12.05,97.64,(連),0.19,344.85,0.45,7.46,84.62,31.89
2026-08-21,6947,図研,東P,"4,940",-15.0 (-0.30%) ,2.52,19.51,13.3,13.61,31.77,20.17,(連),4.05,,,,,
2026-08-21,6951,日本電子,東P,"7,280",+58.0 (+0.80%) ,,,,,,,,,403.19,-2.64,0.14,-12.25,-6.73
2026-08-21,6952,カシオ計算機,東P,"2,312",-61.5 (-2.59%) ,2.21,28.88,8.0,8.35,81.07,81.76,(連),1.95,99.16,1.00,3.86,11.28,6.30
2026-08-21,6954,ファナック,東P,"6,035",-81.0 (-1.32%) ,3.02,33.82,9.3,21.42,87.09,15.63,(連),1.77,213.81,1.44,0.20,20.25,9.47
2026-08-21,6955,ＦＤＫ,東S,403,-4.0 (-0.98%) ,0.73,18.66,4.2,2.8,44.73,12.29,(連),0.00,,,,,
2026-08-21,6958,日本シイエムケイ,東P,722,-8.0 (-1.10%) ,0.62,12.78,5.0,2.78,39.61,-25.25,(連),2.77,25.98,-0.52,5.08,-22.50,4.76
2026-08-21,6960,フクダ電子,東S,"11,570",-180.0 (-1.53%) ,1.66,16.93,10.1,19.05,2.59,2.66,(連),1.99,664.75,-6.47,0.00,0.58,1.18
2026-08-21,6961,エンプラス,東P,"10,130",-60.0 (-0.59%) ,1.47,17.23,8.9,14.49,84.62,19.02,(連),0.89,619.80,3.03,9.46,18.77,14.07
2026-08-21,6962,大真空,東P,785,0.0 (0.00%) ,0.64,59.42,1.1,2.86,87.13,78.16,(連),3.57,9.44,-2.91,166.85,-47.22,3.20
2026-08-21,6963,ローム,東P,"4,699",-56.0 (-1.18%) ,,,,,,,,,90.25,-0.43,1.39,12.86,8.89
2026-08-21,6964,サンコー,東S,703,+4.0 (+0.57%) ,0.38,10.31,3.8,4.17,19.84,11.17,(連),2.84,,,,,
2026-08-21,6965,浜松ホトニクス,東P,"2,367",+32.0 (+1.37%) ,2.2,50.02,4.4,7.62,77.43,-45.52,(連),1.61,58.91,1.62,1.05,-20.05,7.07
2026-08-21,6966,三井ハイテック,東P,925,+2.0 (+0.22%) ,1.49,53.62,2.8,5.79,49.81,-18.46,(連),1.95,71.40,0.04,7.81,-0.91,8.63
2026-08-21,6969,松尾電機,東S,"1,005",+9.0 (+0.90%) ,,,,,,,,,,,,,
2026-08-21,6971,京セラ,東P,"3,608",+41.0 (+1.15%) ,1.42,35.13,4.3,5.64,70.83,165.58,(連),1.44,111.87,3.57,1.24,29.71,0.75
2026-08-21,6976,太陽誘電,東P,"9,300",-323.0 (-3.36%) ,3.38,78.49,4.5,5.63,97.12,129.43,(連),0.97,217.86,0.53,0.68,56.00,8.48
2026-08-21,6977,日本抵抗器製作所,東S,"1,490",-9.0 (-0.60%) ,,,,,,,,,,,,,
2026-08-21,6981,村田製作所,東P,"7,091",-114.0 (-1.58%) ,4.75,55.55,8.8,15.39,92.75,1.39,(連),0.92,189.27,0.79,0.16,33.69,8.94
2026-08-21,6982,リード,東S,574,-6.0 (-1.03%) ,,,,,,,,,,,,,
2026-08-21,6986,双葉電子工業,東P,714,-16.0 (-2.19%) ,0.36,12.00,3.1,-5.3,56.77,-231.55,(連),2.52,,,,,
2026-08-21,6988,日東電工,東P,"3,414",-25.0 (-0.73%) ,2.0,17.31,12.2,17.86,86.13,-0.19,(連),1.76,215.98,1.67,-0.28,5.24,4.10
2026-08-21,6989,北陸電気工業,東S,"2,516",0.0 (0.00%) ,0.76,9.94,8.2,5.36,45.58,-3.76,(連),3.78,,,,,
2026-08-21,6993,大黒屋ＨＬＤＧ,東S,90,-1.0 (-1.10%) ,,,,,,,,,,,,,
2026-08-21,6994,指月電機製作所,東S,"1,153",-8.0 (-0.69%) ,1.15,14.63,8.2,9.03,18.99,64.77,(連),2.08,,,,,
2026-08-21,6995,東海理化電機製作所,東P,"3,125",+5.0 (+0.16%) ,0.76,9.02,9.0,5.53,59.69,26.91,(連),3.68,290.51,-0.67,1.69,6.59,2.64
2026-08-21,6996,ニチコン,東P,"2,697",-41.0 (-1.50%) ,1.51,28.70,5.5,3.8,50.74,10.85,(連),1.37,117.51,0.93,1.12,17.45,3.79
2026-08-21,6997,日本ケミコン,東P,"2,747",-39.0 (-1.40%) ,1.34,25.84,4.0,2.46,80.85,33.55,(連),0.73,145.66,0.52,2.58,25.27,13.12
2026-08-21,6998,日本タングステン,東S,"3,180",+120.0 (+3.92%) ,1.16,57.03,2.1,5.58,21.84,19.01,(連),1.57,,,,,
2026-08-21,6999,ＫＯＡ,東P,"2,191",-27.0 (-1.22%) ,0.92,20.59,4.7,5.04,74.70,320.19,(連),1.46,157.66,0.29,13.04,57.58,12.48
2026-08-21,7003,三井Ｅ＆Ｓ,東P,"4,144",-60.0 (-1.43%) ,1.83,10.87,19.3,10.66,33.08,61.74,(連),1.38,355.12,-1.73,-2.46,85.15,9.40
2026-08-21,7004,カナデビア,東P,"1,189",+7.0 (+0.59%) ,1.02,17.96,5.8,1.89,50.80,-44.01,(連),2.10,124.80,0.11,5.51,-18.97,4.08
2026-08-21,7011,三菱重工業,東P,"3,932",-122.0 (-3.01%) ,,,,,,,,,124.13,1.28,-4.03,12.69,5.16
2026-08-21,7012,川崎重工業,東P,"2,603.5",-69.0 (-2.58%) ,,,,,,,,,140.29,2.27,0.74,12.44,9.68
2026-08-21,7013,ＩＨＩ,東P,"2,673",-95.5 (-3.45%) ,4.34,17.60,28.4,10.07,50.65,33.94,(連),0.75,154.36,10.98,0.79,30.66,6.20
2026-08-21,7014,名村造船所,東S,"4,420",-165.0 (-3.60%) ,2.24,14.22,17.9,17.66,71.09,0.11,(連),1.13,341.67,1.36,7.42,4.07,4.25
2026-08-21,7018,内海造船,東S,"11,420",-590.0 (-4.91%) ,1.43,8.42,18.9,6.54,41.78,155.06,(連),0.88,,,,,
2026-08-21,7021,ニッチツ,東S,"2,186",+18.0 (+0.83%) ,0.35,22.08,1.7,2.35,0.00,0.93,(連),1.60,,,,,
2026-08-21,7022,サノヤスＨＬＤＧ,東S,316,0.0 (0.00%) ,0.85,7.39,12.6,6.24,3.27,53.77,(連),2.37,,,,,
2026-08-21,7030,スプリックス,東S,979,-4.0 (-0.41%) ,1.73,15.86,11.2,6.18,0.00,95.59,(連),3.88,102.00,0.15,7.69,33.33,9.21
2026-08-21,7031,インバウンドテック,東G,688,+1.0 (+0.15%) ,,,,,,,,,,,,,
2026-08-21,7033,マネジメントソリューションズ,東P,"1,707",-5.0 (-0.29%) ,4.54,15.26,31.5,11.89,0.00,-2.49,(連),1.87,130.50,0.79,-7.20,-20.58,5.61
2026-08-21,7034,プロレド・パートナーズ,東P,367,-16.0 (-4.18%) ,0.58,19.47,3.1,40.19,0.00,288.00,(連),0.00,,,,,
2026-08-21,7035,ａｎｄ　ｆａｃｔｏｒｙ,東S,272,-12.0 (-4.23%) ,,,,,,,,,,,,,
2026-08-21,7036,イーエムネットジャパン,東G,666,-1.0 (-0.15%) ,,,,,,,,,,,,,
2026-08-21,7037,テノ．ＨＬＤＧ,東S,826,-12.0 (-1.43%) ,2.09,34.30,6.2,3.48,0.00,231.87,(連),1.21,,,,,
2026-08-21,7038,フロンティア・マネジメント,東P,575,-8.0 (-1.37%) ,,,,,,,,,,,,,
2026-08-21,7039,ブリッジインターナショナルグル,東G,"1,353",-19.0 (-1.38%) ,1.04,9.07,11.8,10.19,0.00,-13.33,(連),6.28,,,,,
2026-08-21,7040,サン・ライフＨＬＤＧ,東S,967,-1.0 (-0.10%) ,0.86,9.55,9.2,7.79,0.00,-9.79,(連),3.52,,,,,
2026-08-21,7041,ＣＲＧ　ＨＬＤＧ,東G,346,+1.0 (+0.29%) ,0.66,12.48,5.4,1.7,0.00,377.27,(連),2.60,,,,,
2026-08-21,7042,アクセスグループ・ＨＬＤＧ,東S,700,-8.0 (-1.13%) ,,,,,,,,,,,,,
2026-08-21,7043,アルー,東G,955,0.0 (0.00%) ,1.72,10.04,18.6,9.73,0.00,632.84,(連),0.73,,,,,
2026-08-21,7044,ピアラ,東S,516,-1.0 (-0.19%) ,6.47,18.51,39.4,0.25,0.00,275.00,(連),0.00,,,,,
2026-08-21,7046,ＴＤＳＥ,東G,"1,319",+17.0 (+1.31%) ,1.16,15.80,7.6,7.12,0.00,15.42,(単),0.76,,,,,
2026-08-21,7047,ポート,東G,"2,341",-9.0 (-0.38%) ,2.91,11.33,28.5,14.0,0.00,36.56,(連),0.51,251.50,0.43,6.00,12.77,33.26
2026-08-21,7048,ベルトラ,東G,156,+3.0 (+1.96%) ,2.16,40.62,5.5,2.29,0.00,133.22,(連),0.00,,,,,
2026-08-21,7049,識学,東G,873,+3.0 (+0.34%) ,2.56,24.97,11.3,7.51,0.00,40.17,(連),0.00,,,,,
2026-08-21,7050,フロンティアインターナショナル,東G,"1,410",-18.0 (-1.26%) ,1.28,10.09,13.3,7.01,0.00,66.38,(連),4.96,,,,,
2026-08-21,7057,エヌ・シー・エヌ,東S,900,-5.0 (-0.55%) ,1.27,18.47,6.9,1.81,0.00,-35.96,(連),3.44,,,,,
2026-08-21,7058,共栄セキュリティーサービス,東S,"2,928",-4.0 (-0.14%) ,,,,,,,,,,,,,
2026-08-21,7059,コプロ・ＨＬＤＧ,東P,910,-5.0 (-0.55%) ,3.51,12.08,31.7,9.91,0.00,31.65,(連),4.40,,,,,
2026-08-21,7060,ギークス,東S,588,-5.0 (-0.84%) ,1.96,9.37,22.2,3.32,35.13,70.45,(連),5.10,,,,,
2026-08-21,7061,日本ホスピスＨＬＤＧ,東G,486,+9.0 (+1.89%) ,1.11,14.70,7.8,5.99,0.00,-45.38,(連),5.14,17.80,-0.58,-56.14,-86.84,13.11
2026-08-21,7062,フレアス,東G,712,+5.0 (+0.71%) ,,,,,,,,,,,,,
2026-08-21,7063,Ｂｉｒｄｍａｎ,東G,97,+6.0 (+6.59%) ,,,,,,,,,,,,,
2026-08-21,7064,ハウテレビジョン,東S,870,-8.0 (-0.91%) ,1.65,24.50,7.1,9.81,0.00,-38.00,(連),0.00,9.30,-1.28,-73.33,-94.29,104.93
2026-08-21,7065,ユーピーアール,東S,"1,002",-12.0 (-1.18%) ,0.84,22.83,3.7,1.8,0.00,-14.69,(連),2.50,97.90,0.08,15.38,87.50,0.44
2026-08-21,7066,ピアズ,東G,433,-1.0 (-0.23%) ,1.42,9.20,15.4,9.16,0.00,9.96,(連),3.70,,,,,
2026-08-21,7067,ブランディングテクノロジー,東G,"1,049",+19.0 (+1.84%) ,1.33,37.32,3.6,1.63,0.00,-32.77,(連),0.95,,,,,
2026-08-21,7068,フィードフォースグループ,東G,606,+5.0 (+0.83%) ,,,,,,,,,,,,,
2026-08-21,7069,サイバー・バズ,東G,550,+5.0 (+0.92%) ,5.89,11.47,98.1,4.89,0.00,120.09,(連),0.00,45.85,-2.70,71.93,-18.33,4.83
2026-08-21,7071,アンビスＨＬＤＧ,東P,432,+2.0 (+0.47%) ,1.17,11.51,10.6,12.53,0.00,-39.88,(連),0.93,24.40,-0.50,-11.61,-61.12,9.49
2026-08-21,7072,インティメート・マージャー,東G,"1,172",-5.0 (-0.42%) ,2.37,24.77,9.9,6.75,0.00,166.28,(連),0.00,,,,,
2026-08-21,7073,ジェイック,東G,"2,265",-20.0 (-0.88%) ,1.96,16.11,12.7,4.54,0.00,-17.87,(連),2.43,,,,,
2026-08-21,7074,トゥエンティーフォーセブンＨＤ,東G,188,-3.0 (-1.57%) ,,,,,,,,,,,,,
2026-08-21,7075,ＱＬＳ　ＨＬＤＧ,東G,857,+3.0 (+0.35%) ,3.09,12.56,27.7,7.32,0.00,51.52,(連),1.17,,,,,
2026-08-21,7076,名南Ｍ＆Ａ,名M,"1,039",+2.0 (+0.19%) ,,,,,,,,,,,,,
2026-08-21,7077,ＡＬｉＮＫインターネット,東G,"1,005",-7.0 (-0.69%) ,,,,,,,,,,,,,
2026-08-21,7078,ＩＮＣＬＵＳＩＶＥ　ＨＬＤＧ,東G,351,-6.0 (-1.68%) ,,,,,,,,,,,,,
2026-08-21,7079,ＷＤＢココ,東G,"2,582",0.0 (0.00%) ,,,,,,,,,,,,,
2026-08-21,7080,スポーツフィールド,東G,851,+6.0 (+0.71%) ,2.57,7.93,37.4,22.53,0.00,24.08,(連),2.47,,,,,
2026-08-21,7081,コーユーレンティア,東S,"1,312",0.0 (0.00%) ,1.16,7.49,16.4,8.66,0.00,40.60,(連),2.74,,,,,
2026-08-21,7082,ジモティー,東G,"1,406",0.0 (0.00%) ,,,,,,,,,38.90,-1.96,0.00,-8.33,8.80
2026-08-21,7083,ＡＨＣグループ,東G,"1,089",+3.0 (+0.28%) ,1.91,"2,222.45",0.1,1.62,0.00,-17.53,(連),1.10,,,,,
2026-08-21,7084,Ｓｍｉｌｅ　ＨＬＤＧ,東G,"2,777",-2.0 (-0.07%) ,,,,,,,,,,,,,
2026-08-21,7085,カーブスＨＬＤＧ,東P,970,+10.0 (+1.04%) ,4.43,20.75,21.8,16.88,0.00,18.44,(連),1.75,56.90,0.78,1.96,5.20,9.74
2026-08-21,7087,ウイルテック,東S,"1,390",-1.0 (-0.07%) ,,,,,,,,,,,,,
2026-08-21,7089,フォースタートアップス,東G,"1,506",-117.0 (-7.21%) ,3.53,12.14,33.2,21.26,0.00,134.52,(連),0.00,,,,,
2026-08-21,7090,リグア,東G,868,0.0 (0.00%) ,,,,,,,,,,,,,
2026-08-21,7091,リビングプラットフォーム,東G,"1,269",-7.0 (-0.55%) ,2.28,14.33,17.7,2.12,0.00,49.20,(連),0.39,,,,,
2026-08-21,7093,アディッシュ,東G,574,+4.0 (+0.70%) ,2.22,"1,551.35",0.2,0.14,0.00,117.95,(連),0.00,,,,,
2026-08-21,7094,ＮｅｘＴｏｎｅ,東G,"1,768",-26.0 (-1.45%) ,3.1,21.81,15.3,6.26,38.74,29.77,(連),1.13,125.40,0.26,-21.95,-33.33,6.70
2026-08-21,7095,Ｍａｃｂｅｅ　Ｐｌａｎｅｔ,東P,"1,261",+2.0 (+0.16%) ,1.25,7.44,19.0,7.22,0.00,-28.69,(連),4.36,169.24,-51.05,-7.52,-56.51,1.24
2026-08-21,7096,ステムセル研究所,東G,775,0.0 (0.00%) ,2.91,50.19,5.8,7.19,0.00,-49.30,(連),0.00,10.90,-2.42,-66.67,-87.50,7.57
2026-08-21,7097,さくらさくプラス,東G,"2,729",-4.0 (-0.15%) ,2.06,19.45,11.0,6.19,0.00,18.48,(連),0.88,,,,,
2026-08-21,7098,エージェント,東PRO,--,-- (--%) ,,,,,,,,,,,,,
2026-08-21,7102,日本車輌製造,東P,"3,675",+75.0 (+2.08%) ,0.64,4.55,15.9,11.62,1.38,64.26,(連),1.22,,,,,
2026-08-21,7110,クラシコム,東G,"2,026",+8.0 (+0.40%) ,2.81,20.85,14.3,12.84,0.00,-3.39,(連),2.37,,,,,
2026-08-21,7111,ＩＮＥＳＴ,東S,496,-1.0 (-0.20%) ,0.71,20.05,3.6,1.4,0.00,58.42,(連),0.00,,,,,
2026-08-21,7112,キューブ,東G,698,-2.0 (-0.29%) ,1.06,122.46,0.9,1.21,34.43,-62.94,(単),0.00,,,,,
2026-08-21,7114,フーディソン,東G,787,-3.0 (-0.38%) ,1.49,24.08,6.3,2.34,0.00,10.06,(連),0.00,,,,,
2026-08-21,7115,アルファパーチェス,東S,"1,494",-24.0 (-1.58%) ,2.16,14.07,16.1,2.49,0.00,20.86,(連),2.48,,,,,
2026-08-21,7119,ハルメクＨＬＤＧ,東G,"1,724",+6.0 (+0.35%) ,2.14,18.07,12.3,5.25,0.00,69.31,(連),1.97,,,,,
2026-08-21,7120,ＳＨＩＮＫＯ,東S,"1,002",-1.0 (-0.10%) ,2.07,6.98,33.6,4.71,0.00,34.01,(単),4.29,,,,,
2026-08-21,7122,近畿車輛,東S,"2,373",+12.0 (+0.51%) ,0.45,10.39,4.5,-0.63,26.60,-43.36,(連),2.11,,,,,
2026-08-21,7126,グローバルスタイル,東S,"1,427",-12.0 (-0.83%) ,1.65,9.45,18.7,6.99,0.00,25.15,(単),2.31,,,,,
2026-08-21,7127,一家ＨＬＤＧ,東S,703,+2.0 (+0.29%) ,,,,,,,,,,,,,
2026-08-21,7128,ユニソルＨＬＤＧ,東P,"2,882",+4.0 (+0.14%) ,0.95,36.10,2.6,2.13,17.35,-10.30,(連),3.50,,,,,
2026-08-21,7129,ミアヘルサＨＬＤＧ,東S,"1,159",+6.0 (+0.52%) ,0.83,16.14,5.2,3.32,0.00,28.42,(連),2.59,,,,,
2026-08-21,7130,ヤマエグループＨＬＤＧ,東P,"2,939",-1.0 (-0.03%) ,0.76,7.36,11.3,1.67,0.00,6.26,(連),2.72,,,,,
2026-08-21,7131,のむら産業,東S,"3,605",-35.0 (-0.96%) ,2.05,9.38,24.1,10.59,0.00,47.65,(連),2.47,,,,,
2026-08-21,7132,フローバル,東PRO,--,-- (--%) ,,,,,,,,,,,,,
2026-08-21,7133,ＨＹＵＧＡ　ＰＲＩＭＡＲＹ　Ｃ,東G,"1,314",+4.0 (+0.31%) ,3.43,18.67,19.7,6.81,0.00,-24.07,(連),1.52,,,,,
2026-08-21,7134,アップガレージグループ,東S,"1,389",-28.0 (-1.98%) ,2.14,14.07,16.0,7.17,0.00,4.25,(連),2.63,,,,,
2026-08-21,7135,ジャパンクラフトＨＬＤＧ,東S,181,-1.0 (-0.55%) ,,,,,,,,,,,,,
2026-08-21,7137,グラントマト,東PRO,--,-- (--%) ,1.54,5.30,33.7,4.0,0.00,106.38,(単),3.33,,,,,
2026-08-21,7138,ＴＯＲＩＣＯ,東G,193,+50.0 (+34.97%) ,,,,,,,,,,,,,
2026-08-21,7139,東京高圧山崎,東PRO,--,-- (--%) ,,,,,,,,,,,,,
2026-08-21,7140,ペットゴー,東G,802,-7.0 (-0.87%) ,,,,,,,,,,,,,
2026-08-21,7148,ＦＰＧ,東P,"1,660",+24.0 (+1.47%) ,2.44,7.68,32.9,19.59,0.00,-8.36,(連),7.86,191.10,-0.74,-25.16,-39.43,-26.33
2026-08-21,7150,島根銀行,東S,519,-8.0 (-1.52%) ,,,,,,,,,,,,,
2026-08-21,7157,ライフネット生命保険,東P,"1,529",+40.0 (+2.69%) ,,,,,,,,,,,,,
2026-08-21,7161,じもとＨＬＤＧ,東S,558,+7.0 (+1.27%) ,,,,,,,,,,,,,
2026-08-21,7162,アストマックス,東S,267,-2.0 (-0.74%) ,,,,,,,,,,,,,
2026-08-21,7164,全国保証,東P,"3,188",+20.0 (+0.63%) ,1.73,13.08,13.4,70.45,0.00,4.57,(連),3.76,251.75,3.81,-0.56,-1.16,1.24
2026-08-21,7167,めぶきフィナンシャルグループ,東P,"1,648.5",+40.0 (+2.49%) ,,,,,,,,,109.88,0.63,0.64,33.46,8.32
2026-08-21,7170,中央インターナショナルグループ,東PRO,330,0.0 (0.00%) ,,,,,,,,,,,,,
2026-08-21,7172,ジャパンインベストメントアドバ,東P,"2,079",+9.0 (+0.43%) ,1.71,11.94,15.0,48.75,0.50,42.89,(連),4.18,201.50,0.65,-26.36,-26.36,23.40
2026-08-21,7173,東京きらぼしＦＧ,東P,"1,713",+21.0 (+1.24%) ,,,,,,,,,,,,,
2026-08-21,7175,今村証券,東S,"1,859",+46.0 (+2.54%) ,0.72,9.01,8.4,28.63,0.00,44.01,(単),3.93,,,,,
2026-08-21,7176,シンプレクス・ファイナンシャル,東PRO,--,-- (--%) ,,,,,,,,,,,,,
2026-08-21,7177,ＧＭＯフィナンシャルＨＬＤＧ,東S,"1,126",+31.0 (+2.83%) ,2.51,12.72,20.7,32.04,0.00,80.92,(連),5.11,,,,,
2026-08-21,7180,九州ＦＧ,東P,"1,507",+9.0 (+0.60%) ,,,,,,,,,103.50,0.79,2.90,0.98,0.00
2026-08-21,7181,かんぽ生命保険,東P,"1,651.5",+16.0 (+0.98%) ,,,,,,,,,150.38,-7.64,5.56,6.54,-7.82
2026-08-21,7182,ゆうちょ銀行,東P,"3,151",+31.0 (+0.99%) ,,,,,,,,,187.90,0.60,0.46,22.38,-16.05
2026-08-21,7183,あんしん保証,東S,254,0.0 (0.00%) ,1.7,15.11,11.8,4.19,0.00,139.88,(単),0.00,,,,,
2026-08-21,7184,富山第一銀行,東P,"3,175",+50.0 (+1.60%) ,,,,,,,,,,,,,
2026-08-21,7185,ヒロセ通商,東S,"3,910",+10.0 (+0.26%) ,1.11,11.64,9.9,28.97,0.00,0.10,(連),1.00,,,,,
2026-08-21,7186,横浜ＦＧ,東P,"1,882.5",+29.5 (+1.59%) ,,,,,,,,,125.62,0.44,0.96,24.67,-4.70
2026-08-21,7187,ジェイリース,東P,"1,398",+13.0 (+0.94%) ,,,,,,,,,151.40,0.94,2.50,2.50,20.80
2026-08-21,7189,西日本フィナンシャルＨＬＤＧ,東P,"4,663",+48.0 (+1.04%) ,,,,,,,,,361.75,0.50,0.00,14.20,17.59
2026-08-21,7191,イントラスト,東S,"1,179",+14.0 (+1.20%) ,,,,,,,,,87.20,1.13,6.67,10.34,16.70
2026-08-21,7192,日本モーゲージサービス,東S,630,+1.0 (+0.16%) ,0.96,7.97,12.6,21.19,0.00,21.11,(連),4.76,,,,,
2026-08-21,7196,Ｃａｓａ,東S,748,+6.0 (+0.81%) ,1.03,59.46,1.7,-0.49,0.00,-97.12,(連),2.01,,,,,
2026-08-21,7198,ＳＢＩアルヒ,東P,845,+13.0 (+1.56%) ,,,,,,,,,44.78,1.80,0.00,0.07,8.20
2026-08-21,7199,プレミアグループ,東P,"2,123",-21.0 (-0.98%) ,3.27,13.50,27.5,19.07,0.00,25.81,(連),2.54,178.70,0.88,2.88,-6.14,18.53
2026-08-21,7201,日産自動車,東P,336,-1.4 (-0.41%) ,,,,,,,,,1.34,-2.49,4.61,-35.63,-0.48
2026-08-21,7202,いすゞ自動車,東P,"2,228.5",-1.5 (-0.07%) ,1.04,11.54,9.5,5.86,60.18,-5.87,(連),4.13,247.21,0.32,-0.03,-3.35,7.50
2026-08-21,7203,トヨタ自動車,東P,"3,132",+66.0 (+2.15%) ,1.02,10.61,10.1,7.43,56.45,-19.67,(連),3.03,296.78,19.90,1.14,12.59,4.61
2026-08-21,7208,カネミツ,東S,"1,280",-9.0 (-0.70%) ,0.52,8.81,6.2,7.96,26.35,15.60,(連),2.85,,,,,
2026-08-21,7211,三菱自動車工業,東P,362.4,+8.6 (+2.43%) ,0.53,48.45,1.1,2.61,16.26,-19.97,(連),2.76,20.38,0.10,-0.76,-11.21,5.10
2026-08-21,7212,エフテック,東S,727,+1.0 (+0.14%) ,0.23,2.86,8.6,2.88,90.11,145.98,(連),3.30,,,,,
2026-08-21,7213,レシップＨＬＤＧ,東S,664,-1.0 (-0.15%) ,0.94,8.70,11.2,5.31,14.76,-56.70,(連),3.61,,,,,
2026-08-21,7214,ＧＭＢ,東S,"1,110",0.0 (0.00%) ,,,,,,,,,,,,,
2026-08-21,7215,ファルテック,東S,452,+14.0 (+3.20%) ,,,,,,,,,,,,,
2026-08-21,7217,テイン,東S,460,+2.0 (+0.44%) ,0.67,13.54,5.2,5.97,63.95,16.62,(連),3.48,,,,,
2026-08-21,7218,田中精密工業,東S,"1,096",+16.0 (+1.48%) ,0.41,8.91,4.8,5.42,44.99,-18.53,(連),2.92,,,,,
2026-08-21,7219,エッチ・ケー・エス,東S,"2,667",0.0 (0.00%) ,0.35,10.44,3.4,4.39,32.42,-3.99,(連),2.44,,,,,
2026-08-21,7220,武蔵精密工業,東P,"3,300",-115.0 (-3.37%) ,1.77,171.07,1.1,5.92,86.11,12.51,(連),1.21,131.12,0.04,4.33,-37.56,0.56
2026-08-21,7222,日産車体,東S,977,+7.0 (+0.72%) ,0.72,19.19,3.8,3.51,0.00,157.91,(連),1.59,,,,,
2026-08-21,7224,新明和工業,東P,"1,969",-6.0 (-0.30%) ,1.04,11.31,9.7,5.73,9.70,20.60,(連),2.84,,,,,
2026-08-21,7226,極東開発工業,東P,"2,346",+4.0 (+0.17%) ,0.8,24.43,3.2,5.5,0.00,37.56,(連),5.97,,,,,
2026-08-21,7227,アスカ,名M,"1,807",-43.0 (-2.32%) ,0.71,6.78,11.1,4.59,19.92,13.16,(連),2.99,,,,,
2026-08-21,7228,デイトナ,東S,"4,000",+35.0 (+0.88%) ,1.01,8.28,12.9,11.2,20.08,-4.88,(連),3.38,,,,,
2026-08-21,7231,トピー工業,東P,"3,095",+30.0 (+0.98%) ,0.46,6.65,7.3,2.61,26.43,37.98,(連),4.20,348.00,-0.35,8.84,15.56,4.06
2026-08-21,7235,東京ラヂエーター製造,東S,"1,581",+1.0 (+0.06%) ,0.63,7.36,8.9,6.66,18.88,32.34,(連),4.11,,,,,
2026-08-21,7236,ティラド,東P,"1,560",+31.0 (+2.03%) ,1.67,10.56,17.2,6.93,54.32,52.80,(連),3.59,,,,,
2026-08-21,7238,曙ブレーキ工業,東P,107,-2.0 (-1.83%) ,0.79,15.76,3.7,3.48,65.85,310.92,(連),0.00,,,,,
2026-08-21,7239,タチエス,東P,"2,338",+12.0 (+0.52%) ,0.77,8.63,9.2,4.31,60.15,28.25,(連),4.49,262.80,-2.91,12.77,12.77,-1.75
2026-08-21,7240,ＮＯＫ,東P,"3,011",+3.0 (+0.10%) ,0.77,10.57,7.7,4.47,66.78,3.70,(連),4.32,305.95,1.33,-1.16,-8.35,-0.35
2026-08-21,7241,フタバ産業,東P,"1,116",+9.0 (+0.81%) ,,,,,,,,,158.45,-0.60,1.71,-0.48,-0.88
2026-08-21,7242,カヤバ,東P,"4,695",+30.0 (+0.64%) ,0.85,7.43,12.2,7.25,61.77,58.84,(連),3.32,595.30,-1.35,-13.43,5.45,6.80
2026-08-21,7244,市光工業,東P,579,+7.0 (+1.22%) ,0.7,8.98,8.3,4.97,32.39,16.10,(連),2.42,57.30,-0.90,-0.62,-6.10,-1.35
2026-08-21,7245,大同メタル工業,東P,"1,283",-7.0 (-0.54%) ,0.73,13.69,5.7,5.89,60.66,8.53,(連),2.42,112.70,0.57,20.49,19.87,5.88
2026-08-21,7246,プレス工業,東P,984,+6.0 (+0.61%) ,0.8,11.46,7.2,6.68,51.10,36.45,(連),3.76,82.90,-3.43,-2.55,25.94,2.29
2026-08-21,7247,ミクニ,東S,371,+4.0 (+1.09%) ,0.31,10.42,3.1,4.04,61.20,17.40,(連),3.77,,,,,
2026-08-21,7254,ユニバンス,東S,804,+9.0 (+1.13%) ,0.57,18.17,3.3,8.87,68.81,19.86,(連),2.24,,,,,
2026-08-21,7255,桜井製作所,東S,516,+3.0 (+0.58%) ,0.34,7.35,4.7,2.86,31.08,19.11,(連),2.91,,,,,
2026-08-21,7256,河西工業,東S,432,-8.0 (-1.82%) ,1.56,4.60,27.8,3.35,86.82,542.70,(連),0.00,,,,,
2026-08-21,7259,アイシン,東P,"2,269",+2.0 (+0.09%) ,0.75,9.75,8.2,4.47,54.73,42.95,(連),3.09,229.52,-7.37,-0.17,5.86,3.86
2026-08-21,7261,マツダ,東P,"1,207.5",+6.0 (+0.50%) ,0.4,21.70,1.9,1.05,87.47,-30.24,(連),4.55,149.99,0.05,2.53,12.08,2.84
2026-08-21,7264,ムロコーポレーション,東S,"1,321",0.0 (0.00%) ,,,,,,,,,,,,,
2026-08-21,7265,エイケン工業,東S,"3,885",+25.0 (+0.65%) ,0.66,12.17,5.5,5.07,51.98,49.50,(単),2.83,,,,,
2026-08-21,7266,今仙電機製作所,東S,987,+1.0 (+0.10%) ,0.38,8.54,4.4,2.34,56.35,315.26,(連),2.74,,,,,
2026-08-21,7267,本田技研工業,東P,"1,753",+11.5 (+0.66%) ,,,,,,,,,102.31,-0.09,3.79,-34.47,3.55
2026-08-21,7269,スズキ,東P,"2,103.5",+16.5 (+0.79%) ,1.2,9.24,13.8,9.9,74.61,0.07,(連),2.19,215.54,-1.81,0.96,6.52,8.08
2026-08-21,7270,ＳＵＢＡＲＵ,東P,"2,655.5",+22.0 (+0.84%) ,0.68,21.16,3.3,0.84,85.37,-76.04,(連),4.35,0.71,-37.30,1.04,-21.17,4.31
2026-08-21,7271,安永,東S,821,+11.0 (+1.36%) ,0.58,4.52,14.4,6.52,40.18,130.99,(連),2.80,,,,,
2026-08-21,7272,ヤマハ発動機,東P,"1,940",+7.5 (+0.39%) ,1.66,116.94,1.4,4.99,93.87,-27.28,(連),1.80,137.29,0.02,3.63,20.93,3.86
2026-08-21,7273,イクヨ,東S,583,-3.0 (-0.51%) ,1.28,5.40,27.3,1.79,43.90,406.06,(連),5.66,,,,,
2026-08-21,7276,小糸製作所,東P,"2,691.5",+20.0 (+0.75%) ,1.15,44.69,2.7,5.43,61.87,19.62,(連),2.08,173.20,0.08,-0.24,36.17,2.43
2026-08-21,7277,ＴＢＫ,東S,357,+2.0 (+0.56%) ,0.36,75.80,0.5,2.73,45.34,470.23,(連),2.24,,,,,
2026-08-21,7278,エクセディ,東P,"6,170",+70.0 (+1.15%) ,1.17,16.48,7.3,7.31,61.98,15.90,(連),4.86,,,,,
2026-08-21,7279,ハイレックスコーポレーション,東S,"2,538",+3.0 (+0.12%) ,0.54,11.29,4.9,1.12,82.98,166.67,(連),1.81,,,,,
2026-08-21,7280,ミツバ,東P,"1,346",+11.0 (+0.82%) ,0.56,5.60,11.0,6.86,82.89,21.01,(連),1.86,,,,,
2026-08-21,7282,豊田合成,東P,"5,337",-2.0 (-0.04%) ,1.1,10.80,11.2,6.94,61.28,52.48,(連),2.59,506.40,4.24,0.63,22.67,7.32
2026-08-21,7283,愛三工業,東P,"2,305",-3.0 (-0.13%) ,0.93,10.13,9.4,5.53,70.46,-0.33,(連),3.47,234.95,3.05,-0.95,-19.38,1.63
2026-08-21,7284,盟和産業,東S,"1,194",-5.0 (-0.42%) ,0.35,53.86,0.6,1.6,22.03,-43.91,(連),4.19,,,,,
2026-08-21,7287,日本精機,東S,"2,599",+41.0 (+1.60%) ,0.65,18.15,3.7,3.55,35.95,48.49,(連),3.08,175.50,0.65,-1.85,-1.85,2.25
2026-08-21,7291,日本プラスト,東S,453,-4.0 (-0.88%) ,0.23,4.26,5.6,2.3,56.97,24.58,(連),6.62,,,,,
2026-08-21,7292,村上開明堂,東S,"6,670",-30.0 (-0.45%) ,0.81,12.71,6.6,7.92,56.39,5.07,(連),3.60,,,,,
2026-08-21,7294,ヨロズ,東P,938,+7.0 (+0.75%) ,0.35,10.33,3.9,2.26,69.14,281.80,(連),3.52,,,,,
2026-08-21,7296,エフ・シー・シー,東P,"4,170",0.0 (0.00%) ,0.99,10.77,9.6,7.26,92.89,7.56,(連),4.65,365.50,-2.02,-1.09,12.65,1.69
2026-08-21,7297,カーメイト,東S,863,+9.0 (+1.05%) ,0.4,21.65,1.9,4.15,13.21,73.21,(連),3.48,,,,,
2026-08-21,7299,フジオーゼックス,東S,"1,854",-2.0 (-0.11%) ,0.57,8.71,6.9,8.61,33.96,17.22,(連),2.91,,,,,
2026-08-21,7305,新家工業,東S,"2,697",0.0 (0.00%) ,,,,,,,,,,,,,
2026-08-21,7309,シマノ,東P,"20,360",-125.0 (-0.61%) ,2.03,52.45,3.9,11.08,90.92,-52.34,(連),1.67,547.75,0.91,-0.15,-30.84,4.11
2026-08-21,7313,テイ・エス　テック,東P,"1,854",+10.5 (+0.57%) ,0.7,30.71,2.3,2.33,80.05,-22.92,(連),4.85,76.30,0.92,-6.87,-27.68,-1.71
2026-08-21,7314,小田原機器,東S,"1,302",+1.0 (+0.08%) ,1.0,42.96,2.3,2.02,0.00,-47.64,(連),3.07,,,,,
2026-08-21,7318,セレンディップＨＬＤＧ,東G,"1,479",+9.0 (+0.61%) ,1.99,6.51,38.6,4.28,0.00,228.98,(連),0.00,,,,,
2026-08-21,7320,Ｓｏｌｖｖｙ,東G,"1,455",+23.0 (+1.61%) ,,,,,,,,,184.60,0.39,0.00,18.52,15.85
2026-08-21,7322,三十三ＦＧ,東P,"2,012",-13.0 (-0.64%) ,,,,,,,,,,,,,
2026-08-21,7325,アイリックコーポレーション,東G,697,-1.0 (-0.14%) ,1.47,13.12,11.6,7.86,0.00,39.78,(連),4.30,,,,,
2026-08-21,7326,ＳＢＩインシュアランスグループ,東G,"2,098",+3.0 (+0.14%) ,,,,,,,,,,,,,
2026-08-21,7327,第四北越ＦＧ,東P,"2,465",+38.0 (+1.57%) ,,,,,,,,,,,,,
2026-08-21,7337,ひろぎんＨＬＤＧ,東P,"2,300.5",+31.0 (+1.37%) ,,,,,,,,,168.23,0.88,-0.07,-2.87,5.88
2026-08-21,7343,ブロードマインド,東G,"1,250",-3.0 (-0.24%) ,1.77,18.10,9.9,11.78,0.00,14.95,(連),5.52,,,,,
2026-08-21,7345,アイ・パートナーズフィナンシャ,東G,948,+8.0 (+0.85%) ,,,,,,,,,,,,,
2026-08-21,7347,マーキュリアＨＬＤＧ,東P,770,-3.0 (-0.39%) ,0.83,8.84,9.5,34.85,36.09,120.74,(連),2.86,,,,,
2026-08-21,7350,おきなわＦＧ,東P,"7,650",-40.0 (-0.52%) ,,,,,,,,,585.60,1.23,2.86,11.11,12.23
2026-08-21,7351,グッドパッチ,東G,475,+4.0 (+0.85%) ,1.0,10.25,10.2,10.95,0.00,"1,232.61",(連),2.11,,,,,
2026-08-21,7352,ＴＷＯＳＴＯＮＥ＆Ｓｏｎｓ,東G,356,-9.0 (-2.47%) ,4.61,31.28,15.9,4.53,0.00,81.35,(連),0.14,12.10,4.77,-23.08,-41.18,22.66
2026-08-21,7353,ＫＩＹＯラーニング,東G,540,+2.0 (+0.37%) ,2.32,12.57,20.3,6.04,0.00,40.28,(単),0.00,,,,,
2026-08-21,7354,ＤｍＭＩＸ,東S,379,-4.0 (-1.04%) ,1.18,13.08,9.4,9.4,0.00,49.02,(連),1.85,,,,,
2026-08-21,7355,一寸房,東PRO,--,-- (--%) ,1.49,8.67,18.8,2.45,0.00,900.00,(単),0.00,,,,,
2026-08-21,7356,ＲＥＴＴＹ,東G,119,+1.0 (+0.85%) ,5.25,150.63,3.6,1.17,0.00,113.83,(単),0.00,,,,,
2026-08-21,7357,ジオコード,東S,"1,805",+35.0 (+1.98%) ,,,,,,,,,,,,,
2026-08-21,7358,ポピンズ,東S,"1,818",+61.0 (+3.47%) ,1.92,15.52,12.9,5.35,0.00,13.68,(連),2.48,,,,,
2026-08-21,7359,東京通信グループ,東G,257,-3.0 (-1.15%) ,3.27,11.24,35.5,3.14,46.62,415.17,(連),0.00,,,,,
2026-08-21,7360,オンデック,東G,649,0.0 (0.00%) ,,,,,,,,,,,,,
2026-08-21,7361,ヒューマンクリエイションＨＬＤ,東G,"1,200",-9.0 (-0.74%) ,2.43,9.53,28.1,8.73,0.00,22.89,(連),2.25,,,,,
2026-08-21,7362,Ｔ．Ｓ．Ｉ,東G,860,+4.0 (+0.47%) ,0.92,15.93,6.0,0.82,0.00,-20.23,(連),0.00,,,,,
2026-08-21,7363,ベビーカレンダー,東G,"1,275",-24.0 (-1.85%) ,1.56,25.50,6.4,11.1,0.00,374.42,(単),0.00,,,,,
2026-08-21,7364,琉球アスティーダスポーツクラブ,東PRO,--,-- (--%) ,,,,,,,,,,,,,
2026-08-21,7366,ＬＩＴＡＬＩＣＯ,東P,"1,833",-36.0 (-1.93%) ,4.43,23.64,20.4,11.96,54.78,31.95,(連),0.60,97.13,0.76,0.99,6.39,15.17
2026-08-21,7367,セルム,東S,335,0.0 (0.00%) ,2.33,12.44,20.6,11.27,0.00,7.50,(連),4.48,,,,,
2026-08-21,7368,表示灯,東S,"1,710",+5.0 (+0.29%) ,,,,,,,,,,,,,
2026-08-21,7369,メイホーＨＬＤＧ,東G,347,-3.0 (-0.86%) ,,,,,,,,,,,,,
2026-08-21,7370,Ｅｎｊｉｎ,東G,716,+1.0 (+0.14%) ,,,,,,,,,,,,,
2026-08-21,7371,Ｚｅｎｋｅｎ,東G,751,+4.0 (+0.54%) ,,,,,,,,,,,,,
2026-08-21,7372,デコルテＨＬＤＧ,東G,390,-2.0 (-0.51%) ,0.4,13.72,3.0,4.86,0.00,60.38,(連),0.00,52.70,0.09,42.86,33.33,8.91
2026-08-21,7373,アイドマＨＬＤＧ,東G,956,0.0 (0.00%) ,1.98,7.41,28.1,23.38,0.00,29.38,(連),3.14,115.15,-0.77,-34.38,-40.00,20.82
2026-08-21,7374,コンフィデンス・インターワーク,東G,"1,526",+1.0 (+0.07%) ,1.51,11.87,13.3,12.88,0.00,-3.20,(連),4.91,162.70,0.35,-13.61,-99.91,17.58
2026-08-21,7375,リファインバースグループ,東G,"1,174",-11.0 (-0.93%) ,,,,,,,,,,,,,
2026-08-21,7376,ＢＣＣ,東G,850,-77.0 (-8.31%) ,,,,,,,,,,,,,
2026-08-21,7377,ＤＮ　ＨＬＤＧ,東S,"1,684",-4.0 (-0.24%) ,,,,,,,,,,,,,
2026-08-21,7378,アシロ,東G,"1,525",+9.0 (+0.59%) ,3.55,10.85,37.8,21.35,0.00,344.25,(連),2.77,,,,,
2026-08-21,7380,十六ＦＧ,東P,"2,512",+2.0 (+0.08%) ,,,,,,,,,,,,,
2026-08-21,7381,ＣＣＩグループ,東P,"1,227",+7.0 (+0.57%) ,,,,,,,,,,,,,
2026-08-21,7383,ネットプロテクションズＨＬＤＧ,東P,455,+17.0 (+3.88%) ,2.15,26.09,8.6,11.58,0.00,33.38,(連),0.00,22.25,0.71,-1.13,13.39,10.58
2026-08-21,7384,プロクレアＨＬＤＧ,東P,"4,480",+70.0 (+1.59%) ,,,,,,,,,,,,,
2026-08-21,7388,ＦＰパートナー,東P,"2,233",-12.0 (-0.53%) ,4.39,25.15,17.3,9.29,0.00,-42.60,(単),4.21,75.08,-1.94,-5.24,-37.46,-4.23
2026-08-21,7389,あいちＦＧ,東P,"1,803",-6.0 (-0.33%) ,,,,,,,,,,,,,
2026-08-21,7399,ナンシン,東S,599,+3.0 (+0.50%) ,,,,,,,,,,,,,
2026-08-21,7409,ＡｅｒｏＥｄｇｅ,東G,"1,366",-66.0 (-4.61%) ,,,,,,,,,68.20,0.22,-6.06,19.23,50.91
2026-08-21,7412,アトム,東S,370,+8.0 (+2.21%) ,,,,,,,,,,,,,
2026-08-21,7413,創健社,東S,--,-- (--%) ,,,,,,,,,,,,,
2026-08-21,7414,小野建,東P,"1,456",+3.0 (+0.21%) ,,,,,,,,,,,,,
2026-08-21,7416,はるやまＨＬＤＧ,東S,681,0.0 (0.00%) ,,,,,,,,,,,,,
2026-08-21,7417,南陽,東S,"1,915",+55.0 (+2.96%) ,0.85,10.08,8.9,7.63,0.00,-2.06,(連),3.55,,,,,
2026-08-21,7419,ノジマ,東P,"1,280",+2.0 (+0.16%) ,1.51,9.51,17.5,5.91,0.00,21.68,(連),1.38,,,,,
2026-08-21,7421,カッパ・クリエイト,東P,"1,609",+15.0 (+0.94%) ,,,,,,,,,,,,,
2026-08-21,7422,東邦レマック,東S,359,+1.0 (+0.28%) ,0.4,104.36,0.4,-2.64,0.00,-197.06,(単),3.18,,,,,
2026-08-21,7425,初穂商事,東S,"1,179",0.0 (0.00%) ,,,,,,,,,,,,,
2026-08-21,7426,山大,東S,640,+15.0 (+2.40%) ,,,,,,,,,,,,,
2026-08-21,7427,エコートレーディング,東S,831,+1.0 (+0.12%) ,0.41,6.46,6.6,1.05,0.00,-19.14,(連),3.61,,,,,
2026-08-21,7433,伯東,東P,"5,220",+170.0 (+3.37%) ,1.44,19.61,7.5,3.36,38.52,-23.79,(連),3.83,,,,,
2026-08-21,7434,オータケ,東S,"1,823",+13.0 (+0.72%) ,0.46,8.42,5.6,2.96,0.00,8.50,(連),2.03,,,,,
2026-08-21,7435,ナ・デックス,東S,"1,350",-32.0 (-2.32%) ,0.53,16.64,3.4,3.04,32.00,42.06,(連),2.30,,,,,
2026-08-21,7438,コンドーテック,東P,"1,608",-4.0 (-0.25%) ,,,,,,,,,,,,,
2026-08-21,7442,中山福,東S,485,-7.0 (-1.42%) ,,,,,,,,,,,,,
2026-08-21,7443,横浜魚類,東S,664,-1.0 (-0.15%) ,1.54,22.38,7.1,1.01,0.00,30.39,(単),1.20,,,,,
2026-08-21,7444,ハリマ共和物産,東S,"1,982",0.0 (0.00%) ,0.41,7.05,5.9,2.83,0.00,8.04,(連),3.03,,,,,
2026-08-21,7446,東北化学薬品,東S,"4,485",+40.0 (+0.90%) ,0.51,9.42,5.6,1.5,0.00,46.19,(連),2.79,,,,,
2026-08-21,7447,ナガイレーベン,東P,"1,774",-17.0 (-0.95%) ,1.31,21.31,6.1,21.1,0.00,-9.03,(連),5.64,85.40,8.08,-7.50,-13.95,1.77
2026-08-21,7453,良品計画,東P,"4,237",-142.0 (-3.24%) ,6.77,44.17,16.3,9.41,40.08,29.63,(連),0.59,122.50,1.29,0.56,19.52,17.00
2026-08-21,7456,松田産業,東P,"6,800",+150.0 (+2.26%) ,1.48,10.50,15.4,3.26,10.09,74.14,(連),1.47,709.05,0.99,-35.93,9.49,16.84
2026-08-21,7458,第一興商,東P,"1,872.5",+2.5 (+0.13%) ,1.56,12.21,13.2,11.0,0.00,-0.71,(連),3.58,130.85,-0.97,1.56,-3.03,5.54
2026-08-21,7459,メディパルＨＬＤＧ,東P,"2,917.5",+31.0 (+1.07%) ,0.92,14.12,6.7,1.39,0.00,16.04,(連),2.26,208.97,12.44,-1.53,-0.37,3.44
2026-08-21,7460,ヤギ,東S,"1,668",-15.0 (-0.89%) ,,,,,,,,,,,,,
2026-08-21,7461,キムラ,東S,477,-4.0 (-0.83%) ,0.42,10.00,4.3,2.87,0.00,-45.60,(連),2.94,,,,,
2026-08-21,7462,ＣＡＰＩＴＡ,東S,387,+3.0 (+0.78%) ,1.71,21.07,8.1,-1.42,0.00,-171.01,(連),2.07,,,,,
2026-08-21,7463,アドヴァングループ,東S,950,+5.0 (+0.53%) ,0.53,4.04,14.1,13.1,0.00,38.41,(連),10.53,,,,,
2026-08-21,7464,セフテック,東S,"1,537",-22.0 (-1.41%) ,0.37,18.98,2.0,2.42,0.00,-26.26,(連),3.90,,,,,
2026-08-21,7466,ＳＰＫ,東P,"1,470",+20.0 (+1.38%) ,1.02,11.02,9.6,4.77,38.92,9.00,(連),2.48,,,,,
2026-08-21,7472,鳥羽洋行,東S,"3,875",-25.0 (-0.64%) ,0.7,13.75,5.2,5.14,11.24,-11.04,(連),3.87,,,,,
2026-08-21,7475,アルビス,東P,"2,551",+19.0 (+0.75%) ,0.65,16.17,4.1,2.13,0.00,-7.22,(連),2.74,,,,,
2026-08-21,7476,アズワン,東P,"2,421.5",+13.5 (+0.56%) ,2.42,18.87,13.3,11.6,0.00,9.58,(連),2.68,132.61,5.47,-0.54,-3.94,7.12
2026-08-21,7477,ムラキ,東S,"1,630",+30.0 (+1.88%) ,,,,,,,,,,,,,
2026-08-21,7480,スズデン,東S,"3,395",+200.0 (+6.26%) ,,,,,,,,,,,,,
2026-08-21,7481,尾家産業,東S,"2,614",+31.0 (+1.20%) ,1.28,7.73,17.9,2.95,0.00,7.23,(連),3.90,,,,,
2026-08-21,7482,シモジマ,東P,"1,498",+18.0 (+1.22%) ,,,,,,,,,,,,,
2026-08-21,7483,ドウシシャ,東P,"3,020",+15.0 (+0.50%) ,1.14,12.38,9.5,9.9,0.00,32.30,(連),3.64,,,,,
2026-08-21,7485,岡谷鋼機,名P,"5,080",-10.0 (-0.20%) ,0.39,6.41,6.9,3.5,28.74,8.50,(連),1.58,831.55,1.25,13.95,13.95,4.71
2026-08-21,7486,サンリン,東S,813,+7.0 (+0.87%) ,0.45,19.75,2.4,2.36,0.00,-16.90,(連),2.95,,,,,
2026-08-21,7487,小津産業,東S,"1,790",+2.0 (+0.11%) ,,,,,,,,,,,,,
2026-08-21,7488,ヤガミ,名M,"5,010",-90.0 (-1.76%) ,1.89,16.54,11.6,19.43,17.25,15.42,(連),6.05,,,,,
2026-08-21,7490,日新商事,東S,"2,189",+4.0 (+0.18%) ,0.56,3.99,14.8,-0.47,0.00,-42.99,(連),0.96,,,,,
2026-08-21,7494,コナカ,東S,242,0.0 (0.00%) ,0.49,17.01,2.9,-1.38,0.00,70.23,(連),4.13,,,,,
2026-08-21,7500,西川計測,東S,--,-- (--%) ,,,,,,,,,,,,,
2026-08-21,7501,ティムコ,東S,"1,450",-20.0 (-1.36%) ,,,,,,,,,,,,,
2026-08-21,7502,プラザＨＬＤＧ,東S,"1,670",-11.0 (-0.65%) ,1.68,18.84,9.1,1.9,0.00,-16.24,(連),2.99,,,,,
2026-08-21,7504,高速,東P,"4,950",+25.0 (+0.51%) ,,,,,,,,,,,,,
2026-08-21,7505,扶桑電通,東S,"2,102",+21.0 (+1.01%) ,1.59,9.69,18.0,6.27,0.00,77.90,(単),4.14,,,,,
2026-08-21,7506,ハウス　オブ　ローゼ,東S,"1,380",+2.0 (+0.15%) ,,,,,,,,,,,,,
2026-08-21,7508,Ｇ―７ＨＬＤＧ,東P,"1,451",+5.0 (+0.35%) ,,,,,,,,,137.20,0.41,-6.52,-6.52,5.55
2026-08-21,7509,アイエーグループ,東S,--,-- (--%) ,,,,,,,,,,,,,
2026-08-21,7510,たけびし,東P,"2,725",-20.0 (-0.73%) ,0.99,14.76,7.0,3.72,20.97,18.40,(連),2.64,262.10,0.25,24.49,41.86,10.82
2026-08-21,7512,イオン北海道,東S,856,-1.0 (-0.12%) ,,,,,,,,,,,,,
2026-08-21,7513,コジマ,東P,"1,484",+14.0 (+0.95%) ,1.63,24.31,6.9,2.59,0.00,16.67,(単),1.48,,,,,
2026-08-21,7514,ヒマラヤ,東S,881,0.0 (0.00%) ,0.66,978.89,0.1,0.47,0.00,-11.57,(連),2.95,,,,,
2026-08-21,7515,マルヨシセンター,東S,"4,640",-20.0 (-0.43%) ,1.33,33.03,4.2,0.79,0.00,122.76,(連),0.65,,,,,
2026-08-21,7516,コーナン商事,東P,"4,490",+25.0 (+0.56%) ,0.73,10.39,7.2,4.31,0.00,-10.95,(連),2.90,,,,,
2026-08-21,7520,エコス,東P,"2,637",+47.0 (+1.81%) ,1.01,11.19,9.4,4.15,0.00,-6.27,(連),2.65,,,,,
2026-08-21,7521,ムサシ,東S,"2,755",+55.0 (+2.04%) ,0.51,6.70,7.9,11.52,0.00,-0.46,(連),2.76,73.40,-0.45,-30.77,-40.00,-3.25
2026-08-21,7522,ワタミ,東P,973,+4.0 (+0.41%) ,2.15,10.75,14.4,5.19,12.86,22.66,(連),1.03,,,,,
2026-08-21,7523,アールビバン,東S,"1,900",+1.0 (+0.05%) ,1.07,10.27,10.7,21.29,0.00,18.31,(連),3.16,,,,,
2026-08-21,7524,マルシェ,東S,179,0.0 (0.00%) ,,,,,,,,,,,,,
2026-08-21,7525,リックス,東P,"3,690",+5.0 (+0.14%) ,1.04,9.40,11.7,6.34,12.13,-7.15,(連),4.25,,,,,
2026-08-21,7527,システムソフト,東S,54,-1.0 (-1.82%) ,,,,,,,,,,,,,
2026-08-21,7531,清和中央ＨＬＤＧ,東S,"1,295",0.0 (0.00%) ,0.32,14.64,2.2,0.8,0.00,"2,777.78",(連),1.54,,,,,
2026-08-21,7532,パン・パシフィック・インターナ,東P,818.2,+8.0 (+0.99%) ,,,,,,,,,39.97,2.38,-0.28,-0.88,8.27
2026-08-21,7537,丸文,東P,"1,778",+17.0 (+0.97%) ,,,,,,,,,163.90,0.36,-2.99,3.17,5.57
2026-08-21,7538,大水,東S,397,+6.0 (+1.53%) ,0.42,7.39,6.0,0.85,0.00,27.91,(連),1.76,,,,,
2026-08-21,7539,アイナボＨＬＤＧ,東S,793,+3.0 (+0.38%) ,0.7,10.95,6.6,2.74,0.00,15.02,(連),3.28,,,,,
2026-08-21,7544,スリーエフ,東S,561,+3.0 (+0.54%) ,1.03,11.12,9.6,9.37,0.00,42.37,(連),3.21,,,,,
2026-08-21,7545,西松屋チェーン,東P,"2,012",+19.0 (+0.95%) ,1.22,17.62,7.2,5.14,0.00,-16.48,(連),1.59,137.93,0.69,2.16,-14.28,4.05
2026-08-21,7550,ゼンショーＨＬＤＧ,東P,"11,480",+70.0 (+0.61%) ,5.78,41.62,15.8,6.44,27.96,8.86,(連),0.65,338.31,1.49,1.41,-5.13,10.76
2026-08-21,7551,ウェッズ,東S,730,-5.0 (-0.68%) ,0.66,12.00,5.6,5.51,0.00,-14.89,(連),3.70,,,,,
2026-08-21,7552,ハピネット,東P,"3,695",-65.0 (-1.73%) ,,,,,,,,,259.60,1.17,-18.17,-6.63,11.63
2026-08-21,7554,幸楽苑,東P,"1,170",+12.0 (+1.04%) ,3.11,19.35,17.6,5.15,0.00,269.73,(単),0.85,,,,,
2026-08-21,7555,大田花き,東S,745,+3.0 (+0.40%) ,0.73,46.07,1.6,1.48,0.00,-63.64,(連),1.34,,,,,
2026-08-21,7561,ハークスレイＨＬＤＧ,東S,687,-4.0 (-0.58%) ,0.5,8.56,5.9,5.83,0.00,44.24,(連),4.08,75.20,-1.46,-3.57,92.86,10.34
2026-08-21,7562,安楽亭,東S,"3,815",+5.0 (+0.13%) ,,,,,,,,,,,,,
2026-08-21,7564,ワークマン,東S,"6,030",-270.0 (-4.29%) ,3.21,23.87,14.3,18.45,0.00,22.74,(単),1.48,287.31,1.60,0.48,16.63,16.46
2026-08-21,7565,萬世電機,東S,"8,000",-210.0 (-2.56%) ,0.99,11.66,9.0,5.82,0.00,36.70,(連),2.50,,,,,
2026-08-21,7567,栄電子,東S,612,-8.0 (-1.29%) ,0.65,27.30,2.4,1.9,0.00,83.33,(連),1.80,,,,,
2026-08-21,7570,橋本総業ＨＬＤＧ,東S,"1,409",-11.0 (-0.77%) ,0.75,9.72,8.2,1.47,0.00,-0.58,(連),3.55,,,,,
2026-08-21,7571,ヤマノＨＬＤＧ,東S,87,0.0 (0.00%) ,,,,,,,,,,,,,
2026-08-21,7575,日本ライフライン,東P,"1,576",-18.0 (-1.13%) ,1.68,11.82,14.9,21.3,0.00,2.05,(連),3.43,119.42,-1.28,-7.40,-10.80,5.01
2026-08-21,7578,ニチリョク,東S,73,+3.0 (+4.29%) ,,,,,,,,,,,,,
2026-08-21,7581,サイゼリヤ,東P,"7,350",+10.0 (+0.14%) ,3.08,32.31,9.8,6.04,32.65,1.41,(連),0.41,245.84,3.70,0.36,0.99,15.28
2026-08-21,7585,かんなん丸,東S,406,-1.0 (-0.25%) ,,,,,,,,,,,,,
2026-08-21,7590,タカショー,東S,403,+2.0 (+0.50%) ,,,,,,,,,,,,,
2026-08-21,7593,ＶＴ　ＨＬＤＧ,東P,541,+6.0 (+1.12%) ,0.89,13.04,6.9,2.83,47.85,4.08,(連),4.44,,,,,
2026-08-21,7595,アルゴグラフィックス,東P,"1,346",+3.0 (+0.22%) ,,,,,,,,,,,,,
2026-08-21,7596,魚力,東P,"2,372",+15.0 (+0.64%) ,1.76,25.41,7.2,3.56,0.00,10.78,(連),2.19,,,,,
2026-08-21,7599,ＩＤＯＭ,東P,"1,286",+6.0 (+0.47%) ,1.47,10.84,14.2,3.59,1.17,-2.65,(連),2.77,138.42,0.56,-1.98,-3.11,12.65
2026-08-21,7600,日本エム・ディ・エム,東P,838,-7.0 (-0.83%) ,0.87,83.88,1.1,2.4,45.19,-64.11,(連),2.03,2.30,-4.77,-85.00,-92.86,0.37
2026-08-21,7601,ポプラ,東S,166,0.0 (0.00%) ,-13.88,19.64,16.2,2.59,0.00,-25.97,(連),0.00,,,,,
2026-08-21,7602,レダックス,東S,162,0.0 (0.00%) ,0.7,19.73,3.6,-0.59,19.66,32.17,(連),0.62,,,,,
2026-08-21,7603,ジーイエット,東S,48,+1.0 (+2.13%) ,,,,,,,,,,,,,
2026-08-21,7604,梅の花グループ,東S,896,0.0 (0.00%) ,6.13,33.52,12.9,2.17,0.00,-4.90,(連),1.12,,,,,
2026-08-21,7606,ユナイテッドアローズ,東P,"2,559",-34.0 (-1.31%) ,,,,,,,,,237.61,1.48,2.92,15.00,5.31
2026-08-21,7607,進和,東P,"3,135",+5.0 (+0.16%) ,0.97,12.68,7.8,5.27,31.56,23.28,(連),3.96,,,,,
2026-08-21,7608,エスケイジャパン,東S,842,-6.0 (-0.71%) ,2.12,10.59,21.8,11.45,0.00,49.25,(連),2.79,,,,,
2026-08-21,7609,ダイトロン,東P,"4,060",-115.0 (-2.75%) ,2.41,17.48,14.4,6.8,26.21,12.96,(連),2.34,294.30,0.53,28.57,28.57,13.26
2026-08-21,7610,テイツー,東S,141,0.0 (0.00%) ,1.29,10.33,13.2,3.26,0.00,47.44,(連),3.55,,,,,
2026-08-21,7611,ハイデイ日高,東P,"2,991",+39.0 (+1.32%) ,4.33,22.88,18.7,10.58,0.00,16.54,(単),1.74,128.30,-12.33,-6.85,-1.45,9.74
2026-08-21,7613,シークス,東P,"1,596",-19.0 (-1.18%) ,0.73,30.22,2.4,3.06,75.44,11.39,(連),3.07,134.70,0.08,5.56,4.40,-0.38
2026-08-21,7614,オーエムツーネットワーク,東S,"1,532",-3.0 (-0.20%) ,0.56,10.80,5.3,3.66,0.00,-5.79,(連),2.35,,,,,
2026-08-21,7615,京都きもの友禅ＨＬＤＧ,東S,92,-1.0 (-1.08%) ,,,,,,,,,,,,,
2026-08-21,7616,コロワイド,東P,"2,050.5",+39.0 (+1.94%) ,,,,,,,,,,,,,
2026-08-21,7619,田中商事,東S,960,+3.0 (+0.31%) ,0.5,8.05,6.3,3.14,0.00,15.11,(連),3.23,,,,,
2026-08-21,7621,うかい,東S,"3,435",+5.0 (+0.15%) ,3.85,65.25,6.0,6.12,0.00,21.03,(単),0.44,,,,,
2026-08-21,7624,ＮａＩＴＯ,東S,152,+2.0 (+1.33%) ,0.63,29.29,2.2,0.93,0.00,-9.76,(連),2.63,,,,,
2026-08-21,7625,グローバルダイニング,東S,472,-1.0 (-0.21%) ,0.87,15.97,5.6,5.04,18.38,-12.12,(連),1.06,,,,,
2026-08-21,7628,オーハシテクニカ,東P,"1,207",-1.0 (-0.08%) ,0.76,14.83,5.2,5.93,51.14,25.57,(連),3.07,,,,,
2026-08-21,7630,壱番屋,東P,947,+5.0 (+0.53%) ,4.68,58.97,8.0,7.2,15.99,-4.02,(連),1.69,19.40,2.33,-10.53,-16.39,9.09
2026-08-21,7634,星医療酸器,東S,"5,300",+10.0 (+0.19%) ,,,,,,,,,,,,,
2026-08-21,7636,ハンズマン,東S,790,-4.0 (-0.50%) ,,,,,,,,,,,,,
2026-08-21,7637,白銅,東P,"3,715",+35.0 (+0.95%) ,1.65,19.63,8.7,4.22,15.22,-0.75,(連),2.31,,,,,
2026-08-21,7638,ＮＥＷ　ＡＲＴ　ＨＬＤＧ,東S,"1,415",+2.0 (+0.14%) ,2.18,10.33,22.3,15.32,26.93,35.20,(連),5.65,,,,,
2026-08-21,7640,トップカルチャー,東S,180,-2.0 (-1.10%) ,,,,,,,,,,,,,
2026-08-21,7643,ダイイチ,東S,"1,753",+3.0 (+0.17%) ,1.14,20.18,5.8,2.21,0.00,-34.27,(単),2.05,,,,,
2026-08-21,7646,ＰＬＡＮＴ,東S,"1,859",+6.0 (+0.32%) ,0.84,9.54,9.1,2.05,0.00,-5.25,(単),4.03,,,,,
2026-08-21,7649,スギＨＬＤＧ,東P,"2,714.5",-55.0 (-1.99%) ,1.69,10.92,16.6,4.81,0.00,19.22,(連),1.29,179.41,-0.55,-0.23,1.86,11.96
2026-08-21,7670,オーウエル,東S,"1,191",-11.0 (-0.92%) ,0.53,6.66,8.2,1.85,14.77,5.53,(連),3.78,,,,,
2026-08-21,7673,ダイコー通産,東S,"1,636",0.0 (0.00%) ,,,,,,,,,,,,,
2026-08-21,7674,ＮＡＴＴＹ　ＳＷＡＮＫＹＨＬＤ,東G,"2,583",-6.0 (-0.23%) ,,,,,,,,,,,,,
2026-08-21,7675,セントラルフォレストグループ,名M,--,-- (--%) ,0.66,9.32,7.3,0.83,0.00,9.03,(連),2.22,,,,,
2026-08-21,7677,ヤシマキザイ,東S,"2,700",-36.0 (-1.32%) ,0.75,15.43,5.1,2.15,3.33,248.34,(連),0.93,,,,,
2026-08-21,7678,あさくま,東S,"3,035",-45.0 (-1.46%) ,9.5,99.22,10.1,5.17,0.00,185.87,(単),0.00,,,,,
2026-08-21,7679,薬王堂ＨＬＤＧ,東P,"1,742",-12.0 (-0.68%) ,0.84,8.44,10.4,3.23,0.00,-5.31,(連),1.66,,,,,
2026-08-21,7680,軽自動車館,東PRO,--,-- (--%) ,,,,,,,,,,,,,
2026-08-21,7681,レオクラン,東S,"1,043",-3.0 (-0.29%) ,1.1,40.33,2.7,1.34,0.00,70.17,(連),1.63,,,,,
2026-08-21,7682,浜木綿,東S,"3,910",0.0 (0.00%) ,5.27,104.10,5.2,3.1,0.00,-14.29,(単),0.38,,,,,
2026-08-21,7683,ダブルエー,東P,"1,407",+3.0 (+0.21%) ,2.43,39.01,6.3,4.57,0.00,-25.20,(連),1.21,,,,,
2026-08-21,7685,ＢｕｙＳｅｌｌ　Ｔｅｃｈ,東G,"3,195",-145.0 (-4.34%) ,9.2,36.44,31.9,8.99,0.00,102.17,(連),0.39,153.69,0.29,4.48,74.84,51.98
2026-08-21,7686,ひとまいる,東S,445,+4.0 (+0.91%) ,,,,,,,,,22.30,-0.44,2.56,-42.86,3.82
2026-08-21,7687,ミクリード,東G,442,+14.0 (+3.27%) ,1.8,10.45,18.5,5.31,0.00,9.92,(単),1.92,,,,,
2026-08-21,7689,コパ・コーポレーション,東G,307,0.0 (0.00%) ,,,,,,,,,,,,,
2026-08-21,7690,カレント自動車,東PRO,--,-- (--%) ,1.23,5.65,24.4,3.35,0.00,90.00,(単),0.00,,,,,
2026-08-21,7691,Ｃ　Ｃｈａｎｎｅｌ,東PRO,--,-- (--%) ,,,,,,,,,,,,,
2026-08-21,7692,アースインフィニティ,東S,79,-2.0 (-2.47%) ,7.22,18.85,44.0,10.35,0.00,186.81,(単),2.66,,,,,
2026-08-21,7693,北海道歯科産業,東PRO,--,-- (--%) ,0.66,6.26,11.1,1.12,0.00,-27.78,(単),0.24,,,,,
2026-08-21,7694,いつも,東G,508,+20.0 (+4.10%) ,1.19,19.10,6.5,1.5,0.00,479.07,(連),0.00,,,,,
2026-08-21,7695,交換できるくん,東G,855,-18.0 (-2.06%) ,3.08,67.32,4.9,1.4,0.00,4.60,(連),0.00,40.20,0.10,0.00,-2.00,24.37
2026-08-21,7698,アイスコ,東S,"2,640",+5.0 (+0.19%) ,,,,,,,,,,,,,
2026-08-21,7699,オムニ・プラス・システム,東G,700,0.0 (0.00%) ,,,,,,,,,,,,,
2026-08-21,7701,島津製作所,東P,"4,109",+9.0 (+0.22%) ,2.1,19.62,11.4,13.14,56.74,14.91,(連),1.68,199.75,-4.46,0.37,2.82,5.73
2026-08-21,7702,ＪＭＳ,東S,462,+4.0 (+0.87%) ,,,,,,,,,,,,,
2026-08-21,7707,プレシジョン・システム・サイエ,東G,214,-4.0 (-1.83%) ,,,,,,,,,,,,,
2026-08-21,7709,クボテック,東S,38,0.0 (0.00%) ,,,,,,,,,,,,,
2026-08-21,7711,助川電気工業,東S,"4,750",+30.0 (+0.64%) ,5.36,32.97,17.4,21.31,0.00,28.49,(単),0.84,,,,,
2026-08-21,7713,シグマ光機,東S,"2,155",+1.0 (+0.05%) ,,,,,,,,,,,,,
2026-08-21,7715,長野計器,東P,"3,950",+100.0 (+2.60%) ,1.53,13.82,11.8,10.31,56.18,-9.41,(連),1.32,366.10,0.37,24.05,15.29,4.19
2026-08-21,7716,ナカニシ,東S,"3,030",-65.0 (-2.10%) ,,,,,,,,,153.99,-0.03,-2.51,1.94,9.26
2026-08-21,7717,ブイ・テクノロジー,東P,"5,420",-30.0 (-0.55%) ,1.42,22.26,6.6,7.11,76.93,83.71,(連),1.48,356.65,0.33,3.95,-0.66,11.78
2026-08-21,7719,東京衡機,東S,467,+32.0 (+7.36%) ,1.87,24.96,8.1,3.4,0.00,336.11,(連),0.00,,,,,
2026-08-21,7721,東京計器,東P,"6,930",-190.0 (-2.67%) ,2.5,28.43,9.3,8.76,18.37,9.82,(連),0.58,316.90,0.75,0.87,11.72,9.68
2026-08-21,7722,国際計測器,東S,790,+2.0 (+0.25%) ,0.85,7.12,12.6,13.95,70.97,62.72,(連),4.43,,,,,
2026-08-21,7723,愛知時計電機,東P,"2,870",+19.0 (+0.67%) ,,,,,,,,,,,,,
2026-08-21,7725,インターアクション,東P,"1,875",-23.0 (-1.21%) ,,,,,,,,,108.40,0.16,0.00,25.00,4.63
2026-08-21,7726,黒田精工,東S,"1,325",+16.0 (+1.22%) ,,,,,,,,,,,,,
2026-08-21,7727,オーバル,東S,801,-14.0 (-1.72%) ,1.04,12.33,8.9,10.92,24.75,22.65,(連),2.50,,,,,
2026-08-21,7729,東京精密,東P,"17,290",-50.0 (-0.29%) ,3.67,28.34,13.6,20.22,76.23,16.32,(連),1.52,732.54,1.18,0.76,18.04,12.26
2026-08-21,7730,マニー,東P,"1,603",-9.0 (-0.56%) ,2.95,34.01,8.8,27.34,83.74,-2.28,(連),2.43,70.80,0.45,-0.56,11.65,7.80
2026-08-21,7731,ニコン,東P,"2,008",+42.0 (+2.14%) ,,,,,,,,,28.65,-0.62,1.00,-70.46,0.29
2026-08-21,7733,オリンパス,東P,"2,168.5",-18.5 (-0.85%) ,2.94,35.36,8.7,9.61,89.72,-40.91,(連),1.38,92.02,0.47,0.13,-9.22,4.13
2026-08-21,7734,理研計器,東P,"3,290",+50.0 (+1.54%) ,1.75,15.14,12.2,22.5,47.25,24.13,(連),1.67,225.20,3.97,0.56,-0.88,11.63
2026-08-21,7735,ＳＣＲＥＥＮ　ＨＬＤＧ,東P,"12,970",-110.0 (-0.84%) ,5.04,26.65,20.3,20.23,85.86,-10.08,(連),1.13,608.40,0.86,-0.12,16.92,9.46
2026-08-21,7740,タムロン,東P,"1,382",-2.0 (-0.14%) ,2.59,18.99,14.0,19.56,81.21,-13.49,(連),2.62,84.45,1.02,-0.53,-5.30,1.89
2026-08-21,7741,ＨＯＹＡ,東P,"24,895",-345.0 (-1.37%) ,,,,,,,,,805.51,3.79,0.53,8.91,9.36
2026-08-21,7743,シード,東S,534,-2.0 (-0.37%) ,0.84,14.23,6.1,4.24,13.36,5.48,(連),2.81,29.10,-0.82,-23.33,-36.11,4.08
2026-08-21,7744,ノーリツ鋼機,東P,"2,000",+38.0 (+1.94%) ,0.94,13.61,6.9,17.46,91.55,7.40,(連),3.68,169.20,0.77,2.52,30.05,26.86
2026-08-21,7745,Ａ＆ＤホロンＨＬＤＧ,東P,"2,796",+14.0 (+0.50%) ,1.55,12.92,12.9,13.28,61.89,5.76,(連),1.97,180.30,-0.93,-8.19,-30.00,1.14
2026-08-21,7746,岡本硝子,東S,748,-5.0 (-0.66%) ,,,,,,,,,,,,,
2026-08-21,7747,朝日インテック,東P,"4,043",-81.0 (-1.96%) ,7.24,86.17,8.4,25.06,84.27,34.57,(連),0.60,117.92,0.23,0.42,41.62,15.41
2026-08-21,7749,メディキット,東S,"2,861",-7.0 (-0.24%) ,0.89,13.86,6.5,17.96,17.85,-3.74,(連),3.50,,,,,
2026-08-21,7751,キヤノン,東P,"4,593",+78.0 (+1.73%) ,1.16,12.50,9.7,9.85,79.21,60.07,(連),3.48,373.27,7.68,-0.21,-3.06,2.97
2026-08-21,7752,リコー,東P,"1,642",+42.5 (+2.66%) ,0.81,16.79,5.1,3.48,59.68,31.69,(連),2.44,113.97,0.85,1.00,2.59,2.47
2026-08-21,7760,ＩＭＶ,東S,"1,969",+8.0 (+0.41%) ,2.64,16.18,17.5,12.9,44.78,38.64,(連),1.52,138.00,1.06,11.11,15.38,17.00
2026-08-21,7762,シチズン時計,東P,"2,529",-38.0 (-1.48%) ,2.1,19.84,11.3,8.72,76.98,67.03,(連),1.86,115.78,-2.42,1.72,58.12,9.04
2026-08-21,7769,リズム,東P,"4,005",+5.0 (+0.13%) ,0.94,13.91,7.1,4.56,50.60,70.60,(連),4.18,,,,,
2026-08-21,7771,日本精密,東S,293,-3.0 (-1.01%) ,3.45,18.52,20.0,4.74,42.63,"26,550.00",(連),0.00,,,,,
2026-08-21,7774,ジャパン・ティッシュエンジニア,東G,862,+30.0 (+3.61%) ,,,,,,,,,,,,,
2026-08-21,7775,大研医器,東S,426,+1.0 (+0.24%) ,1.57,13.26,12.1,12.41,0.00,-15.63,(単),4.69,20.50,-0.57,-33.60,-56.32,2.72
2026-08-21,7776,セルシード,東G,233,-2.0 (-0.85%) ,,,,,,,,,,,,,
2026-08-21,7777,スリー・ディー・マトリックス,東G,359,-12.0 (-3.23%) ,6.76,10.29,100.4,12.26,88.45,259.93,(連),0.00,,,,,
2026-08-21,7779,ＣＹＢＥＲＤＹＮＥ,東G,235,-7.0 (-2.89%) ,,,,,,,,,3.25,0.22,-41.71,50.25,3.71
2026-08-21,7780,メニコン,東P,"1,920",-21.0 (-1.08%) ,1.5,24.27,6.6,8.15,30.83,14.72,(連),1.46,92.54,1.24,0.74,-2.37,4.55
2026-08-21,7781,平山ＨＬＤＧ,東S,890,+2.0 (+0.23%) ,2.73,15.84,18.1,3.51,6.88,11.49,(連),2.81,,,,,
2026-08-21,7782,シンシア,東S,458,-4.0 (-0.87%) ,,,,,,,,,,,,,
2026-08-21,7790,バルコス,名N,"1,042",0.0 (0.00%) ,1.62,24.71,7.1,1.91,0.00,-52.19,(連),0.00,,,,,
2026-08-21,7791,ドリームベッド,東S,823,-6.0 (-0.72%) ,0.69,7.04,10.3,5.77,0.00,17.67,(単),4.37,,,,,
2026-08-21,7792,コラントッテ,東G,"1,445",+3.0 (+0.21%) ,2.54,9.86,28.6,26.16,0.00,22.21,(単),2.91,,,,,
2026-08-21,7793,イメージ・マジック,東G,"1,528",-3.0 (-0.20%) ,1.87,11.31,17.1,5.91,0.00,24.28,(単),2.09,,,,,
2026-08-21,7794,イーディーピー,東G,935,-13.0 (-1.37%) ,,,,,,,,,,,,,
2026-08-21,7795,ＫＹＯＲＩＴＳＵ,東S,228,+3.0 (+1.33%) ,,,,,,,,,,,,,
2026-08-21,7800,アミファ,東S,"1,016",-7.0 (-0.68%) ,1.43,15.77,9.7,3.05,0.00,183.57,(単),2.56,,,,,
2026-08-21,7803,ブシロード,東G,401,-19.0 (-4.52%) ,,,,,,,,,30.95,-1.70,0.00,-6.99,3.10
2026-08-21,7804,ビーアンドピー,東S,"2,318",+10.0 (+0.43%) ,1.41,10.86,12.9,15.6,0.00,28.68,(連),3.45,,,,,
2026-08-21,7805,プリントネット,東S,742,-6.0 (-0.80%) ,0.86,8.28,10.9,6.11,0.00,23.90,(単),1.75,,,,,
2026-08-21,7806,ＭＴＧ,東G,"8,680",+40.0 (+0.46%) ,6.69,43.04,16.6,10.79,1.82,191.92,(連),0.29,269.30,0.96,-0.47,32.56,38.08
2026-08-21,7807,幸和製作所,東S,875,+26.0 (+3.06%) ,1.06,8.50,13.5,11.68,0.00,-19.47,(連),1.49,,,,,
2026-08-21,7808,シー・エス・ランバー,東S,"2,750",+18.0 (+0.66%) ,,,,,,,,,,,,,
2026-08-21,7809,壽屋,東S,"1,325",+2.0 (+0.15%) ,,,,,,,,,173.30,0.04,0.00,-18.00,11.18
2026-08-21,7810,クロスフォー,東S,146,-1.0 (-0.68%) ,1.38,112.31,1.2,1.46,31.32,483.33,(連),0.24,,,,,
2026-08-21,7811,中本パックス,東S,"1,953",+3.0 (+0.15%) ,0.82,7.97,10.8,5.97,0.00,5.02,(連),3.64,248.60,5.45,0.00,-5.41,2.38
2026-08-21,7812,クレステック,東S,"2,130",-18.0 (-0.84%) ,,,,,,,,,,,,,
2026-08-21,7813,プラッツ,東S,820,+2.0 (+0.24%) ,,,,,,,,,,,,,
2026-08-21,7814,日本創発グループ,東S,624,-4.0 (-0.64%) ,1.42,4.49,36.2,3.46,0.00,-23.75,(連),9.62,,,,,
2026-08-21,7815,東京ボード工業,東S,363,-6.0 (-1.63%) ,,,,,,,,,,,,,
2026-08-21,7818,トランザクション,東P,"1,259",-2.0 (-0.16%) ,3.62,17.76,21.6,20.78,0.00,6.86,(連),2.26,77.50,1.74,1.54,-1.49,10.71
2026-08-21,7819,粧美堂,東S,964,-12.0 (-1.23%) ,,,,,,,,,,,,,
2026-08-21,7820,ニホンフラッシュ,東P,718,+6.0 (+0.84%) ,0.51,11.54,4.6,7.44,57.80,84.85,(連),5.01,,,,,
2026-08-21,7821,前田工繊,東P,"2,032",-8.0 (-0.39%) ,,,,,,,,,146.95,4.62,0.00,-1.40,8.14
2026-08-21,7822,永大産業,東S,255,0.0 (0.00%) ,,,,,,,,,,,,,
2026-08-21,7823,アートネイチャー,東S,863,+3.0 (+0.35%) ,0.99,14.81,6.9,7.22,0.00,53.45,(連),3.48,,,,,
2026-08-21,7826,フルヤ金属,東P,"8,140",-130.0 (-1.57%) ,,,,,,,,,703.68,1.48,5.08,72.90,29.58
2026-08-21,7827,オービス,東S,"1,739",+4.0 (+0.23%) ,0.54,7.30,7.6,5.21,0.00,11.25,(連),3.45,,,,,
2026-08-21,7831,ウイルコＨＬＤＧ,東S,68,-2.0 (-2.86%) ,,,,,,,,,,,,,
2026-08-21,7832,バンダイナムコＨＬＤＧ,東P,"5,484",-70.0 (-1.26%) ,4.09,25.21,17.0,14.06,42.15,8.29,(連),1.33,226.78,5.73,1.12,8.64,6.23
2026-08-21,7833,アイフィスジャパン,東S,649,-4.0 (-0.61%) ,,,,,,,,,,,,,
2026-08-21,7836,アビックス,東S,79,0.0 (0.00%) ,1.41,11.90,12.6,4.22,0.00,-7.38,(連),0.00,,,,,
2026-08-21,7837,アールシーコア,東S,334,-3.0 (-0.89%) ,,,,,,,,,,,,,
2026-08-21,7839,ＳＨＯＥＩ,東P,"2,077",-12.0 (-0.57%) ,3.39,17.28,20.5,27.5,82.34,-15.25,(連),2.89,129.77,2.03,1.83,-4.41,-1.85
2026-08-21,7840,フランスベッドＨＬＤＧ,東P,"1,292",+13.0 (+1.02%) ,,,,,,,,,,,,,
2026-08-21,7841,遠藤製作所,東S,"1,116",-3.0 (-0.27%) ,0.42,16.31,2.6,5.63,52.47,-28.85,(連),3.58,,,,,
2026-08-21,7844,マーベラス,東P,503,-1.0 (-0.20%) ,1.1,15.27,7.4,5.92,38.68,58.67,(連),2.39,33.00,71.85,0.00,25.00,6.30
2026-08-21,7846,パイロットコーポレーション,東P,"1,991.5",+61.5 (+3.19%) ,1.53,18.85,8.5,13.17,76.78,-11.21,(連),2.01,130.17,0.64,-0.08,-3.74,3.77
2026-08-21,7847,グラファイトデザイン,東S,667,+3.0 (+0.45%) ,0.86,29.96,2.9,5.75,49.32,-61.47,(単),4.50,37.00,0.27,56.00,-22.00,2.66
2026-08-21,7849,スターツ出版,東S,"2,989",+26.0 (+0.88%) ,1.07,8.33,13.4,21.56,0.00,-23.15,(単),4.01,275.90,-0.47,-28.57,-50.00,-1.65
2026-08-21,7850,総合商研,東S,826,+11.0 (+1.35%) ,0.79,7.75,10.7,2.16,0.00,24.57,(連),3.63,,,,,
2026-08-21,7851,カワセコンピュータサプライ,東S,189,+5.0 (+2.72%) ,0.36,13.17,2.7,1.72,0.00,-31.19,(単),1.59,,,,,
2026-08-21,7856,萩原工業,東P,"1,860",-15.0 (-0.80%) ,0.85,14.48,6.0,4.59,27.67,-17.08,(連),3.49,106.50,-1.03,-8.33,-12.00,2.80
2026-08-21,7857,セキ,東S,"1,297",0.0 (0.00%) ,0.33,21.35,1.6,-0.54,0.00,-58.19,(連),2.00,,,,,
2026-08-21,7859,アルメディオ,東S,248,-11.0 (-4.25%) ,,,,,,,,,,,,,
2026-08-21,7860,エイベックス,東P,"1,276",+2.0 (+0.16%) ,1.05,15.25,7.0,2.79,0.00,354.43,(連),3.92,92.20,1.36,11.15,11.65,8.92
2026-08-21,7863,平賀,東S,939,+1.0 (+0.11%) ,0.61,14.32,4.4,2.16,0.00,-34.10,(単),4.26,,,,,
2026-08-21,7864,フジシールインターナショナル,東P,"3,280",-5.0 (-0.15%) ,1.08,8.47,13.5,9.4,54.98,20.12,(連),2.47,294.55,-0.47,3.34,7.04,4.64
2026-08-21,7865,ピープル,東S,340,+3.0 (+0.89%) ,,,,,,,,,,,,,
2026-08-21,7867,タカラトミー,東P,"3,641",+20.0 (+0.55%) ,2.87,27.71,10.7,8.96,33.50,2.16,(連),1.76,214.72,0.27,2.32,-0.95,6.48
2026-08-21,7868,広済堂ＨＬＤＧ,東P,567,+1.0 (+0.18%) ,,,,,,,,,33.10,-5.05,-8.22,-23.86,1.29
2026-08-21,7870,福島印刷,名M,371,0.0 (0.00%) ,0.39,12.79,3.1,3.37,0.00,"1,437.50",(単),2.96,,,,,
2026-08-21,7871,フクビ化学工業,東S,"1,007",-2.0 (-0.20%) ,,,,,,,,,,,,,
2026-08-21,7872,エステールＨＬＤＧ,東S,615,-4.0 (-0.65%) ,0.55,139.46,0.4,2.03,0.00,120.57,(連),4.39,,,,,
2026-08-21,7874,レック,東P,966,+3.0 (+0.31%) ,,,,,,,,,,,,,
2026-08-21,7875,竹田ｉＰＨＬＤＧ,東S,821,-3.0 (-0.36%) ,0.69,12.30,5.9,3.78,10.49,-1.56,(連),2.86,,,,,
2026-08-21,7877,永大化工,東S,"2,199",-3.0 (-0.14%) ,0.37,8.29,4.6,5.17,0.00,75.09,(連),3.18,,,,,
2026-08-21,7878,光・彩,東S,"1,366",+71.0 (+5.48%) ,1.32,18.52,7.4,4.22,13.97,17.81,(単),2.20,,,,,
2026-08-21,7879,ノダ,東S,671,+16.0 (+2.44%) ,,,,,,,,,,,,,
2026-08-21,7883,サンメッセ,東S,399,-1.0 (-0.25%) ,,,,,,,,,,,,,
2026-08-21,7885,タカノ,東S,"1,141",-3.0 (-0.26%) ,0.53,28.19,1.9,3.39,55.80,89.39,(連),1.75,,,,,
2026-08-21,7886,ヤマト　モビリティ　＆　Ｍｆｇ,東S,711,-11.0 (-1.52%) ,,,,,,,,,,,,,
2026-08-21,7887,南海プライウッド,東S,"1,524",-9.0 (-0.59%) ,0.28,4.03,7.2,7.2,18.76,105.38,(連),2.62,,,,,
2026-08-21,7888,三光合成,東P,915,-3.0 (-0.33%) ,,,,,,,,,167.30,0.01,20.34,10.94,7.36
2026-08-21,7893,プロネクサス,東P,"1,158",+6.0 (+0.52%) ,1.21,13.92,8.7,8.85,0.00,79.14,(連),3.63,,,,,
2026-08-21,7896,セブン工業,東S,515,0.0 (0.00%) ,,,,,,,,,,,,,
2026-08-21,7897,ホクシン,東S,106,0.0 (0.00%) ,,,,,,,,,,,,,
2026-08-21,7898,ウッドワン,東S,932,+11.0 (+1.19%) ,,,,,,,,,,,,,
2026-08-21,7901,マツモト,東S,870,+3.0 (+0.35%) ,0.99,6.32,17.2,-7.48,0.00,67.82,(単),0.00,,,,,
2026-08-21,7902,ソノコム,東S,"1,100",+20.0 (+1.85%) ,0.43,13.12,3.3,12.24,0.00,39.94,(単),1.18,,,,,
2026-08-21,7906,ヨネックス,東S,"2,774",-37.0 (-1.32%) ,2.95,19.62,16.2,10.11,74.41,16.84,(連),0.90,157.71,1.55,-0.05,11.18,14.39
2026-08-21,7908,きもと,東S,238,-1.0 (-0.42%) ,0.55,18.89,3.0,10.09,63.89,-12.05,(連),2.94,,,,,
2026-08-21,7911,ＴＯＰＰＡＮＨＬＤＧ,東P,"5,123",+11.0 (+0.22%) ,1.08,22.56,4.9,3.72,70.23,-14.52,(連),1.13,278.77,0.81,0.12,-27.67,5.43
2026-08-21,7912,大日本印刷,東P,"3,225",+3.0 (+0.09%) ,1.17,13.69,8.9,6.68,25.26,2.86,(連),1.24,221.82,-2.50,-0.52,8.81,2.86
2026-08-21,7914,共同印刷,東P,"1,771",+25.0 (+1.43%) ,0.75,12.55,6.2,2.17,0.00,-0.69,(連),4.40,,,,,
2026-08-21,7915,ＮＩＳＳＨＡ,東P,"1,299",+8.0 (+0.62%) ,0.53,61.48,0.9,2.07,87.07,-42.85,(連),3.85,72.94,0.07,1.79,-37.36,0.68
2026-08-21,7916,光村印刷,東S,"1,887",-3.0 (-0.16%) ,,,,,,,,,,,,,
2026-08-21,7917,ＺＡＣＲＯＳ,東P,"1,272",-15.0 (-1.17%) ,0.96,11.98,8.3,6.97,40.08,18.69,(連),2.83,98.46,-1.81,2.99,10.55,8.06
2026-08-21,7918,ヴィアＨＬＤＧ,東S,107,0.0 (0.00%) ,,,,,,,,,,,,,
2026-08-21,7919,野崎印刷紙業,東S,224,+1.0 (+0.45%) ,0.78,10.10,7.9,3.68,0.00,-24.10,(連),3.35,,,,,
2026-08-21,7921,ＴＡＫＡＲＡ＆ＣＯＭＰＡＮＹ,東P,"4,275",+75.0 (+1.79%) ,,,,,,,,,,,,,
2026-08-21,7927,ムトー精工,東S,"2,260",+18.0 (+0.80%) ,0.75,7.90,10.1,7.83,70.45,7.33,(連),5.09,,,,,
2026-08-21,7928,旭化学工業,東S,654,+2.0 (+0.31%) ,0.39,43.40,0.9,-0.54,56.99,-37.91,(連),1.53,,,,,
2026-08-21,7931,未来工業,東P,"3,700",+70.0 (+1.93%) ,1.08,12.73,8.7,14.72,0.00,-2.38,(連),3.92,300.10,3.75,0.00,-1.37,5.28
2026-08-21,7932,ニッピ,東S,"11,750",+90.0 (+0.77%) ,0.8,11.83,7.0,8.79,18.09,16.35,(連),5.39,,,,,
2026-08-21,7936,アシックス,東P,"4,689",-228.0 (-4.64%) ,12.23,33.95,39.1,17.58,80.46,50.42,(連),0.60,175.69,1.03,0.22,26.08,21.45
2026-08-21,7937,ツツミ,東S,"2,603",+15.0 (+0.58%) ,,,,,,,,,,,,,
2026-08-21,7938,リーガルコーポレーション,東S,"2,193",0.0 (0.00%) ,,,,,,,,,,,,,
2026-08-21,7939,研創,東S,609,-2.0 (-0.33%) ,,,,,,,,,,,,,
2026-08-21,7942,ＪＳＰ,東P,"3,110",+30.0 (+0.97%) ,0.75,12.35,6.3,5.34,50.83,10.68,(連),2.89,297.60,0.57,54.17,65.67,9.32
2026-08-21,7943,ニチハ,東P,"3,090",+10.0 (+0.32%) ,,,,,,,,,214.70,0.08,10.37,-25.98,-2.43
2026-08-21,7944,ローランド,東P,"3,865",-35.0 (-0.90%) ,2.48,47.31,5.0,9.32,90.83,7.26,(連),4.40,282.22,0.06,9.56,-0.04,4.04
2026-08-21,7946,光陽社,東S,318,-3.0 (-0.93%) ,0.45,9.97,4.7,2.11,0.00,33.98,(連),3.14,,,,,
2026-08-21,7947,エフピコ,東P,"2,782",+16.0 (+0.58%) ,1.37,15.13,9.4,8.99,0.00,17.98,(連),2.62,171.68,-2.43,4.46,-6.46,4.11
2026-08-21,7949,小松ウオール工業,東P,"2,824",+24.0 (+0.86%) ,1.27,16.29,7.9,8.77,0.00,10.49,(単),4.60,,,,,
2026-08-21,7950,日本デコラックス,名M,--,-- (--%) ,0.45,14.26,3.2,10.45,0.00,22.36,(単),3.94,,,,,
2026-08-21,7951,ヤマハ,東P,"1,309",+13.5 (+1.04%) ,1.2,24.84,5.1,6.29,75.98,57.10,(連),1.99,70.20,0.56,1.03,-11.38,2.39
2026-08-21,7952,河合楽器製作所,東P,"3,570",+10.0 (+0.28%) ,0.66,26.90,2.5,0.16,35.91,100.84,(連),2.66,,,,,
2026-08-21,7953,菊水化学工業,東S,401,+3.0 (+0.75%) ,0.49,18.63,2.7,1.87,0.00,45.16,(連),4.24,,,,,
2026-08-21,7955,クリナップ,東P,"1,001",+7.0 (+0.70%) ,,,,,,,,,,,,,
2026-08-21,7956,ピジョン,東P,"2,155.5",+36.5 (+1.72%) ,3.11,30.08,10.4,12.05,66.69,3.00,(連),3.53,81.15,1.97,0.19,4.04,6.16
2026-08-21,7957,フジコピアン,東S,"2,456",+4.0 (+0.16%) ,,,,,,,,,,,,,
2026-08-21,7962,キングジム,東P,811,+3.0 (+0.37%) ,,,,,,,,,,,,,
2026-08-21,7963,興研,東S,"1,803",-4.0 (-0.22%) ,0.64,10.03,6.6,10.72,0.00,21.76,(連),2.77,,,,,
2026-08-21,7965,象印マホービン,東P,"1,474",+6.0 (+0.41%) ,1.05,15.97,6.8,8.16,32.59,12.09,(連),5.56,83.40,-1.83,-100.05,-13.48,4.20
2026-08-21,7966,リンテック,東P,"5,490",-240.0 (-4.19%) ,1.4,20.76,6.9,7.88,81.38,-1.63,(連),2.00,324.92,0.77,1.51,10.81,2.85
2026-08-21,7970,信越ポリマー,東P,"2,244",+14.0 (+0.63%) ,1.39,18.22,7.9,12.2,55.25,5.98,(連),2.76,136.80,1.47,0.00,-4.19,4.17
2026-08-21,7971,東リ,東S,706,+4.0 (+0.57%) ,0.77,9.19,8.9,4.54,0.00,22.89,(連),4.82,,,,,
2026-08-21,7972,イトーキ,東P,"2,565",+7.0 (+0.27%) ,2.23,13.49,17.7,8.9,4.29,37.34,(連),2.92,235.82,0.45,-0.98,15.88,11.34
2026-08-21,7974,任天堂,東P,"8,599",-182.0 (-2.07%) ,3.36,23.59,14.9,15.57,76.87,45.63,(連),2.55,356.48,-11.18,0.44,-15.41,40.97
2026-08-21,7975,リヒトラブ,東S,"1,141",-2.0 (-0.17%) ,0.35,57.71,0.6,0.39,0.00,-44.93,(連),2.19,,,,,
2026-08-21,7976,三菱鉛筆,東P,"2,971",+86.0 (+2.98%) ,1.16,26.00,4.7,10.79,57.25,-22.58,(連),1.75,171.60,0.34,8.58,1.01,4.41
2026-08-21,7979,松風,東P,"2,339",-25.0 (-1.06%) ,1.71,17.03,10.7,13.07,58.82,6.08,(連),2.57,133.03,-5.62,18.00,9.20,5.26
2026-08-21,7980,重松製作所,東S,848,+8.0 (+0.95%) ,0.64,8.59,7.8,6.76,57.11,-14.95,(単),1.77,,,,,
2026-08-21,7981,タカラスタンダード,東P,"3,065",+45.0 (+1.49%) ,0.99,13.22,7.7,7.55,0.00,22.94,(連),3.78,,,,,
2026-08-21,7983,ミロク,東S,"1,099",+20.0 (+1.85%) ,,,,,,,,,,,,,
2026-08-21,7984,コクヨ,東P,870.7,+8.5 (+0.99%) ,1.49,18.03,8.4,7.29,12.25,11.52,(連),2.81,50.47,3.81,1.03,-4.58,6.64
2026-08-21,7985,ネポン,東S,778,+1.0 (+0.13%) ,0.3,19.74,1.6,0.94,0.00,2.63,(連),1.54,,,,,
2026-08-21,7986,日本アイ・エス・ケイ,東S,"1,914",+4.0 (+0.21%) ,0.63,7.05,9.4,9.81,0.00,5.59,(連),1.57,,,,,
2026-08-21,7987,ナカバヤシ,東S,575,+5.0 (+0.88%) ,0.51,8.13,6.5,4.67,0.00,45.39,(連),3.83,,,,,
2026-08-21,7988,ニフコ,東P,"5,068",+28.0 (+0.56%) ,1.59,14.02,11.9,13.63,69.67,-1.67,(連),2.17,397.48,1.27,0.14,-1.10,2.19
2026-08-21,7989,立川ブラインド工業,東P,"2,723",+89.0 (+3.38%) ,0.97,16.90,5.9,10.35,0.00,5.78,(連),2.57,,,,,
2026-08-21,7990,グローブライド,東P,"2,532",+32.0 (+1.28%) ,,,,,,,,,238.25,-13.92,0.85,-25.00,3.15
2026-08-21,7991,マミヤ・オーピー,東S,"1,056",-12.0 (-1.12%) ,0.42,6.37,6.7,9.01,15.96,-64.83,(連),4.73,,,,,
2026-08-21,7992,セーラー万年筆,東S,103,+1.0 (+0.98%) ,,,,,,,,,,,,,
2026-08-21,7994,オカムラ,東P,"2,339",0.0 (0.00%) ,1.08,9.88,11.5,7.34,0.00,-2.34,(連),4.45,237.80,23.29,-1.74,-9.64,4.86
2026-08-21,7995,バルカー,東P,"6,520",-80.0 (-1.21%) ,2.15,22.39,9.9,12.13,32.45,16.89,(連),2.30,486.20,0.20,9.21,21.22,6.49
2026-08-21,7997,くろがね工作所,東S,"1,073",+17.0 (+1.61%) ,0.37,4.51,8.6,-1.92,0.00,-136.84,(連),3.73,,,,,
2026-08-21,8001,伊藤忠商事,東P,"2,080",+76.0 (+3.79%) ,2.21,16.25,14.6,4.74,23.41,3.84,(連),2.02,138.15,1.83,-0.37,2.36,2.80
2026-08-21,8002,丸紅,東P,"4,893",+37.0 (+0.76%) ,1.84,14.81,13.6,3.11,49.16,5.60,(連),2.20,367.18,1.19,-0.49,11.45,5.28
2026-08-21,8005,スクロール,東P,"1,838",-8.0 (-0.43%) ,1.65,22.77,7.5,6.47,0.00,-4.02,(連),3.21,,,,,
2026-08-21,8006,ユアサ・フナショク,東S,"1,509",-31.0 (-2.01%) ,0.61,11.77,5.4,2.29,0.00,7.99,(連),2.19,,,,,
2026-08-21,8007,高島,東P,814,+4.0 (+0.49%) ,1.2,22.69,5.2,2.32,13.98,-24.75,(連),5.53,,,,,
2026-08-21,8008,ヨンドシーＨＬＤＧ,東P,"2,179",+30.0 (+1.40%) ,1.14,26.11,4.5,4.01,0.00,34.58,(連),3.81,139.70,0.23,57.58,57.58,27.95
2026-08-21,8011,三陽商会,東P,"5,320",+50.0 (+0.95%) ,1.33,13.57,10.3,2.22,0.00,-49.17,(連),2.61,,,,,
2026-08-21,8012,長瀬産業,東P,"1,221.5",-4.0 (-0.33%) ,1.17,15.48,8.0,4.6,70.25,14.89,(連),2.05,91.13,0.87,2.20,11.00,2.82
2026-08-21,8013,ナイガイ,東S,349,-1.0 (-0.29%) ,0.4,54.45,0.8,-1.02,0.00,-135.76,(連),0.00,,,,,
2026-08-21,8014,蝶理,東P,"4,260",+75.0 (+1.79%) ,1.03,8.74,12.4,4.36,37.40,-12.38,(連),3.45,,,,,
2026-08-21,8015,豊田通商,東P,"7,226",+31.0 (+0.43%) ,2.42,20.59,12.8,4.72,71.99,5.23,(連),1.66,443.26,0.62,-0.52,15.17,9.44
2026-08-21,8016,オンワードＨＬＤＧ,東P,772,+2.0 (+0.26%) ,1.12,10.39,11.4,4.9,8.33,10.83,(連),3.89,81.47,0.97,-1.68,0.28,8.69
2026-08-21,8018,三共生興,東S,886,0.0 (0.00%) ,0.6,16.32,3.9,3.13,25.97,-20.99,(連),3.05,,,,,
2026-08-21,8020,兼松,東P,"2,184",+36.5 (+1.70%) ,1.74,11.17,17.0,4.56,15.18,23.34,(連),2.88,222.30,0.71,0.84,1.57,2.96
2026-08-21,8022,美津濃,東P,"4,080",-60.0 (-1.45%) ,1.79,17.02,11.1,8.73,40.11,12.33,(連),1.47,254.91,2.56,-0.38,7.70,7.53
2026-08-21,8023,ＤＡＩＫＯ　ＸＴＥＣＨ,東S,"1,037",+9.0 (+0.88%) ,0.96,9.10,10.9,4.48,0.00,-20.20,(連),3.47,,,,,
2026-08-21,8025,ツカモトコーポレーション,東S,"1,327",-15.0 (-1.12%) ,,,,,,,,,,,,,
2026-08-21,8029,ルックＨＬＤＧ,東S,"2,656",+6.0 (+0.23%) ,0.49,13.44,3.8,3.38,52.21,-27.57,(連),3.77,,,,,
2026-08-21,8030,中央魚類,東S,"3,735",+20.0 (+0.54%) ,0.41,5.07,8.6,2.06,0.00,6.78,(連),3.21,,,,,
2026-08-21,8031,三井物産,東P,"4,899",+125.0 (+2.62%) ,,,,,,,,,344.26,0.76,-0.73,22.15,1.30
2026-08-21,8032,日本紙パルプ商事,東P,"1,221",+6.0 (+0.49%) ,1.07,30.91,3.6,1.79,58.44,-31.19,(連),2.78,,,,,
2026-08-21,8035,東京エレクトロン,東P,"54,290",+270.0 (+0.50%) ,11.93,43.27,29.6,25.58,90.20,-10.93,(連),1.16,"1,633.63",1.09,3.00,30.76,17.41
2026-08-21,8037,カメイ,東P,"4,355",+25.0 (+0.58%) ,0.77,11.20,7.2,2.91,14.39,5.12,(連),2.64,,,,,
2026-08-21,8039,築地魚市場,東S,"3,580",-30.0 (-0.83%) ,,,,,,,,,,,,,
2026-08-21,8040,東京ソワール,東S,"1,036",-1.0 (-0.10%) ,0.34,15.12,2.3,1.07,0.00,-14.99,(連),4.34,,,,,
2026-08-21,8041,ＯＵＧ　ＨＬＤＧ,東S,"4,480",-55.0 (-1.21%) ,0.58,4.50,14.0,1.74,0.00,15.62,(連),3.73,,,,,
2026-08-21,8043,スターゼン,東P,"1,521",-16.0 (-1.04%) ,0.91,10.43,9.0,1.95,0.00,3.43,(連),2.83,,,,,
2026-08-21,8045,横浜丸魚,東S,"1,965",-14.0 (-0.71%) ,0.56,20.00,3.2,1.14,0.00,27.75,(連),1.73,,,,,
2026-08-21,8046,丸藤シートパイル,東S,991,+9.0 (+0.92%) ,0.52,8.96,6.2,5.23,0.00,28.21,(連),4.04,,,,,
2026-08-21,8050,セイコーグループ,東P,"10,530",-540.0 (-4.88%) ,4.9,39.16,13.3,9.2,47.25,59.46,(連),0.78,297.67,3.48,0.65,43.73,11.20
2026-08-21,8051,山善,東P,"1,898",+1.0 (+0.05%) ,1.18,17.34,7.0,2.22,17.80,29.87,(連),2.85,,,,,
2026-08-21,8052,椿本興業,東P,"2,807",+18.0 (+0.65%) ,1.03,10.26,10.7,4.97,13.22,8.92,(連),3.21,,,,,
2026-08-21,8053,住友商事,東P,"1,709",+7.5 (+0.44%) ,,,,,,,,,137.28,1.24,-0.87,8.01,2.82
2026-08-21,8056,ＢＩＰＲＯＧＹ,東P,"4,546",-19.0 (-0.42%) ,2.45,14.18,17.9,9.82,0.00,13.03,(連),2.86,340.45,2.17,-0.53,1.48,8.07
2026-08-21,8057,内田洋行,東P,"2,200",+36.0 (+1.66%) ,1.54,11.03,14.5,3.61,0.00,29.51,(連),2.73,243.30,0.40,3.03,23.19,22.93
2026-08-21,8058,三菱商事,東P,"4,794",+98.0 (+2.09%) ,,,,,,,,,294.02,0.41,-0.13,36.84,5.01
2026-08-21,8059,第一実業,東P,"3,640",+65.0 (+1.82%) ,1.28,11.68,11.7,6.25,76.41,5.56,(連),3.43,,,,,
2026-08-21,8060,キヤノンマーケティングジャパン,東P,"3,609",+57.0 (+1.60%) ,,,,,,,,,209.93,1.68,0.17,8.41,2.78
2026-08-21,8061,西華産業,東P,"2,960",-39.0 (-1.30%) ,1.96,14.20,14.8,7.4,21.66,8.88,(連),2.76,,,,,
2026-08-21,8065,佐藤商事,東P,"3,690",-15.0 (-0.40%) ,0.99,11.74,9.1,2.63,22.81,13.50,(連),2.22,,,,,
2026-08-21,8066,三谷商事,東S,"3,115",-85.0 (-2.66%) ,1.39,11.11,13.2,9.55,10.19,8.96,(連),3.11,,,,,
2026-08-21,8070,東京産業,東P,938,-1.0 (-0.11%) ,0.97,9.74,10.9,5.42,10.72,50.04,(連),4.05,,,,,
2026-08-21,8071,東海エレクトロニクス,名M,"2,968",0.0 (0.00%) ,0.33,15.84,2.2,2.03,34.54,-13.32,(連),3.84,,,,,
2026-08-21,8074,ＹＵＡＳＡ,東P,"6,120",+20.0 (+0.33%) ,1.07,10.72,10.5,3.07,0.00,7.66,(連),3.10,,,,,
2026-08-21,8075,神鋼商事,東P,"3,045",+20.0 (+0.66%) ,0.81,9.71,8.7,1.9,27.75,-6.30,(連),3.48,,,,,
2026-08-21,8076,カノークス,東S,"2,080",-26.0 (-1.23%) ,0.61,9.46,6.5,1.58,0.00,3.78,(連),5.00,,,,,
2026-08-21,8077,トルク,東S,213,+2.0 (+0.95%) ,,,,,,,,,,,,,
2026-08-21,8078,阪和興業,東P,"1,841",+5.0 (+0.27%) ,0.84,9.53,9.4,2.19,69.19,-12.53,(連),3.15,204.09,1.58,-3.28,-5.00,5.37
2026-08-21,8079,正栄食品工業,東P,"4,560",+10.0 (+0.22%) ,,,,,,,,,241.30,0.57,5.45,16.00,7.44
2026-08-21,8081,カナデン,東P,"2,525",+25.0 (+1.00%) ,1.11,14.19,8.0,3.66,8.28,22.28,(連),2.85,,,,,
2026-08-21,8084,ＲＹＯＤＥＮ,東P,"4,805",+45.0 (+0.95%) ,1.1,19.63,5.7,2.46,23.57,-4.04,(連),2.87,,,,,
2026-08-21,8085,ナラサキ産業,東S,"4,120",0.0 (0.00%) ,0.71,9.35,8.1,2.55,0.00,1.25,(連),3.16,,,,,
2026-08-21,8086,ニプロ,東P,"1,586",-7.0 (-0.44%) ,0.94,19.15,5.1,5.7,51.47,82.31,(連),1.83,100.17,0.76,0.76,9.75,4.87
2026-08-21,8088,岩谷産業,東P,"2,177",-7.0 (-0.32%) ,1.15,10.51,11.6,4.22,15.36,-10.19,(連),2.16,218.36,1.84,-0.02,-5.23,4.42
2026-08-21,8089,ナイス,東S,"1,952",-17.0 (-0.86%) ,0.38,8.95,4.5,2.05,0.00,19.91,(連),3.69,,,,,
2026-08-21,8091,ニチモウ,東P,"2,425",-5.0 (-0.21%) ,,,,,,,,,,,,,
2026-08-21,8093,極東貿易,東P,"1,859",+2.0 (+0.11%) ,0.7,12.26,6.0,4.0,42.15,12.71,(連),3.98,,,,,
2026-08-21,8095,アステナＨＬＤＧ,東P,538,+1.0 (+0.19%) ,0.8,9.92,8.4,4.81,0.00,3.78,(連),3.35,,,,,
2026-08-21,8097,三愛オブリ,東P,"2,414",+36.0 (+1.51%) ,1.29,16.35,8.0,2.02,0.00,4.53,(連),4.14,,,,,
2026-08-21,8098,稲畑産業,東P,"4,225",+65.0 (+1.56%) ,0.96,10.98,9.3,3.14,57.97,6.18,(連),3.03,,,,,
2026-08-21,8101,ＧＳＩクレオス,東P,"2,775",-30.0 (-1.07%) ,1.05,13.39,8.2,1.91,69.41,54.00,(連),3.75,,,,,
2026-08-21,8103,明和産業,東P,956,+4.0 (+0.42%) ,0.92,11.38,8.5,2.51,33.38,-1.81,(連),4.39,,,,,
2026-08-21,8104,クワザワＨＬＤＧ,東S,693,0.0 (0.00%) ,,,,,,,,,,,,,
2026-08-21,8105,Ｂｉｔｃｏｉｎ　Ｊａｐａｎ,東S,96,+3.0 (+3.23%) ,,,,,,,,,,,,,
2026-08-21,8107,キムラタン,東S,31,0.0 (0.00%) ,,,,,,,,,,,,,
2026-08-21,8111,ゴールドウイン,東P,"2,139",+0.5 (+0.02%) ,,,,,,,,,185.24,2.14,0.60,-7.41,4.27
2026-08-21,8113,ユニ・チャーム,東P,"1,003.5",+3.9 (+0.39%) ,,,,,,,,,45.27,1.03,-0.44,-17.82,0.70
2026-08-21,8115,ムーンバット,東S,"1,315",+21.0 (+1.62%) ,1.01,10.39,10.1,5.13,0.00,1.50,(連),4.64,,,,,
2026-08-21,8117,中央自動車工業,東S,"2,143",+24.0 (+1.13%) ,1.88,12.28,16.3,24.36,22.53,4.11,(連),2.99,173.20,-15.48,2.21,-1.42,10.23
2026-08-21,8118,キング,東S,"1,205",-9.0 (-0.74%) ,0.83,30.76,2.7,10.08,0.00,-0.63,(連),1.49,,,,,
2026-08-21,8119,三栄コーポレーション,東S,775,-1.0 (-0.13%) ,0.5,12.95,4.1,2.82,29.16,-46.21,(連),4.00,,,,,
2026-08-21,8123,川辺,東S,"1,399",+14.0 (+1.01%) ,0.34,13.66,2.6,1.47,0.00,-23.02,(連),3.57,,,,,
2026-08-21,8125,ワキタ,東P,"1,972",+18.0 (+0.92%) ,0.97,28.26,3.4,5.67,0.00,-15.69,(連),5.07,,,,,
2026-08-21,8127,ヤマトインターナショナル,東S,579,+2.0 (+0.35%) ,0.68,83.07,0.8,-1.03,0.00,-116.10,(連),2.76,,,,,
2026-08-21,8129,東邦ＨＬＤＧ,東P,"4,000",+16.0 (+0.40%) ,0.95,14.75,6.6,1.07,0.00,-19.72,(連),4.12,187.65,-0.69,-1.35,-33.20,3.38
2026-08-21,8130,サンゲツ,東P,"3,180",0.0 (0.00%) ,1.54,12.77,12.5,9.4,16.96,8.31,(連),4.87,227.60,-1.62,-6.83,-15.11,3.08
2026-08-21,8131,ミツウロコグループＨＬＤＧ,東S,"2,188",+31.0 (+1.44%) ,1.14,13.29,9.0,3.64,0.00,36.69,(連),3.02,,,,,
2026-08-21,8132,シナネンＨＬＤＧ,東P,"8,650",+40.0 (+0.46%) ,1.56,21.21,7.7,1.47,0.00,20.05,(連),1.39,,,,,
2026-08-21,8133,伊藤忠エネクス,東P,"2,230",+42.0 (+1.92%) ,1.39,15.67,9.1,2.84,0.00,-7.66,(連),2.96,,,,,
2026-08-21,8135,ゼット,東S,448,+5.0 (+1.13%) ,0.57,8.99,6.5,2.13,0.00,14.77,(連),4.02,,,,,
2026-08-21,8136,サンリオ,東P,"1,176",-25.5 (-2.12%) ,,,,,,,,,53.06,1.33,-1.33,18.09,26.33
2026-08-21,8137,サンワテクノス,東P,"3,960",+10.0 (+0.25%) ,1.17,18.65,6.4,2.74,22.90,25.19,(連),3.08,,,,,
2026-08-21,8138,三京化成,東S,--,-- (--%) ,0.43,5.21,8.4,1.89,0.00,6.98,(連),2.29,,,,,
2026-08-21,8139,ナガホリ,東S,"2,395",+77.0 (+3.32%) ,2.6,33.37,8.1,5.86,0.00,144.77,(連),0.84,,,,,
2026-08-21,8141,新光商事,東P,"1,576",+9.0 (+0.57%) ,0.85,40.70,2.2,1.21,37.51,169.03,(連),1.17,,,,,
2026-08-21,8142,トーホー,東P,"1,437",+1.0 (+0.07%) ,1.33,10.05,14.0,3.02,0.00,3.05,(連),3.48,,,,,
2026-08-21,8143,ラピーヌ,東S,141,+1.0 (+0.71%) ,,,,,,,,,,,,,
2026-08-21,8144,デンキョーグループＨＬＤＧ,東S,"1,241",0.0 (0.00%) ,,,,,,,,,,,,,
2026-08-21,8145,中部水産,名M,"3,155",0.0 (0.00%) ,0.35,11.74,3.1,1.19,0.00,26.95,(単),2.85,,,,,
2026-08-21,8147,トミタ,東S,"1,410",+5.0 (+0.36%) ,0.57,10.96,5.3,2.96,44.13,-6.58,(連),1.70,,,,,
2026-08-21,8150,三信電気,東P,"3,105",+10.0 (+0.32%) ,0.83,7.67,11.5,4.01,55.60,23.19,(連),6.12,,,,,
2026-08-21,8151,東陽テクニカ,東P,"2,045",+3.0 (+0.15%) ,1.57,36.81,4.3,5.88,0.00,-41.19,(連),3.37,134.20,0.11,13.51,23.53,6.84
2026-08-21,8152,ソマール,東S,"7,350",-80.0 (-1.08%) ,0.64,9.57,7.0,8.35,32.76,0.04,(連),1.36,,,,,
2026-08-21,8153,モスフードサービス,東P,"3,940",+45.0 (+1.16%) ,2.06,26.50,8.1,6.38,14.74,27.62,(連),0.86,142.60,-6.70,0.00,42.00,4.68
2026-08-21,8154,加賀電子,東P,"4,930",+65.0 (+1.34%) ,1.28,7.85,17.8,4.22,39.36,32.47,(連),2.84,509.03,-0.51,6.28,12.32,12.91
2026-08-21,8157,都築電気,東P,"4,120",+60.0 (+1.48%) ,1.55,11.57,14.0,7.88,0.00,26.14,(連),3.06,,,,,
2026-08-21,8158,ソーダニッカ,東P,"1,336",+31.0 (+2.38%) ,,,,,,,,,,,,,
2026-08-21,8159,立花エレテック,東P,"3,965",-10.0 (-0.25%) ,0.83,12.02,7.4,3.3,18.05,4.91,(連),2.52,336.70,5.65,19.32,6.06,7.84
2026-08-21,8160,木曽路,東P,"2,443",+5.0 (+0.21%) ,,,,,,,,,,,,,
2026-08-21,8163,ＳＲＳ　ＨＬＤＧ,東P,"1,531",+11.0 (+0.72%) ,3.55,37.36,9.9,3.99,0.00,17.92,(連),0.65,,,,,
2026-08-21,8165,千趣会,東S,106,-1.0 (-0.93%) ,,,,,,,,,,,,,
2026-08-21,8166,タカキュー,東S,78,0.0 (0.00%) ,2.66,2.04,73.7,0.22,0.00,-62.25,(単),0.00,,,,,
2026-08-21,8167,リテールパートナーズ,東P,"1,435",+6.0 (+0.42%) ,0.67,11.99,5.8,2.32,0.00,-5.53,(連),2.79,,,,,
2026-08-21,8173,Ｊｏｓｈｉｎ,東P,"4,295",+35.0 (+0.82%) ,1.05,33.87,3.1,1.24,0.00,46.46,(連),2.33,,,,,
2026-08-21,8174,日本瓦斯,東P,"2,960.5",+2.5 (+0.08%) ,4.71,21.66,22.0,10.21,0.00,14.20,(連),3.48,136.67,"-1,286.30",-1.50,-5.82,5.74
2026-08-21,8179,ロイヤルＨＬＤＧ,東P,"1,338",+14.0 (+1.06%) ,2.41,23.28,10.8,4.64,0.00,8.23,(連),1.31,58.35,14.99,-5.56,-3.41,7.14
2026-08-21,8181,東天紅,東S,990,-5.0 (-0.50%) ,,,,,,,,,,,,,
2026-08-21,8185,チヨダ,東P,"1,062",+3.0 (+0.28%) ,0.72,153.69,0.5,1.34,0.00,-41.23,(連),5.08,21.10,0.24,-42.00,-53.23,-6.06
2026-08-21,8190,ヤマナカ,名M,518,+1.0 (+0.19%) ,0.55,96.28,0.6,-0.03,0.00,-80.00,(連),1.93,,,,,
2026-08-21,8194,ライフコーポレーション,東P,"2,657",+12.0 (+0.45%) ,1.48,12.21,12.8,2.95,0.00,3.29,(連),2.47,218.87,20.12,0.12,-2.80,3.72
2026-08-21,8198,マックスバリュ東海,東S,"3,230",+15.0 (+0.47%) ,1.06,10.05,11.1,3.52,0.00,-2.22,(連),2.63,,,,,
2026-08-21,8200,リンガーハット,東P,"2,351",+9.0 (+0.38%) ,4.0,35.26,12.0,3.15,0.00,1.01,(連),0.55,,,,,
2026-08-21,8202,ラオックスＨＬＤＧ,東S,147,0.0 (0.00%) ,,,,,,,,,,,,,
2026-08-21,8203,ＭｒＭａｘＨＤ,東P,794,+8.0 (+1.02%) ,0.69,9.74,7.3,3.01,0.00,18.96,(連),3.40,,,,,
2026-08-21,8207,テンアライド,東S,296,0.0 (0.00%) ,,,,,,,,,,,,,
2026-08-21,8214,ＡＯＫＩ　ＨＬＤＧ,東P,"1,737",+10.0 (+0.58%) ,1.01,15.45,6.6,8.71,0.00,10.74,(連),4.61,,,,,
2026-08-21,8217,オークワ,東P,813,+3.0 (+0.37%) ,0.45,126.24,0.4,0.74,0.00,36.82,(連),3.20,5.70,-12.37,-24.39,-22.50,1.28
2026-08-21,8218,コメリ,東P,"3,880",0.0 (0.00%) ,0.71,12.53,5.8,5.98,0.00,5.16,(連),1.44,326.59,2.18,0.21,-5.98,1.27
2026-08-21,8219,青山商事,東P,762,+2.0 (+0.26%) ,0.61,15.89,3.9,5.6,0.00,-13.53,(連),5.95,54.67,0.99,-7.03,-6.30,-0.77
2026-08-21,8225,タカチホ,東S,"3,450",+45.0 (+1.32%) ,0.94,7.34,13.6,5.0,0.00,12.39,(連),2.90,,,,,
2026-08-21,8226,理経,東S,397,-4.0 (-1.00%) ,,,,,,,,,,,,,
2026-08-21,8227,しまむら,東P,"3,329",+39.0 (+1.19%) ,1.41,16.45,9.0,8.77,1.48,5.08,(連),2.15,230.91,1.01,0.13,3.01,4.80
2026-08-21,8228,マルイチ産商,名M,"1,113",0.0 (0.00%) ,,,,,,,,,,,,,
2026-08-21,8230,はせがわ,東S,312,-1.0 (-0.32%) ,,,,,,,,,,,,,
2026-08-21,8233,高島屋,東P,"2,383",+28.0 (+1.19%) ,,,,,,,,,137.96,-0.03,0.23,-0.40,1.05
2026-08-21,8237,松屋,東P,"2,450",+63.0 (+2.64%) ,4.67,58.42,8.0,5.77,0.00,-41.76,(連),0.49,17.30,-2.35,19.35,-55.95,-2.08
2026-08-21,8242,エイチ・ツー・オー　リテイリン,東P,"2,954",+26.0 (+0.89%) ,1.09,11.61,9.8,4.76,0.00,-3.90,(連),1.56,213.75,-0.86,2.93,-2.63,1.22
2026-08-21,8244,近鉄百貨店,東S,"1,921",-8.0 (-0.41%) ,1.69,20.53,8.8,5.36,0.00,28.46,(連),1.04,,,,,
2026-08-21,8247,大和,東S,318,+8.0 (+2.58%) ,,,,,,,,,,,,,
2026-08-21,8252,丸井グループ,東P,"2,989.5",+11.5 (+0.39%) ,2.2,18.88,11.6,18.14,0.00,6.85,(連),4.38,170.38,2.30,-0.55,-7.63,8.48
2026-08-21,8253,クレディセゾン,東P,"4,657",-1.0 (-0.02%) ,,,,,,,,,542.81,0.34,0.05,13.17,3.75
2026-08-21,8254,さいか屋,東S,316,+30.0 (+10.49%) ,31.64,14.20,15.6,2.46,0.00,35.00,(連),0.00,,,,,
2026-08-21,8255,アクシアル　リテイリング,東P,"1,257",-11.0 (-0.87%) ,,,,,,,,,,,,,
2026-08-21,8260,井筒屋,東S,377,+1.0 (+0.27%) ,0.34,8.56,4.1,2.89,0.00,-36.30,(連),1.59,,,,,
2026-08-21,8267,イオン,東P,"1,385.5",0.0 (0.00%) ,3.14,51.56,6.4,2.52,8.72,8.39,(連),0.99,28.27,9.43,-0.72,-4.49,7.59
2026-08-21,8273,イズミ,東P,"1,037",+13.0 (+1.27%) ,0.74,13.06,5.8,4.78,0.00,6.43,(連),2.89,82.87,2.83,0.12,-13.26,5.86
2026-08-21,8275,フォーバル,東S,995,-6.0 (-0.60%) ,1.37,17.57,8.1,5.2,0.00,1.76,(連),3.12,,,,,
2026-08-21,8276,平和堂,東P,"2,752",+43.0 (+1.59%) ,0.7,14.54,4.9,2.92,0.00,-0.23,(連),2.40,211.80,1.08,-8.70,-9.26,2.97
2026-08-21,8278,フジ,東P,"2,094",+24.0 (+1.16%) ,0.8,22.19,3.7,1.38,0.00,-12.49,(連),1.43,,,,,
2026-08-21,8281,ゼビオＨＬＤＧ,東P,"1,212",+4.0 (+0.33%) ,,,,,,,,,,,,,
2026-08-21,8282,ケーズＨＬＤＧ,東P,"1,968.5",+0.5 (+0.03%) ,1.22,21.56,5.7,3.53,0.00,18.02,(連),2.34,142.94,0.24,5.12,39.54,4.86
2026-08-21,8285,三谷産業,東S,786,0.0 (0.00%) ,0.85,13.34,7.0,2.87,11.39,70.14,(連),1.65,,,,,
2026-08-21,8291,日産東京販売ＨＬＤＧ,東S,559,+8.0 (+1.45%) ,,,,,,,,,,,,,
2026-08-21,8301,日本銀行　出資証券,東優,"21,800",0.0 (0.00%) ,,,,,,,,,,,,,
2026-08-21,8303,ＳＢＩ新生銀行,東P,"1,567",+15.5 (+1.00%) ,,,,,,,,,,,,,
2026-08-21,8304,あおぞら銀行,東P,"3,285",+47.0 (+1.45%) ,,,,,,,,,198.42,2.39,0.89,11.95,-30.53
2026-08-21,8306,三菱ＵＦＪ　ＦＧ,東P,"3,508",+44.0 (+1.27%) ,,,,,,,,,248.03,0.85,0.66,27.80,-30.60
2026-08-21,8308,りそなＨＬＤＧ,東P,"2,378",+30.5 (+1.30%) ,,,,,,,,,147.96,0.53,1.64,18.81,-8.82
2026-08-21,8309,三井住友トラストグループ,東P,"1,715.5",+25.0 (+1.48%) ,,,,,,,,,140.04,0.50,2.43,25.80,-39.12
2026-08-21,8316,三井住友ＦＧ,東P,"6,606",+60.0 (+0.92%) ,,,,,,,,,471.49,0.96,27.47,22.96,-27.55
2026-08-21,8331,千葉銀行,東P,"2,753.5",+44.0 (+1.62%) ,,,,,,,,,167.44,0.64,0.54,14.10,-13.89
2026-08-21,8334,群馬銀行,東P,"2,701",+31.5 (+1.18%) ,,,,,,,,,,,,,
2026-08-21,8336,武蔵野銀行,東P,"2,691",+16.0 (+0.60%) ,,,,,,,,,,,,,
2026-08-21,8337,千葉興業銀行,東P,"2,698",+40.0 (+1.50%) ,,,,,,,,,,,,,
2026-08-21,8338,筑波銀行,東P,712,+4.0 (+0.56%) ,,,,,,,,,,,,,
2026-08-21,8341,七十七銀行,東P,"3,736",+61.0 (+1.66%) ,,,,,,,,,,,,,
2026-08-21,8343,秋田銀行,東P,"8,430",+160.0 (+1.93%) ,,,,,,,,,,,,,
2026-08-21,8344,山形銀行,東P,"4,365",-20.0 (-0.46%) ,,,,,,,,,,,,,
2026-08-21,8345,岩手銀行,東P,"2,325",-7.0 (-0.30%) ,,,,,,,,,,,,,
2026-08-21,8346,東邦銀行,東P,950,-1.0 (-0.11%) ,,,,,,,,,,,,,
2026-08-21,8349,東北銀行,東S,"1,608",+38.0 (+2.42%) ,,,,,,,,,,,,,
2026-08-21,8354,ふくおかＦＧ,東P,"7,564",+57.0 (+0.76%) ,,,,,,,,,545.02,0.67,0.77,14.00,-13.84
2026-08-21,8358,スルガ銀行,東P,"2,862",+33.0 (+1.17%) ,,,,,,,,,207.98,2.86,6.93,31.74,20.20
2026-08-21,8359,八十二長野銀行,東P,"2,581",+19.0 (+0.74%) ,,,,,,,,,162.77,1.03,4.97,21.39,15.89
2026-08-21,8360,山梨中央銀行,東P,"7,130",+40.0 (+0.56%) ,,,,,,,,,,,,,
2026-08-21,8361,大垣共立銀行,東P,"7,920",+40.0 (+0.51%) ,,,,,,,,,,,,,
2026-08-21,8362,福井銀行,東P,"6,860",+260.0 (+3.94%) ,,,,,,,,,,,,,
2026-08-21,8364,清水銀行,東P,"3,090",-20.0 (-0.64%) ,,,,,,,,,,,,,
2026-08-21,8365,富山銀行,東S,"2,324",-9.0 (-0.39%) ,,,,,,,,,,,,,
2026-08-21,8366,滋賀銀行,東P,"2,666",-8.0 (-0.30%) ,,,,,,,,,,,,,
2026-08-21,8367,南都銀行,東P,"1,872",+7.0 (+0.38%) ,,,,,,,,,,,,,
2026-08-21,8368,百五銀行,東P,"2,256",+51.0 (+2.31%) ,,,,,,,,,,,,,
2026-08-21,8370,紀陽銀行,東P,"4,885",+55.0 (+1.14%) ,,,,,,,,,,,,,
2026-08-21,8377,ほくほくＦＧ,東P,"8,041",+159.0 (+2.02%) ,,,,,,,,,538.10,1.33,10.45,23.76,11.66
2026-08-21,8381,山陰合同銀行,東P,"2,517",+10.0 (+0.40%) ,,,,,,,,,,,,,
2026-08-21,8383,鳥取銀行,東S,"1,909",+6.0 (+0.32%) ,,,,,,,,,,,,,
2026-08-21,8386,百十四銀行,東P,"2,980",+29.0 (+0.98%) ,,,,,,,,,,,,,
2026-08-21,8387,四国銀行,東P,"3,370",0.0 (0.00%) ,,,,,,,,,,,,,
2026-08-21,8388,阿波銀行,東P,"9,000",+80.0 (+0.90%) ,,,,,,,,,,,,,
2026-08-21,8392,大分銀行,東P,"2,763",0.0 (0.00%) ,,,,,,,,,,,,,
2026-08-21,8393,宮崎銀行,東P,"2,440",+11.0 (+0.45%) ,,,,,,,,,,,,,
2026-08-21,8395,佐賀銀行,東P,"6,460",+80.0 (+1.25%) ,,,,,,,,,,,,,
2026-08-21,8399,琉球銀行,東P,"3,155",+5.0 (+0.16%) ,,,,,,,,,,,,,
2026-08-21,8410,セブン銀行,東P,332.5,+4.0 (+1.22%) ,,,,,,,,,15.26,0.84,0.74,-4.54,4.91
2026-08-21,8411,みずほＦＧ,東P,"8,110",+25.0 (+0.31%) ,,,,,,,,,585.11,0.85,22.39,29.78,-32.69
2026-08-21,8416,高知銀行,東S,"1,158",+16.0 (+1.40%) ,,,,,,,,,,,,,
2026-08-21,8418,山口ＦＧ,東P,"3,106",+31.0 (+1.01%) ,,,,,,,,,217.00,0.37,5.15,-6.06,27.21
2026-08-21,8421,信金中央金庫　優先出資証券,東優,"192,000",+500.0 (+0.26%) ,,,,,,,,,,,,,
2026-08-21,8424,芙蓉総合リース,東P,"4,386",+34.0 (+0.78%) ,0.79,18.34,4.4,5.14,0.00,-44.60,(連),3.60,554.10,0.06,1.60,2.84,5.05
2026-08-21,8425,みずほリース,東P,"1,375",+11.0 (+0.81%) ,0.9,8.09,11.7,4.85,0.00,-1.89,(連),3.71,177.00,1.87,0.44,7.82,-5.60
2026-08-21,8439,東京センチュリー,東P,"2,557",+66.0 (+2.65%) ,1.11,11.22,10.4,10.17,34.15,23.55,(連),3.13,262.21,0.63,0.15,17.16,5.80
2026-08-21,8473,ＳＢＩ　ＨＬＤＧ,東P,"3,216",+83.0 (+2.65%) ,,,,,,,,,535.51,-0.30,7.71,11.66,2.44
2026-08-21,8508,Ｊトラスト,東S,868,-21.0 (-2.36%) ,0.71,14.54,5.0,8.77,71.87,39.02,(連),1.96,64.20,1.83,-20.81,-20.81,0.71
2026-08-21,8511,日本証券金融,東P,"2,479",-3.0 (-0.12%) ,1.46,19.11,7.8,12.27,0.00,19.90,(連),3.47,,,,,
2026-08-21,8518,日本アジア投資,東S,139,-1.0 (-0.71%) ,,,,,,,,,,,,,
2026-08-21,8522,名古屋銀行,東P,"6,980",+120.0 (+1.75%) ,,,,,,,,,,,,,
2026-08-21,8524,北洋銀行,東P,"1,261",+5.0 (+0.40%) ,,,,,,,,,84.95,0.60,0.56,-14.92,14.42
2026-08-21,8537,大光銀行,東S,"2,978",-18.0 (-0.60%) ,,,,,,,,,,,,,
2026-08-21,8541,愛媛銀行,東P,"3,260",+110.0 (+3.49%) ,,,,,,,,,,,,,
2026-08-21,8542,トマト銀行,東S,"1,934",0.0 (0.00%) ,,,,,,,,,,,,,
2026-08-21,8544,京葉銀行,東P,"2,687",+45.0 (+1.70%) ,,,,,,,,,,,,,
2026-08-21,8550,栃木銀行,東P,"1,041",+7.0 (+0.68%) ,,,,,,,,,,,,,
2026-08-21,8551,北日本銀行,東P,"7,490",-40.0 (-0.53%) ,,,,,,,,,,,,,
2026-08-21,8558,東和銀行,東P,"1,456",-13.0 (-0.88%) ,,,,,,,,,,,,,
2026-08-21,8562,福島銀行,東S,364,+2.0 (+0.55%) ,,,,,,,,,,,,,
2026-08-21,8563,大東銀行,東S,"1,107",+2.0 (+0.18%) ,,,,,,,,,,,,,
2026-08-21,8566,リコーリース,東P,"6,760",+80.0 (+1.20%) ,,,,,,,,,428.60,5.13,-22.36,-25.10,8.81
2026-08-21,8570,イオンフィナンシャルサービス,東P,"1,714.5",+19.5 (+1.15%) ,0.78,17.55,4.5,10.65,42.24,-2.98,(連),3.09,89.61,-2.29,1.01,-19.55,7.18
2026-08-21,8572,アコム,東S,488.8,+5.4 (+1.12%) ,1.07,9.62,11.6,29.73,60.01,70.60,(連),4.50,42.23,-0.68,1.94,6.49,6.18
2026-08-21,8584,ジャックス,東P,"3,785",+25.0 (+0.66%) ,0.57,9.95,5.6,10.61,10.98,-21.37,(連),5.28,348.50,-1.29,-18.00,-18.00,1.76
2026-08-21,8585,オリエントコーポレーション,東P,874,+8.0 (+0.92%) ,0.6,11.61,5.3,5.83,0.00,17.01,(連),4.58,75.90,14.32,11.11,-21.05,2.66
2026-08-21,8591,オリックス,東P,"6,115",+94.0 (+1.56%) ,1.52,15.28,10.4,13.7,27.24,43.91,(連),2.55,758.32,0.09,3.58,84.87,13.88
2026-08-21,8593,三菱ＨＣキャピタル,東P,"1,395",+6.5 (+0.47%) ,1.01,12.35,8.6,10.85,46.83,21.95,(連),3.30,115.01,6.73,0.56,-9.32,4.06
2026-08-21,8595,ジャフコ　グループ,東P,"2,299",+10.5 (+0.46%) ,0.9,18.59,4.8,25.94,64.16,-55.28,(単),5.79,150.35,0.70,-31.03,-36.31,-6.68
2026-08-21,8596,九州リースサービス,東S,"1,626",-1.0 (-0.06%) ,,,,,,,,,,,,,
2026-08-21,8600,トモニＨＬＤＧ,東P,"1,083",+3.0 (+0.28%) ,,,,,,,,,,,,,
2026-08-21,8601,大和証券グループ本社,東P,"1,779",+22.0 (+1.25%) ,,,,,,,,,143.34,0.89,-0.15,41.10,-0.63
2026-08-21,8604,野村ＨＬＤＧ,東P,"1,535",+14.0 (+0.92%) ,,,,,,,,,138.04,0.91,0.33,36.35,-30.61
2026-08-21,8609,岡三証券グループ,東P,"1,157",+7.0 (+0.61%) ,1.0,10.84,9.7,19.59,0.00,46.80,(連),4.32,,,,,
2026-08-21,8613,丸三証券,東P,"1,265",+13.0 (+1.04%) ,1.63,16.72,10.1,24.74,0.00,46.32,(単),5.53,,,,,
2026-08-21,8614,東洋証券,東P,716,-1.0 (-0.14%) ,1.59,12.35,12.9,20.78,0.00,214.58,(連),6.98,,,,,
2026-08-21,8616,東海東京フィナンシャルＨＬＤＧ,東P,853,0.0 (0.00%) ,1.11,12.96,8.8,15.16,0.00,35.53,(連),5.86,,,,,
2026-08-21,8617,光世証券,東S,591,+4.0 (+0.68%) ,0.34,26.53,1.3,4.05,0.00,154.86,(単),1.69,,,,,
2026-08-21,8622,水戸証券,東P,920,+1.0 (+0.11%) ,1.3,17.94,7.5,19.57,0.00,54.55,(単),4.67,,,,,
2026-08-21,8624,いちよし証券,東P,"1,705",-13.0 (-0.76%) ,1.77,12.42,15.0,25.06,0.00,159.19,(連),5.22,,,,,
2026-08-21,8628,松井証券,東P,"1,109",+19.0 (+1.74%) ,,,,,,,,,82.80,0.35,111.65,111.02,30.14
2026-08-21,8630,ＳＯＭＰＯ　ＨＬＤＧ,東P,"6,757",+122.0 (+1.84%) ,,,,,,,,,595.53,-0.74,4.82,8.11,11.41
2026-08-21,8697,日本取引所グループ,東P,"2,238",+13.5 (+0.61%) ,6.67,29.14,23.1,58.42,0.00,29.51,(連),2.73,97.05,0.87,5.99,64.98,21.97
2026-08-21,8698,マネックスグループ,東P,729,+14.0 (+1.96%) ,,,,,,,,,43.10,-23.61,-8.88,-34.92,1.10
2026-08-21,8699,ＨＳＨＬＤＧ,東S,"1,130",-1.0 (-0.09%) ,0.34,2.32,15.8,-0.63,4.52,17.13,(連),0.88,,,,,
2026-08-21,8700,丸八証券,東S,"1,950",-5.0 (-0.26%) ,0.95,11.38,8.7,20.66,0.00,67.95,(単),5.13,,,,,
2026-08-21,8704,トレイダーズＨＬＤＧ,東S,"1,383",+23.0 (+1.69%) ,1.83,8.69,22.9,46.62,0.00,-7.35,(連),2.89,,,,,
2026-08-21,8705,日産証券グループ,東S,217,+1.0 (+0.46%) ,,,,,,,,,,,,,
2026-08-21,8706,極東証券,東P,"1,900",+15.0 (+0.80%) ,1.14,12.64,9.2,36.55,0.00,16.02,(連),5.79,,,,,
2026-08-21,8707,岩井コスモＨＬＤＧ,東P,"4,600",+50.0 (+1.10%) ,1.45,10.35,14.7,40.25,0.00,48.09,(連),4.89,,,,,
2026-08-21,8708,アイザワ証券グループ,東P,"1,757",+7.0 (+0.40%) ,1.15,19.87,6.0,0.12,0.00,-74.10,(連),6.66,,,,,
2026-08-21,8713,フィデアＨＬＤＧ,東P,"2,742",+66.0 (+2.47%) ,,,,,,,,,,,,,
2026-08-21,8714,池田泉州ＨＬＤＧ,東P,"1,055",+5.0 (+0.48%) ,,,,,,,,,,,,,
2026-08-21,8715,アニコムＨＤ,東P,"1,135",+17.0 (+1.52%) ,,,,,,,,,48.72,0.36,0.52,1.66,9.77
2026-08-21,8725,ＭＳ＆ＡＤインシュアランスＨＤ,東P,"4,945",+172.0 (+3.60%) ,,,,,,,,,396.26,0.78,-7.83,-32.83,12.71
2026-08-21,8729,ソニーフィナンシャルグループ,東P,160,+2.7 (+1.72%) ,,,,,,,,,,,,,
2026-08-21,8737,あかつき本社,東S,641,+4.0 (+0.63%) ,0.92,4.79,20.8,9.13,0.00,61.20,(連),4.68,,,,,
2026-08-21,8739,スパークス・グループ,東P,"2,538",+26.0 (+1.04%) ,2.56,15.72,17.6,46.1,20.26,14.54,(連),3.55,,,,,
2026-08-21,8742,小林洋行,東S,558,+1.0 (+0.18%) ,0.66,24.53,2.8,3.61,0.00,9.41,(連),1.08,,,,,
2026-08-21,8746,ｕｎｂａｎｋｅｄ,東S,97,-5.0 (-4.90%) ,,,,,,,,,,,,,
2026-08-21,8747,豊トラスティ証券,東S,"2,257",+34.0 (+1.53%) ,,,,,,,,,,,,,
2026-08-21,8750,第一ライフグループ,東P,"1,788.5",+21.0 (+1.19%) ,,,,,,,,,143.40,0.63,2.61,18.07,6.33
2026-08-21,8766,東京海上ＨＬＤＧ,東P,"7,347",+114.0 (+1.58%) ,,,,,,,,,504.89,-6.93,0.06,-10.04,0.33
2026-08-21,8769,アドバンテッジリスクマネジメン,東S,501,+1.0 (+0.20%) ,,,,,,,,,,,,,
2026-08-21,8771,イー・ギャランティ,東P,"1,838",-11.0 (-0.59%) ,4.01,23.60,16.2,47.16,0.00,1.90,(連),2.18,85.86,2.11,-0.14,-11.49,8.28
2026-08-21,8772,アサックス,東S,872,+2.0 (+0.23%) ,0.54,7.28,7.8,66.28,0.00,17.59,(連),2.52,,,,,
2026-08-21,8783,ａｂｃ,東S,66,0.0 (0.00%) ,0.44,3.48,15.2,-83.09,0.00,122.97,(連),0.00,,,,,
2026-08-21,8789,フィンテック　グローバル,東S,173,0.0 (0.00%) ,3.03,15.86,20.8,23.6,22.19,31.74,(連),1.73,,,,,
2026-08-21,8793,ＮＥＣキャピタルソリューション,東P,"4,210",+50.0 (+1.20%) ,0.7,9.88,7.3,3.47,0.00,21.09,(連),3.56,,,,,
2026-08-21,8795,Ｔ＆Ｄ　ＨＬＤＧ,東P,"4,795",+106.0 (+2.26%) ,,,,,,,,,277.18,-19.21,-2.35,-10.59,-7.53
2026-08-21,8798,アドバンスクリエイト,東P,140,-7.0 (-4.76%) ,,,,,,,,,,,,,
2026-08-21,8801,三井不動産,東P,"1,498",+8.0 (+0.54%) ,1.24,14.83,8.7,14.68,12.76,7.94,(連),2.34,108.17,1.95,-2.37,2.73,3.08
2026-08-21,8802,三菱地所,東P,"3,687",+7.0 (+0.19%) ,1.65,20.28,8.5,18.88,12.71,3.85,(連),1.25,201.67,1.67,-1.86,8.86,12.11
2026-08-21,8803,平和不動産,東P,"2,390",+29.0 (+1.23%) ,1.25,14.43,9.0,29.71,0.00,11.41,(連),4.10,176.69,2.00,-2.00,0.37,22.80
2026-08-21,8804,東京建物,東P,"3,411",+23.0 (+0.68%) ,1.2,12.05,10.4,20.18,0.00,9.01,(連),3.08,312.97,1.03,0.96,9.99,6.50
2026-08-21,8818,京阪神ビルディング,東P,"1,119",+13.0 (+1.18%) ,1.31,23.11,5.9,27.87,0.00,16.03,(連),1.79,51.88,3.00,78.97,50.43,2.21
2026-08-21,8830,住友不動産,東P,"3,339",-45.0 (-1.33%) ,1.25,14.62,9.2,28.28,0.00,7.79,(連),1.32,249.61,1.46,-0.34,2.10,2.65
2026-08-21,8835,太平洋興発,東S,795,+5.0 (+0.63%) ,0.38,18.01,2.2,2.0,0.00,-3.53,(連),5.03,,,,,
2026-08-21,8836,ＲＩＳＥ,東S,28,+2.0 (+7.69%) ,,,,,,,,,,,,,
2026-08-21,8841,テーオーシー,東S,"1,084",+20.0 (+1.88%) ,0.92,41.19,2.3,16.25,0.00,67.05,(連),0.92,35.14,0.90,-14.02,-9.80,13.69
2026-08-21,8844,コスモスイニシア,東S,"1,262",-6.0 (-0.47%) ,,,,,,,,,,,,,
2026-08-21,8848,レオパレス２１,東P,641,+9.0 (+1.42%) ,5.01,14.20,24.5,8.09,0.00,29.35,(連),1.56,74.13,0.13,2.14,3.02,4.10
2026-08-21,8850,スターツコーポレーション,東P,"4,765",+25.0 (+0.53%) ,1.2,9.05,13.9,14.4,0.00,14.49,(連),2.94,577.70,0.85,1.23,-1.20,10.80
2026-08-21,8860,フジ住宅,東P,771,-1.0 (-0.13%) ,,,,,,,,,,,,,
2026-08-21,8864,空港施設,東S,964,0.0 (0.00%) ,,,,,,,,,83.05,0.60,-4.89,11.98,10.39
2026-08-21,8869,明和地所,東S,844,0.0 (0.00%) ,,,,,,,,,,,,,
2026-08-21,8871,ゴールドクレスト,東S,"3,360",+35.0 (+1.05%) ,0.82,19.05,4.3,29.26,0.00,21.51,(連),2.98,302.80,0.15,5.93,40.05,20.95
2026-08-21,8876,リログループ,東P,"2,162",+12.0 (+0.56%) ,3.87,15.77,27.1,20.4,7.13,-41.47,(連),3.19,151.27,1.38,0.08,-3.49,6.44
2026-08-21,8877,エスリード,東P,"5,390",+10.0 (+0.19%) ,,,,,,,,,,,,,
2026-08-21,8881,日神グループＨＬＤＧ,東P,683,+6.0 (+0.89%) ,0.44,7.60,6.0,7.6,0.00,95.63,(連),5.12,,,,,
2026-08-21,8887,シーラＨＬＤＧ,東S,383,-4.0 (-1.03%) ,,,,,,,,,,,,,
2026-08-21,8891,ＡＭＧＨＬＤＧ,東S,"2,122",0.0 (0.00%) ,,,,,,,,,,,,,
2026-08-21,8892,エスコン,東P,"1,140",+22.0 (+1.97%) ,1.26,8.95,14.7,19.05,0.00,-0.75,(連),4.21,,,,,
2026-08-21,8894,ＲＥＶＯＬＵＴＩＯＮ,東S,23,+1.0 (+4.55%) ,,,,,,,,,,,,,
2026-08-21,8897,ＭＩＲＡＲＴＨＨＬＤＧ,東P,457,-2.0 (-0.44%) ,,,,,,,,,,,,,
2026-08-21,8898,センチュリー２１・ジャパン,東S,"1,135",+9.0 (+0.80%) ,1.67,13.66,12.6,24.74,0.00,3.06,(単),4.67,,,,,
2026-08-21,8904,ＡＶＡＮＴＩＡ,東S,871,+3.0 (+0.35%) ,,,,,,,,,,,,,
2026-08-21,8908,毎日コムネット,東S,869,0.0 (0.00%) ,,,,,,,,,,,,,
2026-08-21,8912,エリアクエスト,東S,154,0.0 (0.00%) ,,,,,,,,,,,,,
2026-08-21,8914,エリアリンク,東S,932,0.0 (0.00%) ,1.62,12.78,13.2,20.71,0.00,10.12,(単),2.79,,,,,
2026-08-21,8917,ファースト住建,東S,"1,143",+10.0 (+0.88%) ,0.39,11.08,3.6,5.81,0.00,30.74,(連),3.76,,,,,
2026-08-21,8918,ランド,東S,10,0.0 (0.00%) ,1.67,34.48,4.9,14.13,0.00,-50.72,(連),0.00,,,,,
2026-08-21,8919,カチタス,東P,"3,805",+25.0 (+0.66%) ,5.61,23.87,25.2,12.04,0.00,28.34,(連),2.10,183.51,1.36,0.27,14.60,17.32
2026-08-21,8920,東祥,東S,722,0.0 (0.00%) ,0.69,7.59,9.6,27.08,0.00,25.93,(連),1.39,82.40,-0.66,-1.50,12.21,-12.07
2026-08-21,8921,シーズクリエイト,東PRO,--,-- (--%) ,0.65,4.82,14.5,6.19,0.00,25.66,(単),0.00,,,,,
2026-08-21,8923,トーセイ,東P,"1,829",+23.0 (+1.27%) ,1.73,12.02,15.3,23.59,0.00,18.81,(連),2.73,169.24,0.95,1.48,79.27,21.11
2026-08-21,8927,明豊エンタープライズ,東S,478,+4.0 (+0.84%) ,1.48,7.44,21.6,11.32,0.00,41.58,(連),2.51,,,,,
2026-08-21,8928,穴吹興産,東S,"2,338",-2.0 (-0.09%) ,,,,,,,,,,,,,
2026-08-21,8929,青山財産ネットワークス,東S,"1,338",+1.0 (+0.07%) ,2.75,11.66,25.7,9.23,0.00,7.93,(連),3.96,111.69,-4.45,-2.55,-6.19,-9.32
2026-08-21,8931,和田興産,東S,"1,414",+6.0 (+0.43%) ,0.45,5.91,7.8,11.84,0.00,-11.55,(単),5.09,,,,,
2026-08-21,8934,サンフロンティア不動産,東P,"2,522",+3.0 (+0.12%) ,1.09,7.69,14.4,21.84,0.00,13.95,(連),3.01,325.30,-10.32,-4.27,1.13,13.32
2026-08-21,8935,ＦＪネクストＨＬＤＧ,東P,"2,038",-12.0 (-0.59%) ,0.82,6.67,13.0,10.12,0.00,51.77,(連),3.24,,,,,
2026-08-21,8938,グロームＨＬＤＧ,東G,338,+3.0 (+0.90%) ,,,,,,,,,,,,,
2026-08-21,8944,ランドビジネス,東S,244,-2.0 (-0.81%) ,,,,,,,,,,,,,
2026-08-21,8945,サンネクスタグループ,東S,"1,090",-3.0 (-0.27%) ,,,,,,,,,,,,,
2026-08-21,8946,ＡＳＩＡＮ　ＳＴＡＲ,東S,76,+1.0 (+1.33%) ,0.77,15.93,5.0,4.29,11.53,211.86,(連),0.00,,,,,
2026-08-21,8951,日本ビルファンド投資法人,東REIT,"128,400","-1,200.0 (-0.93%) ",,,,,,,,,"5,056.44",22.30,0.11,9.35,1.79
2026-08-21,8952,ジャパンリアルエステイト投資法,東REIT,"118,500","-1,200.0 (-1.00%) ",,,,,,,,,,,,,
2026-08-21,8953,日本都市ファンド投資法人,東REIT,"115,200","-1,200.0 (-1.03%) ",,,,,,,,,"6,325.21",1.97,-0.88,13.00,11.80
2026-08-21,8954,オリックス不動産投資法人,東REIT,"100,000",-800.0 (-0.79%) ,,,,,,,,,,,,,
2026-08-21,8955,日本プライムリアルティ投資法人,東REIT,"97,100","-1,600.0 (-1.62%) ",,,,,,,,,"4,654.95",-3.17,-0.13,15.22,-6.86
2026-08-21,8956,ＮＴＴ都市開発リート投資法人,東REIT,"129,700","-1,300.0 (-0.99%) ",,,,,,,,,,,,,
2026-08-21,8957,東急リアル・エステート投資法人,東REIT,"184,800","-1,000.0 (-0.54%) ",,,,,,,,,"5,690.00",-0.77,48.74,12.59,-0.27
2026-08-21,8958,グローバル・ワン不動産投資法人,東REIT,"110,700",-400.0 (-0.36%) ,,,,,,,,,"8,724.76",4.95,21.20,21.20,6.98
2026-08-21,8960,ユナイテッド・アーバン投資法人,東REIT,"160,600","-1,200.0 (-0.74%) ",,,,,,,,,"8,225.75",4.42,0.09,8.83,1.97
2026-08-21,8961,森トラストリート投資法人,東REIT,"74,400",-600.0 (-0.80%) ,,,,,,,,,"3,651.23",-6.08,1.20,-0.34,-1.34
2026-08-21,8963,インヴィンシブル投資法人,東REIT,"60,600",-700.0 (-1.14%) ,,,,,,,,,"4,106.84",12.94,2.02,-9.05,3.81
2026-08-21,8964,三井不動産商業ファンド投資法人,東REIT,"79,000",-200.0 (-0.25%) ,,,,,,,,,,,,,
2026-08-21,8966,平和不動産リート投資法人,東REIT,"132,000",-600.0 (-0.45%) ,,,,,,,,,"7,875.00",-3.73,21.53,25.49,11.50
2026-08-21,8967,日本ロジスティクスファンド投資,東REIT,"95,200",-700.0 (-0.73%) ,,,,,,,,,"3,449.32",-1.63,14.95,22.82,-19.07
2026-08-21,8968,福岡リート投資法人,東REIT,"177,600","-1,900.0 (-1.06%) ",,,,,,,,,"8,666.93",-41.88,4.38,-0.51,5.96
2026-08-21,8972,ＫＤＸ不動産投資法人,東REIT,"149,900","-1,200.0 (-0.79%) ",,,,,,,,,"8,421.23",22.64,0.44,3.34,-2.31
2026-08-21,8975,いちごオフィスリート投資法人,東REIT,"94,000",-700.0 (-0.74%) ,,,,,,,,,,,,,
2026-08-21,8976,大和証券オフィス投資法人,東REIT,"324,000","-3,500.0 (-1.07%) ",,,,,,,,,"15,072.57",-12.28,5.65,5.49,1.64
2026-08-21,8977,阪急阪神リート投資法人,東REIT,"133,700","-1,200.0 (-0.89%) ",,,,,,,,,"6,584.00",-10.83,1.55,4.11,2.68
2026-08-21,8979,スターツプロシード投資法人,東REIT,"185,800",-500.0 (-0.27%) ,,,,,,,,,"9,475.00",12.56,9.50,7.62,0.45
2026-08-21,8984,大和ハウスリート投資法人,東REIT,"119,600",-900.0 (-0.75%) ,,,,,,,,,"5,331.42",-1.73,-2.55,2.22,-2.14
2026-08-21,8985,ジャパン・ホテル・リート投資法,東REIT,"80,800",-500.0 (-0.62%) ,1.41,15.17,9.4,68.15,0.00,46.38,(単),6.26,"4,774.79",-1.65,-46.91,15.73,24.47
2026-08-21,8986,大和証券リビング投資法人,東REIT,"95,400",0.0 (0.00%) ,,,,,,,,,"5,075.35",-1.60,0.00,2.63,2.02
2026-08-21,8987,ジャパンエクセレント投資法人,東REIT,"140,400","-1,400.0 (-0.99%) ",,,,,,,,,"6,814.00",35.24,2.83,12.76,-1.30
2026-08-21,8995,誠建設工業,東S,"1,543",-158.0 (-9.29%) ,,,,,,,,,,,,,
2026-08-21,8996,ハウスフリーダム,東S,"1,100",+10.0 (+0.92%) ,1.09,6.40,18.2,6.58,0.00,25.91,(連),5.00,,,,,
2026-08-21,8999,グランディハウス,東P,579,+4.0 (+0.70%) ,0.67,18.24,3.7,3.57,0.00,61.76,(連),5.53,,,,,
2026-08-21,9001,東武鉄道,東P,"3,014",+30.0 (+1.01%) ,0.96,10.65,9.5,10.96,0.00,-5.34,(連),2.32,292.48,3.02,0.35,5.70,3.64
2026-08-21,9003,相鉄ＨＬＤＧ,東P,"2,635",+52.0 (+2.01%) ,1.24,10.19,12.9,12.63,0.00,2.54,(連),2.66,252.20,-4.16,2.31,-8.53,5.52
2026-08-21,9005,東急,東P,"1,676.5",+17.0 (+1.02%) ,1.05,11.01,10.0,9.5,0.00,7.81,(連),1.79,160.54,1.90,0.08,-2.31,3.80
2026-08-21,9006,京浜急行電鉄,東P,"1,565",+9.5 (+0.61%) ,1.08,15.36,7.2,11.03,0.00,-17.49,(連),2.94,118.96,0.78,1.10,4.41,15.30
2026-08-21,9007,小田急電鉄,東P,"1,775",+48.5 (+2.81%) ,1.21,16.40,7.6,12.58,0.00,7.04,(連),3.10,116.96,1.83,-1.91,-3.49,4.03
2026-08-21,9008,京王電鉄,東P,785.4,+12.0 (+1.55%) ,1.02,10.76,10.0,10.53,0.00,-3.91,(連),2.80,73.27,28.97,0.79,14.96,6.14
2026-08-21,9009,京成電鉄,東P,"1,354.5",+27.5 (+2.07%) ,1.17,13.60,9.0,10.22,0.00,-5.10,(連),1.55,90.99,-1.69,2.53,-11.11,4.72
2026-08-21,9010,富士急行,東P,"2,739",-29.0 (-1.05%) ,3.48,25.08,15.0,16.37,0.00,6.06,(連),1.17,114.19,5.31,-3.04,-0.54,4.06
2026-08-21,9012,秩父鉄道,東S,--,-- (--%) ,0.57,8.15,7.3,9.56,0.00,79.26,(連),0.00,,,,,
2026-08-21,9017,新潟交通,東S,"1,988",0.0 (0.00%) ,0.38,6.65,5.9,11.0,0.00,9.74,(連),0.50,,,,,
2026-08-21,9020,東日本旅客鉄道,東P,"3,539",+36.0 (+1.03%) ,1.31,16.13,8.4,13.43,0.00,9.35,(連),2.09,238.75,1.67,13.82,-9.50,6.96
2026-08-21,9021,西日本旅客鉄道,東P,"2,959.5",+71.5 (+2.48%) ,1.12,10.66,10.8,10.73,0.00,10.87,(連),3.29,227.39,-0.70,0.34,-14.92,3.86
2026-08-21,9022,東海旅客鉄道,東P,"3,936",+71.0 (+1.84%) ,0.74,6.90,11.4,41.38,0.00,20.27,(連),0.81,517.80,-0.80,0.27,7.93,5.21
2026-08-21,9023,東京地下鉄,東P,"1,480",+9.0 (+0.61%) ,1.17,14.56,8.1,21.21,0.00,2.89,(連),2.84,89.18,-1.35,0.01,-15.02,3.41
2026-08-21,9024,西武ＨＬＤＧ,東P,"3,409",-22.0 (-0.64%) ,1.52,22.59,6.9,8.87,0.00,-84.07,(連),1.23,122.47,-1.49,1.89,-6.89,-20.70
2026-08-21,9025,鴻池運輸,東P,"2,942",+25.0 (+0.86%) ,0.98,10.95,9.3,6.41,14.54,6.06,(連),3.74,264.06,-6.32,-0.70,-12.40,2.38
2026-08-21,9028,ゼロ,東S,"3,570",0.0 (0.00%) ,,,,,,,,,470.70,0.70,0.00,7.62,2.72
2026-08-21,9029,ヒガシＨＬＤＧ,東S,"1,919",-6.0 (-0.31%) ,1.56,9.63,17.6,6.98,0.00,41.40,(連),3.13,,,,,
2026-08-21,9031,西日本鉄道,東P,"3,143",+57.0 (+1.85%) ,0.84,7.43,12.1,6.37,22.36,29.51,(連),2.23,319.04,-0.39,8.06,15.12,6.55
2026-08-21,9033,広島電鉄,東S,626,-8.0 (-1.26%) ,0.43,16.41,2.7,-0.77,0.00,89.62,(連),1.28,,,,,
2026-08-21,9034,南総通運,東S,"1,617",-3.0 (-0.19%) ,0.67,11.29,6.0,12.23,0.00,0.10,(連),4.33,,,,,
2026-08-21,9036,東部ネットワーク,東S,"1,249",-30.0 (-2.35%) ,0.33,23.27,1.5,2.68,0.00,48.00,(連),1.60,,,,,
2026-08-21,9037,ハマキョウレックス,東P,"1,859",+7.0 (+0.38%) ,1.4,12.84,11.4,9.49,0.00,12.61,(連),2.25,147.20,7.69,2.35,7.41,6.85
2026-08-21,9039,サカイ引越センター,東P,"3,030",+53.0 (+1.78%) ,1.23,14.19,8.9,10.08,0.00,0.65,(連),3.23,216.10,11.58,-3.97,-8.90,3.84
2026-08-21,9040,大宝運輸,名M,"4,260",+45.0 (+1.07%) ,0.47,15.56,3.0,3.97,0.00,28.19,(単),2.35,,,,,
2026-08-21,9041,近鉄グループＨＬＤＧ,東P,"3,549",+12.0 (+0.34%) ,1.1,12.55,9.3,5.11,66.77,3.73,(連),1.69,255.93,-1.46,1.20,0.78,3.48
2026-08-21,9042,阪急阪神ＨＬＤＧ,東P,"4,720",+37.0 (+0.79%) ,1.01,14.28,7.3,10.56,0.00,11.96,(連),2.12,347.24,2.65,-0.52,-2.29,7.25
2026-08-21,9044,ＮＡＮＫＡＩ,東P,"3,043",+59.0 (+1.98%) ,0.99,13.38,7.8,15.09,0.00,6.16,(連),1.64,224.29,-9.39,-1.32,8.75,5.11
2026-08-21,9045,京阪ＨＬＤＧ,東P,"3,212",+42.0 (+1.32%) ,0.95,9.65,10.4,14.78,0.00,14.73,(連),3.11,296.32,-0.98,-2.45,-9.75,2.71
2026-08-21,9046,神戸電鉄,東S,"2,475",+14.0 (+0.57%) ,0.77,13.39,6.0,10.37,0.00,17.12,(連),1.01,,,,,
2026-08-21,9048,名古屋鉄道,東P,"1,905",+21.5 (+1.14%) ,0.77,16.28,4.8,5.23,0.00,-19.53,(連),2.10,172.37,0.23,11.14,2.89,1.61
2026-08-21,9049,京福電気鉄道,東S,--,-- (--%) ,0.92,7.20,13.7,16.26,0.00,4.43,(連),0.30,,,,,
2026-08-21,9051,センコン物流,東S,"1,352",+29.0 (+2.19%) ,1.1,40.11,2.8,2.86,0.00,-40.53,(連),1.11,,,,,
2026-08-21,9052,山陽電気鉄道,東P,"2,031",+12.0 (+0.59%) ,,,,,,,,,,,,,
2026-08-21,9057,遠州トラック,東S,"3,205",0.0 (0.00%) ,,,,,,,,,,,,,
2026-08-21,9059,カンダＨＬＤＧ,東S,910,+4.0 (+0.44%) ,0.69,7.94,9.1,6.96,0.00,8.60,(連),2.53,,,,,
2026-08-21,9060,日本ロジテム,東S,"4,190",+15.0 (+0.36%) ,0.34,8.29,4.3,2.01,12.22,26.47,(連),1.91,,,,,
2026-08-21,9063,岡山県貨物運送,東S,"4,220",+10.0 (+0.24%) ,0.32,3.15,10.8,3.24,0.00,39.80,(連),1.90,,,,,
2026-08-21,9064,ヤマトＨＬＤＧ,東P,"1,931.5",+11.5 (+0.60%) ,,,,,,,,,64.04,0.62,-0.49,-26.67,4.26
2026-08-21,9065,山九,東P,"8,337",-118.0 (-1.40%) ,1.38,13.58,10.6,6.85,17.47,-2.90,(連),2.95,680.14,1.15,-0.09,0.29,3.10
2026-08-21,9068,丸全昭和運輸,東P,"7,340",+20.0 (+0.27%) ,1.0,11.27,9.3,10.4,0.00,5.57,(連),2.86,674.30,3.03,-0.85,-3.31,4.71
2026-08-21,9069,センコーグループＨＬＤＧ,東P,"2,297",+4.5 (+0.20%) ,1.69,20.21,8.7,4.11,0.00,4.37,(連),2.18,141.78,0.65,0.54,-5.84,8.64
2026-08-21,9072,ニッコンＨＬＤＧ,東P,"5,448",-61.0 (-1.11%) ,2.67,35.64,7.6,8.83,17.82,3.69,(連),1.38,158.27,9.82,-2.84,-12.48,6.55
2026-08-21,9073,京極運輸商事,東S,"1,221",-2.0 (-0.16%) ,0.73,20.31,3.9,1.88,0.00,134.62,(連),0.98,,,,,
2026-08-21,9074,日本石油輸送,東S,"4,990",-10.0 (-0.20%) ,,,,,,,,,,,,,
2026-08-21,9075,福山通運,東P,"6,480",+90.0 (+1.41%) ,0.81,17.54,4.8,2.93,0.00,15.71,(連),1.17,504.77,0.35,24.21,34.25,5.35
2026-08-21,9076,セイノーＨＬＤＧ,東P,"2,798",+26.5 (+0.96%) ,1.02,17.82,5.6,4.63,0.00,32.50,(連),3.72,174.04,1.47,2.41,5.16,6.20
2026-08-21,9081,神奈川中央交通,東P,"3,950",+40.0 (+1.02%) ,0.77,13.39,6.0,5.34,0.00,-13.96,(連),2.28,,,,,
2026-08-21,9082,大和自動車交通,東S,"1,872",+53.0 (+2.91%) ,0.88,37.38,2.4,1.93,0.00,"6,675.00",(連),0.48,,,,,
2026-08-21,9083,神姫バス,東S,"1,966",-9.0 (-0.46%) ,,,,,,,,,,,,,
2026-08-21,9087,タカセ,東S,"2,060",0.0 (0.00%) ,0.52,25.80,2.1,2.5,24.40,109.40,(連),1.70,,,,,
2026-08-21,9090,ＡＺ−ＣＯＭ丸和ＨＬＤＧ,東P,891,0.0 (0.00%) ,1.92,16.11,12.4,5.15,0.00,7.60,(連),3.59,63.16,0.99,-1.37,-0.56,9.53
2026-08-21,9101,日本郵船,東P,"7,101",+306.0 (+4.50%) ,0.94,14.07,7.1,5.72,32.48,-56.99,(連),3.24,549.54,1.40,0.26,-3.07,1.78
2026-08-21,9104,商船三井,東P,"7,278",+321.0 (+4.61%) ,0.87,11.74,7.7,6.96,28.40,-58.10,(連),2.75,610.43,-7.56,0.36,1.37,10.58
2026-08-21,9107,川崎汽船,東P,"3,405",+231.0 (+7.28%) ,1.19,16.18,7.7,8.26,9.25,-64.59,(連),3.52,189.79,-1.71,1.61,4.97,0.39
2026-08-21,9110,ＮＳユナイテッド海運,東P,"10,440",-10.0 (-0.10%) ,1.31,10.21,13.8,8.93,71.01,10.68,(連),2.97,,,,,
2026-08-21,9115,明海グループ,東S,"1,129",+150.0 (+15.32%) ,0.72,8.90,8.5,6.05,73.15,-86.89,(連),0.44,,,,,
2026-08-21,9119,飯野海運,東P,"1,706",+45.0 (+2.71%) ,1.14,11.73,10.1,10.56,71.93,-2.78,(連),3.46,,,,,
2026-08-21,9127,玉井商船,東S,"3,290",+135.0 (+4.28%) ,,,,,,,,,,,,,
2026-08-21,9130,共栄タンカー,東S,"1,684",+99.0 (+6.25%) ,0.49,31.07,1.6,8.01,27.80,-13.98,(連),2.38,,,,,
2026-08-21,9142,九州旅客鉄道,東P,"3,516",+79.0 (+2.30%) ,1.1,11.90,9.6,14.8,0.00,24.28,(連),3.27,332.72,0.82,-0.85,-0.39,7.37
2026-08-21,9143,ＳＧ　ＨＬＤＧ,東P,"1,566",-7.5 (-0.48%) ,1.71,15.95,10.5,5.49,19.22,3.28,(連),3.38,104.50,2.33,1.69,-1.72,8.37
2026-08-21,9145,ビーイングＨＬＤＧ,東S,572,+8.0 (+1.42%) ,,,,,,,,,58.50,17.53,-9.62,-28.79,11.00
2026-08-21,9146,五健堂ＨＬＤＧ,東PRO,--,-- (--%) ,,,,,,,,,,,,,
2026-08-21,9147,ＮＩＰＰＯＮ　ＥＸＰＲＥＳＳ,東P,"5,559",+118.0 (+2.17%) ,1.63,515.20,0.3,2.0,40.37,-19.50,(連),1.80,315.47,0.01,-0.14,27.80,3.43
2026-08-21,9149,大友ロジスティクスサービス,東PRO,--,-- (--%) ,1.26,19.68,6.6,3.55,0.00,515.05,(単),0.89,,,,,
2026-08-21,9156,はなＨＬＤＧ,東PRO,--,-- (--%) ,1.28,6.23,22.8,4.29,0.00,93.10,(連),0.00,,,,,
2026-08-21,9158,シーユーシー,東G,729,-7.0 (-0.95%) ,0.64,7.49,9.1,10.64,12.86,-2.59,(連),0.00,23.90,-0.41,-35.00,-63.38,15.13
2026-08-21,9159,Ｗ　ＴＯＫＹＯ,東G,"1,941",+92.0 (+4.98%) ,,,,,,,,,,,,,
2026-08-21,9160,オンザページ,東S,328,-3.0 (-0.91%) ,0.81,6.54,13.3,10.2,0.00,89.53,(連),0.00,49.50,-5.08,66.67,56.25,46.99
2026-08-21,9162,ブリーチ,東G,231,-1.0 (-0.43%) ,,,,,,,,,,,,,
2026-08-21,9163,ナレルグループ,東G,"2,354",-4.0 (-0.17%) ,1.42,9.86,14.9,11.7,0.00,-9.83,(連),4.89,,,,,
2026-08-21,9165,クオルテック,東G,"1,688",+7.0 (+0.42%) ,,,,,,,,,,,,,
2026-08-21,9166,ＧＥＮＤＡ,東G,748,-54.0 (-6.73%) ,,,,,,,,,38.40,0.24,8.16,-17.19,40.83
2026-08-21,9168,ライズ・コンサルティング・グル,東G,413,+1.0 (+0.24%) ,,,,,,,,,24.40,-0.32,-54.30,-72.70,13.29
2026-08-21,9169,大伸社,東PRO,--,-- (--%) ,0.66,15.16,4.6,3.06,0.00,10.24,(連),2.00,,,,,
2026-08-21,9170,成友興業,名M,--,-- (--%) ,,,,,,,,,,,,,
2026-08-21,9171,栗林商船,東S,"1,510",+4.0 (+0.27%) ,0.53,5.02,11.6,3.87,0.00,-12.69,(連),3.97,,,,,
2026-08-21,9173,東海汽船,東S,"2,822",-11.0 (-0.39%) ,1.17,16.83,7.3,3.66,0.00,-19.53,(連),0.35,,,,,
2026-08-21,9193,東京汽船,東S,857,-2.0 (-0.23%) ,0.3,1.69,19.4,0.81,0.00,233.98,(連),5.83,,,,,
2026-08-21,9201,日本航空,東P,"3,002",+12.0 (+0.40%) ,,,,,,,,,213.73,-0.46,1.98,-29.63,8.61
2026-08-21,9202,ＡＮＡ　ＨＬＤＧ,東P,"3,040",-3.0 (-0.10%) ,0.92,8.48,12.9,8.56,31.49,9.78,(連),2.14,252.88,-0.41,-0.08,-20.78,11.19
2026-08-21,9204,スカイマーク,東G,427,+3.0 (+0.71%) ,0.76,15.69,5.4,1.63,0.00,282.50,(単),1.64,,,,,
2026-08-21,9206,スターフライヤー,東S,"1,941",+25.0 (+1.30%) ,-12.38,56.46,7.5,3.1,0.00,-64.61,(単),0.00,,,,,
2026-08-21,9211,エフ・コード,東G,"1,505",-28.0 (-1.83%) ,2.43,12.69,20.4,19.63,0.00,59.02,(連),0.00,154.80,0.32,-3.23,-14.29,76.59
2026-08-21,9212,Ｇｒｅｅｎ　Ｅａｒｔｈ　Ｉｎｓ,東G,270,0.0 (0.00%) ,1.46,23.96,6.2,-0.37,5.01,213.04,(単),0.00,,,,,
2026-08-21,9213,セイファート,東S,--,-- (--%) ,,,,,,,,,,,,,
2026-08-21,9214,Ｒｅｃｏｖｅｒｙ　Ｉｎｔｅｒｎ,東G,--,-- (--%) ,2.21,13.75,16.6,7.55,0.00,2.99,(連),0.00,,,,,
2026-08-21,9215,ＣａＳｙ,東G,958,-1.0 (-0.10%) ,6.58,38.44,17.6,2.6,0.00,900.00,(連),0.00,,,,,
2026-08-21,9216,ビーウィズ,東P,"1,690",+1.0 (+0.06%) ,,,,,,,,,58.50,0.67,23.44,21.54,2.54
2026-08-21,9218,メンタルヘルステクノロジーズ,東G,772,+2.0 (+0.26%) ,5.15,31.43,20.7,9.29,0.00,"1,023.08",(連),1.30,28.60,1.64,-26.67,-50.00,33.85
2026-08-21,9219,ギックス,東G,887,-6.0 (-0.67%) ,,,,,,,,,,,,,
2026-08-21,9220,エフビー介護サービス,東S,"1,244",+12.0 (+0.97%) ,0.77,6.82,12.0,5.5,0.00,21.68,(連),3.05,,,,,
2026-08-21,9221,フルハシＥＰＯ,東S,"1,133",+13.0 (+1.16%) ,2.11,14.74,15.1,11.73,0.00,-18.02,(連),2.65,,,,,
2026-08-21,9222,ｍａｎａｂｙ,東PRO,--,-- (--%) ,,,,,,,,,,,,,
2026-08-21,9223,ＡＳＮＯＶＡ,東G,446,-5.0 (-1.11%) ,,,,,,,,,,,,,
2026-08-21,9225,ブリッジコンサルティンググルー,東G,977,0.0 (0.00%) ,1.7,13.47,13.4,9.02,0.00,-11.69,(連),0.00,,,,,
2026-08-21,9226,アイガー,東PRO,--,-- (--%) ,2.85,16.58,18.42,6.72,0.00,72.13,(連),2.75,,,,,
2026-08-21,9227,マイクロ波化学,東G,900,-14.0 (-1.53%) ,,,,,,,,,,,,,
2026-08-21,9229,サンウェルズ,東P,114,-1.0 (-0.87%) ,,,,,,,,,,,,,
2026-08-21,9233,アジア航測,東S,"1,155",-3.0 (-0.26%) ,0.96,11.66,8.4,6.87,0.00,-0.53,(連),3.81,,,,,
2026-08-21,9235,売れるネット広告社グループ,東G,498,-5.0 (-0.99%) ,,,,,,,,,,,,,
2026-08-21,9236,ジャパンＭ＆Ａソリューション,東G,"1,299",+5.0 (+0.39%) ,,,,,,,,,,,,,
2026-08-21,9237,笑美面,東G,899,+10.0 (+1.12%) ,4.49,40.64,11.0,6.09,0.00,-45.07,(連),0.00,,,,,
2026-08-21,9238,バリュークリエーション,東G,391,+7.0 (+1.82%) ,,,,,,,,,,,,,
2026-08-21,9239,ケーイーティ,東PRO,--,-- (--%) ,,,,,,,,,,,,,
2026-08-21,9240,デリバリーコンサルティング,東G,451,+12.0 (+2.73%) ,1.96,61.78,3.2,1.86,0.00,-71.43,(連),0.00,,,,,
2026-08-21,9241,フューチャーリンクネットワーク,東G,"1,548",+3.0 (+0.19%) ,4.73,45.73,11.1,-1.1,0.00,48.72,(連),0.00,,,,,
2026-08-21,9242,メディア総研,東G,"1,917",-4.0 (-0.21%) ,1.55,10.83,15.4,19.13,0.00,53.89,(連),1.04,,,,,
2026-08-21,9243,富士テクノＨＬＤＧ,東PRO,--,-- (--%) ,2.0,5.73,40.4,3.11,0.00,36.36,(連),4.17,,,,,
2026-08-21,9244,デジタリフト,東G,"1,267",+5.0 (+0.40%) ,2.48,16.74,16.3,5.36,0.00,485.42,(連),0.00,,,,,
2026-08-21,9245,リベロ,東G,"1,938",+22.0 (+1.15%) ,3.87,19.20,21.7,17.41,0.00,61.39,(連),1.55,160.20,0.20,4.17,4.17,21.56
2026-08-21,9246,プロジェクトＨＬＤＧ,東G,"1,085",-5.0 (-0.46%) ,2.55,45.72,5.6,2.83,0.00,162.88,(連),0.00,,,,,
2026-08-21,9247,TRE ＨＬＤＧ,東P,"1,975",-7.0 (-0.35%) ,1.12,6.47,18.9,18.74,0.00,-3.12,(連),2.53,135.03,-0.26,0.00,-28.26,-4.65
2026-08-21,9248,人・夢・技術グループ,東S,"1,704",+8.0 (+0.47%) ,0.71,9.64,7.6,5.83,0.00,54.21,(連),3.64,,,,,
2026-08-21,9249,日本エコシステム,東S,"1,663",+3.0 (+0.18%) ,2.6,47.91,5.5,3.88,0.00,-41.94,(連),1.06,,,,,
2026-08-21,9250,ＧＲＣＳ,東G,910,+1.0 (+0.11%) ,,,,,,,,,,,,,
2026-08-21,9251,ＡＢ＆Ｃｏｍｐａｎｙ,東G,"1,500",+34.0 (+2.32%) ,2.38,23.84,10.2,8.41,0.00,-5.82,(連),4.00,103.20,0.22,4.69,31.18,11.24
2026-08-21,9252,ラストワンマイル,東G,"3,865",-5.0 (-0.13%) ,2.39,15.33,17.5,7.41,0.00,24.77,(連),0.62,,,,,
2026-08-21,9253,スローガン,東G,735,-17.0 (-2.26%) ,1.13,9.91,12.3,17.61,0.00,134.45,(連),0.00,,,,,
2026-08-21,9254,ラバブルマーケティンググループ,東G,"1,108",-33.0 (-2.89%) ,1.87,59.73,4.3,4.37,0.00,-64.46,(連),0.00,,,,,
2026-08-21,9256,サクシード,東G,"1,138",-10.0 (-0.87%) ,,,,,,,,,,,,,
2026-08-21,9257,ＹＣＰＨＬＤＧ（グローバル）,東G,536,+6.0 (+1.13%) ,0.81,18.72,4.4,7.51,48.41,"8,698.81",(連),2.46,,,,,
2026-08-21,9258,ＣＳ−Ｃ,東G,299,-6.0 (-1.97%) ,,,,,,,,,,,,,
2026-08-21,9259,タカヨシＨＬＤＧ,東G,851,+1.0 (+0.12%) ,1.47,11.74,13.4,11.34,0.00,-0.22,(連),3.53,,,,,
2026-08-21,9262,シルバーライフ,東S,685,+2.0 (+0.29%) ,1.07,10.60,10.5,5.7,0.00,5.18,(単),2.34,73.20,0.70,-4.07,-9.23,10.09
2026-08-21,9264,ポエック,東S,"1,758",-5.0 (-0.28%) ,,,,,,,,,,,,,
2026-08-21,9265,ヤマシタヘルスケアＨＬＤＧ,東S,--,-- (--%) ,,,,,,,,,,,,,
2026-08-21,9267,Ｇｅｎｋｙ　ＤｒｕｇＳｔｏｒｅ,東P,"3,740",+45.0 (+1.22%) ,,,,,,,,,283.45,1.35,-0.40,-2.44,-4.69
2026-08-21,9268,オプティマスグループ,東S,422,-2.0 (-0.47%) ,,,,,,,,,,,,,
2026-08-21,9270,バリュエンスＨＬＤＧ,東G,"2,139",-10.0 (-0.47%) ,3.66,41.13,9.8,1.71,13.17,272.12,(連),0.47,250.40,0.02,1.40,202.22,14.02
2026-08-21,9271,和心,東G,"1,001",-20.0 (-1.96%) ,,,,,,,,,,,,,
2026-08-21,9272,ブティックス,東G,"1,407",-9.0 (-0.64%) ,4.61,22.21,26.8,28.5,0.00,27.55,(単),0.00,,,,,
2026-08-21,9273,コーア商事ＨＬＤＧ,東P,767,-6.0 (-0.78%) ,,,,,,,,,,,,,
2026-08-21,9274,ＫＰＰグループＨＬＤＧ,東P,"1,122",+12.0 (+1.08%) ,0.78,12.83,6.4,1.55,63.32,-36.42,(連),3.21,,,,,
2026-08-21,9278,ブックオフグループＨＬＤＧ,東P,"2,955",-16.0 (-0.54%) ,2.45,18.77,13.9,3.39,0.00,20.93,(連),1.22,159.50,14.31,6.38,13.64,7.98
2026-08-21,9279,ギフトＨＬＤＧ,東P,"5,100",+80.0 (+1.59%) ,9.87,46.64,23.4,9.38,0.00,13.53,(連),0.43,153.50,0.81,1.69,9.59,24.04
2026-08-21,9282,いちごグリーンインフラ投資法人,東IF,"38,300",-850.0 (-2.17%) ,1.17,25.52,4.4,20.87,0.00,-11.93,(単),10.14,,,,,
2026-08-21,9284,カナディアン・ソーラー・インフ,東IF,"76,200",-800.0 (-1.04%) ,,,,,,,,,,,,,
2026-08-21,9285,東京インフラ・エネルギー投資,東IF,"42,050",-200.0 (-0.47%) ,,,,,,,,,,,,,
2026-08-21,9286,エネクス・インフラ投資法人,東IF,"46,500",-200.0 (-0.43%) ,,,,,,,,,,,,,
2026-08-21,9301,三菱倉庫,東P,"1,510.5",+8.0 (+0.53%) ,1.37,9.69,14.5,5.82,19.92,15.81,(連),2.52,77.32,-0.39,-15.19,5.09,-0.39
2026-08-21,9302,三井倉庫ＨＬＤＧ,東P,"3,308",+7.0 (+0.21%) ,1.79,22.31,8.6,7.38,27.89,18.00,(連),1.48,170.53,1.29,-0.96,2.21,6.35
2026-08-21,9303,住友倉庫,東P,"4,160",+65.0 (+1.59%) ,1.01,18.02,6.1,5.82,15.40,-9.65,(連),2.48,228.47,-17.29,-12.47,31.46,2.28
2026-08-21,9304,澁澤倉庫,東P,"1,989",-1.0 (-0.05%) ,1.66,17.81,9.5,5.14,0.00,-12.99,(連),2.82,,,,,
2026-08-21,9305,ヤマタネ,東P,"2,131",+21.0 (+1.00%) ,,,,,,,,,,,,,
2026-08-21,9306,東陽倉庫,東S,"2,021",+20.0 (+1.00%) ,0.52,9.15,6.0,4.56,0.00,2.85,(連),3.46,,,,,
2026-08-21,9307,杉村倉庫,東S,978,-1.0 (-0.10%) ,0.9,16.52,5.6,12.54,0.00,4.21,(連),1.53,,,,,
2026-08-21,9308,乾汽船,東S,"2,097",-28.0 (-1.32%) ,1.41,63.33,2.2,6.42,62.17,-49.01,(連),0.47,,,,,
2026-08-21,9310,日本トランスシティ,東P,"1,403",-52.0 (-3.57%) ,,,,,,,,,,,,,
2026-08-21,9311,アサガミ,東S,--,-- (--%) ,0.47,6.15,8.0,6.6,0.00,29.72,(連),1.81,,,,,
2026-08-21,9312,ケイヒン,東S,"2,879",+65.0 (+2.31%) ,0.56,7.41,7.9,6.81,0.00,19.45,(連),3.47,,,,,
2026-08-21,9313,丸八倉庫,東S,"1,034",+4.0 (+0.39%) ,0.48,19.68,2.5,10.08,0.00,-24.29,(連),2.32,,,,,
2026-08-21,9319,中央倉庫,東P,"1,836",+18.0 (+0.99%) ,0.67,16.21,4.4,7.32,0.00,-1.56,(連),2.07,,,,,
2026-08-21,9322,川西倉庫,東S,"2,475",+6.0 (+0.24%) ,0.86,29.85,2.9,4.22,0.00,-11.62,(連),5.25,,,,,
2026-08-21,9324,安田倉庫,東P,"2,586",+1.0 (+0.04%) ,0.69,11.13,6.7,5.36,0.00,16.98,(連),2.71,,,,,
2026-08-21,9325,ファイズＨＬＤＧ,東S,"1,075",-5.0 (-0.46%) ,2.48,11.27,23.9,3.8,0.00,7.98,(連),2.79,,,,,
2026-08-21,9326,関通ＨＬＤＧ,東G,500,+1.0 (+0.20%) ,2.27,24.53,9.5,1.74,0.00,409.78,(連),2.00,,,,,
2026-08-21,9327,イー・ロジット,東S,194,-1.0 (-0.51%) ,,,,,,,,,,,,,
2026-08-21,9330,揚羽,東G,870,+3.0 (+0.35%) ,,,,,,,,,,,,,
2026-08-21,9331,キャスター,東G,726,-24.0 (-3.20%) ,,,,,,,,,,,,,
2026-08-21,9332,ＮＩＳＳＯＨＬＤＧ,東P,663,+6.0 (+0.91%) ,1.21,11.74,10.9,2.86,0.00,-10.19,(連),3.77,62.40,1.00,0.00,-11.56,8.95
2026-08-21,9335,テクノクリエイティブ,東PRO,--,-- (--%) ,3.34,75.59,4.4,2.2,0.00,-44.44,(単),0.14,,,,,
2026-08-21,9336,大栄環境,東P,"3,770",+40.0 (+1.07%) ,3.43,23.57,15.5,25.26,0.00,4.39,(連),1.41,166.55,5.41,-1.56,0.74,9.21
2026-08-21,9337,トリドリ,東G,"1,467",+15.0 (+1.03%) ,2.64,11.03,27.1,13.16,0.00,60.41,(連),0.00,,,,,
2026-08-21,9339,コーチ・エィ,東S,"1,400",-24.0 (-1.69%) ,1.04,33.39,3.2,6.03,14.79,1.51,(連),1.43,,,,,
2026-08-21,9340,アソインターナショナル,東S,703,-12.0 (-1.68%) ,,,,,,,,,57.10,1.58,0.00,-20.00,9.23
2026-08-21,9341,ＧＥＮＯＶＡ,東P,625,0.0 (0.00%) ,,,,,,,,,,,,,
2026-08-21,9342,スマサポ,東G,935,-2.0 (-0.21%) ,3.94,17.27,25.7,6.75,0.00,70.54,(単),0.00,,,,,
2026-08-21,9343,アイビス,東G,766,-6.0 (-0.78%) ,4.87,16.52,29.9,24.0,42.98,3.85,(連),1.31,50.30,1.81,0.00,-7.14,10.03
2026-08-21,9344,アクシスコンサルティング,東G,"1,280",-19.0 (-1.46%) ,,,,,,,,,,,,,
2026-08-21,9345,ビズメイツ,東G,596,-9.0 (-1.49%) ,1.01,9.79,10.8,8.11,0.00,-21.18,(連),2.52,64.70,1.48,-18.48,-40.00,2.50
2026-08-21,9346,ココルポート,東G,"1,779",-13.0 (-0.73%) ,2.24,11.56,21.3,12.09,0.00,11.00,(単),2.64,,,,,
2026-08-21,9347,日本管財ＨＬＤＧ,東P,"2,889",+3.0 (+0.10%) ,1.4,14.74,10.1,5.78,0.00,15.54,(連),1.97,,,,,
2026-08-21,9348,ｉｓｐａｃｅ,東G,429,-3.0 (-0.69%) ,,,,,,,,,,,,,
2026-08-21,9351,東洋埠頭,東S,"1,905",+23.0 (+1.22%) ,0.45,9.46,1.0,3.94,0.00,40.39,(連),4.20,,,,,
2026-08-21,9353,櫻島埠頭,東S,"2,850",-29.0 (-1.01%) ,0.54,14.94,3.9,5.89,0.00,35.12,(連),1.89,,,,,
2026-08-21,9355,リンコーコーポレーション,東S,"2,248",0.0 (0.00%) ,0.3,5.51,5.6,3.54,0.00,-0.97,(連),2.67,,,,,
2026-08-21,9357,名港海運,名M,"2,470",+10.0 (+0.41%) ,0.53,12.49,4.5,7.38,21.57,2.79,(連),3.24,,,,,
2026-08-21,9359,伊勢湾海運,名M,955,+1.0 (+0.10%) ,0.48,8.97,5.5,5.92,18.72,-1.47,(連),3.87,,,,,
2026-08-21,9360,鈴与シンワート,東S,"2,745",0.0 (0.00%) ,1.42,7.23,21.6,8.44,0.00,26.08,(連),4.01,,,,,
2026-08-21,9361,伏木海陸運送,東S,"2,060",+45.0 (+2.23%) ,,,,,,,,,,,,,
2026-08-21,9362,兵機海運,東S,"3,695",+40.0 (+1.09%) ,,,,,,,,,,,,,
2026-08-21,9363,大運,東S,538,-1.0 (-0.19%) ,0.64,7.80,8.9,3.77,0.00,36.11,(単),2.79,,,,,
2026-08-21,9364,上組,東P,"4,856",+18.0 (+0.37%) ,1.21,15.60,8.0,12.4,0.00,10.99,(連),4.22,297.11,-3.58,0.84,6.47,3.77
2026-08-21,9365,トレーディア,東S,"1,635",+24.0 (+1.49%) ,,,,,,,,,,,,,
2026-08-21,9366,サンリツ,東S,"1,102",+3.0 (+0.27%) ,0.51,9.01,5.8,5.04,0.00,23.07,(連),3.27,,,,,
2026-08-21,9367,大東港運,東S,"2,022",+4.0 (+0.20%) ,1.65,20.08,8.7,6.04,0.00,51.65,(連),1.53,,,,,
2026-08-21,9368,キムラユニティー,東S,922,-3.0 (-0.32%) ,0.86,11.83,7.7,7.68,15.14,12.74,(連),3.69,,,,,
2026-08-21,9369,キユーソー流通システム,東S,"3,155",+5.0 (+0.16%) ,1.73,29.61,6.0,2.79,0.00,-1.37,(連),0.87,87.50,-2.01,1.11,1.11,3.29
2026-08-21,9376,ユーラシア旅行社,東S,818,0.0 (0.00%) ,1.64,26.50,6.3,2.4,0.00,2.50,(連),3.79,,,,,
2026-08-21,9380,東海運,東S,438,+2.0 (+0.46%) ,0.66,17.00,4.0,2.16,0.00,32.75,(連),1.83,,,,,
2026-08-21,9381,エーアイテイー,東P,"2,369",+13.0 (+0.55%) ,2.72,17.52,16.1,7.19,14.53,3.27,(連),4.22,,,,,
2026-08-21,9385,ショーエイコーポレーション,東S,752,-4.0 (-0.53%) ,,,,,,,,,,,,,
2026-08-21,9399,ビートＨＬＤＧ,東S,17,+4.0 (+30.77%) ,,,,,,,,,,,,,
2026-08-21,9401,ＴＢＳＨＬＤＧ,東P,"5,852",-61.0 (-1.03%) ,0.81,17.66,5.1,5.83,0.00,18.25,(連),1.44,320.87,-5.79,-9.46,27.00,3.54
2026-08-21,9402,中部日本放送,名P,"1,193",-2.0 (-0.17%) ,,,,,,,,,,,,,
2026-08-21,9404,日本テレビＨＬＤＧ,東P,"2,954.5",-6.0 (-0.20%) ,0.73,12.95,5.8,14.31,0.00,24.89,(連),1.52,225.85,-13.49,-0.76,-3.99,5.74
2026-08-21,9405,朝日放送グループＨＬＤＧ,東P,833,+1.0 (+0.12%) ,,,,,,,,,,,,,
2026-08-21,9408,ＢＳＮメディアＨＬＤＧ,東S,"2,551",0.0 (0.00%) ,0.57,11.01,5.2,6.75,0.00,2.00,(連),0.63,,,,,
2026-08-21,9409,テレビ朝日ＨＬＤＧ,東P,"3,075",-25.0 (-0.81%) ,0.66,10.45,6.5,7.71,0.00,28.17,(連),2.28,257.73,-0.97,-3.60,-0.75,3.21
2026-08-21,9412,スカパーＪＳＡＴ,東P,"2,225",-2.0 (-0.09%) ,2.08,27.05,8.0,27.65,0.00,29.79,(連),1.89,98.09,1.18,0.99,26.95,5.05
2026-08-21,9413,テレビ東京ＨＬＤＧ,東P,"3,420",-10.0 (-0.29%) ,0.85,11.82,7.4,6.91,15.40,44.60,(連),2.92,286.13,-10.95,-0.67,12.40,2.91
2026-08-21,9414,日本ＢＳ放送,東S,925,0.0 (0.00%) ,0.67,12.25,5.6,16.36,0.00,-5.34,(連),3.24,,,,,
2026-08-21,9416,ビジョン,東P,"1,058",-1.0 (-0.09%) ,2.45,11.49,23.6,16.57,0.00,19.25,(連),4.73,99.30,1.37,-1.07,-8.55,6.67
2026-08-21,9417,スマートバリュー,東S,333,+4.0 (+1.22%) ,,,,,,,,,,,,,
2026-08-21,9418,Ｕ−ＮＥＸＴ　ＨＬＤＧ,東P,"1,755",-20.0 (-1.13%) ,3.24,17.21,20.5,8.09,0.00,9.11,(連),0.88,102.20,84.35,-2.04,-5.88,18.57
2026-08-21,9419,ワイヤレスゲート,東S,296,+2.0 (+0.68%) ,2.02,11.46,19.3,2.05,0.00,-42.86,(連),0.00,,,,,
2026-08-21,9421,エヌジェイＨＬＤＧ,東S,506,+3.0 (+0.60%) ,,,,,,,,,,,,,
2026-08-21,9423,フォーバル・リアルストレート,東S,104,-1.0 (-0.95%) ,3.38,14.90,45.4,3.05,0.00,11.90,(連),2.69,,,,,
2026-08-21,9424,日本通信,東P,118,-1.0 (-0.84%) ,4.26,25.76,18.6,9.75,0.00,11.70,(連),0.00,,,,,
2026-08-21,9425,ＲｅＹｕｕ　Ｊａｐａｎ,東S,222,-11.0 (-4.72%) ,,,,,,,,,,,,,
2026-08-21,9428,クロップス,東S,--,-- (--%) ,1.07,15.31,7.3,5.34,0.00,41.34,(連),1.93,,,,,
2026-08-21,9432,ＮＴＴ,東P,166.1,+4.7 (+2.91%) ,1.39,13.17,10.4,11.84,22.35,1.10,(連),3.19,12.56,-31.17,-0.19,-13.92,4.91
2026-08-21,9433,ＫＤＤＩ,東P,"2,915.5",+54.5 (+1.90%) ,2.19,15.88,14.0,18.1,0.00,1.20,(連),2.74,196.53,2.06,-0.19,-3.77,3.84
2026-08-21,9434,ソフトバンク,東P,233.8,+0.7 (+0.30%) ,4.24,20.60,19.3,14.81,0.00,5.68,(連),3.68,11.97,3.56,0.35,0.71,7.24
2026-08-21,9435,光通信,東P,"39,410",+110.0 (+0.28%) ,,,,,,,,,"2,825.43",-0.78,3.24,4.87,9.03
2026-08-21,9436,沖縄セルラー電話,東S,"4,000",-15.0 (-0.37%) ,3.72,28.16,13.5,21.65,0.00,5.23,(連),1.68,151.47,4.00,2.07,5.22,3.53
2026-08-21,9438,エムティーアイ,東P,601,-1.0 (-0.17%) ,1.81,9.75,20.1,9.85,0.00,7.07,(連),3.16,52.20,-0.75,2.63,2.63,6.19
2026-08-21,9439,エム・エイチ・グループ,東S,232,0.0 (0.00%) ,,,,,,,,,,,,,
2026-08-21,9441,ベルパーク,東S,"3,030",+47.0 (+1.58%) ,1.38,11.52,13.5,4.55,0.00,38.26,(連),3.37,,,,,
2026-08-21,9444,トーシンＨＬＤＧ,東S,268,-2.0 (-0.74%) ,,,,,,,,,,,,,
2026-08-21,9445,フォーバルテレコム,東S,539,+2.0 (+0.37%) ,,,,,,,,,,,,,
2026-08-21,9446,サカイＨＬＤＧ,東S,688,+2.0 (+0.29%) ,1.13,6.47,21.4,8.61,0.00,0.76,(連),3.78,,,,,
2026-08-21,9449,ＧＭＯインターネットグループ,東P,"4,054",+47.0 (+1.17%) ,3.65,24.74,16.3,20.72,5.43,10.89,(連),1.28,212.52,0.64,3.12,-15.10,5.92
2026-08-21,9450,ファイバーゲート,東S,770,0.0 (0.00%) ,,,,,,,,,67.10,0.46,0.00,-40.00,5.69
2026-08-21,9466,アイドママーケティングコミュニ,東S,241,+1.0 (+0.42%) ,,,,,,,,,,,,,
2026-08-21,9467,アルファポリス,東G,"1,225",-48.0 (-3.77%) ,,,,,,,,,88.45,11.32,-6.17,-12.67,16.67
2026-08-21,9468,ＫＡＤＯＫＡＷＡ,東P,"3,526",-30.0 (-0.84%) ,2.09,404.82,0.5,2.86,20.60,-34.05,(連),0.85,47.65,0.17,0.31,-37.58,3.94
2026-08-21,9470,学研ＨＬＤＧ,東P,"1,040",+3.0 (+0.29%) ,0.83,12.09,7.0,4.14,0.00,13.14,(連),2.50,91.80,1.68,-1.83,4.30,6.20
2026-08-21,9471,文溪堂,名M,"1,136",-13.0 (-1.13%) ,,,,,,,,,,,,,
2026-08-21,9474,ゼンリン,東P,901,+2.0 (+0.22%) ,0.98,17.56,5.5,5.45,0.00,-1.78,(連),4.66,44.03,-1.44,-0.91,-31.15,0.45
2026-08-21,9475,昭文社ＨＬＤＧ,東S,525,+3.0 (+0.57%) ,0.66,7.86,8.9,7.06,0.00,124.83,(連),0.95,,,,,
2026-08-21,9476,中央経済社ＨＬＤＧ,東S,--,-- (--%) ,0.88,15.58,5.8,7.19,0.00,100.00,(連),1.32,,,,,
2026-08-21,9478,ＳＥ　Ｈ＆インキュベーションズ,東S,511,-4.0 (-0.78%) ,0.7,12.81,6.2,13.59,0.00,-0.86,(連),0.78,,,,,
2026-08-21,9501,東京電力ＨＬＤＧ,東P,549.3,+24.4 (+4.65%) ,,,,,,,,,99.80,-0.04,-9.67,-7.61,-0.90
2026-08-21,9502,中部電力,東P,"2,906.5",+31.5 (+1.10%) ,0.7,9.64,7.7,6.49,0.00,5.31,(連),2.41,229.97,-0.53,-2.76,-6.18,1.85
2026-08-21,9503,関西電力,東P,"2,610",+52.5 (+2.05%) ,0.84,7.65,11.7,10.79,0.00,-2.47,(連),2.87,282.34,-0.53,-5.24,-11.41,0.05
2026-08-21,9504,中国電力,東P,987,+18.1 (+1.87%) ,0.46,5.18,9.2,6.26,0.00,-37.59,(連),2.74,120.48,-0.22,-9.31,-24.63,0.17
2026-08-21,9505,北陸電力,東P,990.8,+6.2 (+0.63%) ,0.46,3.80,13.1,11.12,0.00,-6.95,(連),2.52,149.47,-0.15,4.48,-12.89,-4.29
2026-08-21,9506,東北電力,東P,"1,330.5",+18.5 (+1.41%) ,0.6,7.83,8.1,6.76,0.00,-50.76,(連),3.01,215.69,0.23,5.44,-10.63,-4.02
2026-08-21,9507,四国電力,東P,"1,889.5",+35.5 (+1.91%) ,0.81,7.64,11.1,8.91,0.00,-25.89,(連),2.65,184.65,-0.40,2.60,5.67,1.53
2026-08-21,9508,九州電力,東P,"1,963.5",+42.0 (+2.19%) ,0.94,6.24,14.1,10.01,0.00,6.36,(連),2.55,275.46,-0.56,0.81,21.26,-1.29
2026-08-21,9509,北海道電力,東P,"1,088",+12.0 (+1.12%) ,0.54,5.25,10.4,8.56,0.00,-4.22,(連),2.94,127.92,-0.22,-0.89,-4.29,3.04
2026-08-21,9511,沖縄電力,東P,"1,176",+5.0 (+0.43%) ,,,,,,,,,58.90,-0.41,25.64,-43.02,0.14
2026-08-21,9513,電源開発,東P,"3,977",+42.0 (+1.07%) ,0.5,12.22,4.3,8.54,23.27,13.16,(連),2.51,461.74,0.20,0.50,38.06,3.47
2026-08-21,9514,エフオン,東S,354,+6.0 (+1.72%) ,,,,,,,,,,,,,
2026-08-21,9517,イーレックス,東P,892,+4.0 (+0.45%) ,0.99,13.05,7.9,4.44,0.00,41.77,(連),2.47,59.25,-1.12,3.29,12.25,-2.43
2026-08-21,9519,レノバ,東P,960,+38.0 (+4.12%) ,,,,,,,,,32.08,-2.33,2.75,25.14,16.94
2026-08-21,9531,東京瓦斯,東P,"6,090",+81.0 (+1.35%) ,1.18,9.30,13.2,6.97,0.00,70.51,(連),1.81,384.97,-0.38,2.99,16.62,7.38
2026-08-21,9532,大阪瓦斯,東P,"5,551",+34.0 (+0.62%) ,1.18,14.19,8.7,8.61,13.26,7.84,(連),2.16,370.73,-2.85,0.78,8.18,2.52
2026-08-21,9533,東邦瓦斯,東P,"1,215",+10.0 (+0.83%) ,0.93,14.51,6.8,4.88,0.00,16.87,(連),1.85,72.20,-1.21,5.93,5.18,1.33
2026-08-21,9534,北海道瓦斯,東P,822,+13.0 (+1.61%) ,0.74,6.29,12.6,9.42,0.00,14.33,(連),2.98,,,,,
2026-08-21,9535,広島ガス,東P,424,0.0 (0.00%) ,0.41,13.83,3.0,1.79,0.00,36.30,(連),2.83,,,,,
2026-08-21,9536,西部ガスＨＬＤＧ,東P,"2,473",+23.0 (+0.94%) ,0.77,12.60,6.5,4.76,0.00,18.58,(連),2.83,,,,,
2026-08-21,9537,北陸瓦斯,東S,"4,465",0.0 (0.00%) ,0.39,6.54,6.2,5.89,0.00,148.42,(連),1.79,,,,,
2026-08-21,9539,京葉瓦斯,東S,"1,377",+15.0 (+1.10%) ,0.44,13.79,3.3,3.26,0.00,104.55,(連),1.89,,,,,
2026-08-21,9543,静岡ガス,東P,"1,279",+4.0 (+0.31%) ,,,,,,,,,,,,,
2026-08-21,9551,メタウォーター,東P,"3,110",+30.0 (+0.97%) ,1.52,14.86,10.7,6.14,26.90,32.40,(連),2.25,238.17,0.94,3.71,19.83,16.07
2026-08-21,9552,クオンツ総研ＨＬＤＧ,東P,"1,101",-4.0 (-0.36%) ,,,,,,,,,61.16,0.66,0.97,-42.76,13.10
2026-08-21,9553,マイクロアド,東G,592,0.0 (0.00%) ,4.58,83.38,5.8,3.91,16.41,80.61,(連),0.00,,,,,
2026-08-21,9554,ＡＶｉＣ,東G,"1,800",-10.0 (-0.55%) ,4.88,20.65,27.7,27.01,0.00,65.76,(連),0.00,119.90,0.40,4.76,22.22,43.79
2026-08-21,9556,ＩＮＴＬＯＯＰ,東G,"2,242",+59.0 (+2.70%) ,3.41,15.30,25.0,6.52,0.00,44.43,(連),0.00,69.16,-0.60,-19.47,-58.27,21.57
2026-08-21,9557,エアークローゼット,東G,210,-8.0 (-3.67%) ,,,,,,,,,,,,,
2026-08-21,9558,ジャパニアス,東G,"1,972",-10.0 (-0.50%) ,2.31,10.21,24.0,8.13,0.00,5.48,(単),5.02,184.20,-2.34,-5.68,-5.83,10.95
2026-08-21,9560,プログリット,東G,884,+6.0 (+0.68%) ,4.8,12.42,43.9,20.91,0.00,47.74,(単),2.15,,,,,
2026-08-21,9561,グラッドキューブ,東G,408,+2.0 (+0.49%) ,,,,,,,,,,,,,
2026-08-21,9562,ビジネスコーチ,東G,615,-2.0 (-0.32%) ,2.71,16.54,16.9,8.13,0.00,125.32,(連),2.71,,,,,
2026-08-21,9563,Ａｔｌａｓ　Ｔｅｃｈｎｏｌｏｇ,東G,372,-2.0 (-0.53%) ,,,,,,,,,,,,,
2026-08-21,9564,ＦＣＥ,東S,602,+4.0 (+0.67%) ,3.49,19.95,18.5,14.95,0.00,31.02,(連),1.25,,,,,
2026-08-21,9565,ＧＬＯＥ,東G,670,0.0 (0.00%) ,3.88,485.51,0.8,0.63,0.00,84.62,(連),0.00,,,,,
2026-08-21,9601,松竹,東P,"11,020",-10.0 (-0.09%) ,1.4,28.92,5.2,6.28,0.00,353.80,(連),0.36,238.80,-1.24,-11.64,-1.15,7.58
2026-08-21,9602,東宝,東P,"1,543.5",-3.5 (-0.23%) ,2.51,25.22,10.4,18.82,10.11,8.82,(連),1.43,58.50,-5.99,0.07,-3.44,7.34
2026-08-21,9603,エイチ・アイ・エス,東P,"1,152",+5.0 (+0.44%) ,1.54,18.24,8.8,3.12,20.37,8.90,(連),1.74,16.22,-0.95,-4.71,-18.63,8.59
2026-08-21,9605,東映,東P,"5,980",-20.0 (-0.33%) ,1.28,15.98,8.4,19.48,34.96,8.88,(連),0.60,267.30,-0.79,-2.98,0.75,4.97
2026-08-21,9610,ウィルソン・ラーニング　ワール,東S,100,+2.0 (+2.04%) ,,,,,,,,,,,,,
2026-08-21,9612,ラックランド,東P,"1,252",-20.0 (-1.57%) ,1.09,6.20,18.6,7.13,0.00,969.85,(連),1.60,,,,,
2026-08-21,9616,共立メンテナンス,東P,"3,482",+116.0 (+3.45%) ,2.18,15.70,15.3,9.03,0.00,22.35,(連),1.32,203.09,-1.96,0.39,-9.38,9.73
2026-08-21,9619,イチネンＨＬＤＧ,東P,"2,699",+24.0 (+0.90%) ,0.89,8.34,11.2,6.73,0.00,6.59,(連),2.96,291.40,-0.93,0.00,8.18,5.67
2026-08-21,9621,建設技術研究所,東P,"3,225",+15.0 (+0.47%) ,1.34,15.04,9.3,9.04,30.80,-1.94,(連),2.33,,,,,
2026-08-21,9622,スペース,東P,"1,460",-5.0 (-0.34%) ,1.03,9.50,11.2,6.75,0.00,37.59,(連),5.34,,,,,
2026-08-21,9625,セレスポ,東S,946,+3.0 (+0.32%) ,,,,,,,,,,,,,
2026-08-21,9627,アインＨＬＤＧ,東P,"6,140",-19.0 (-0.31%) ,1.36,12.49,11.5,4.6,0.00,57.16,(連),1.63,442.74,-1.40,-0.05,4.60,25.89
2026-08-21,9628,燦ＨＬＤＧ,東P,"1,382",-8.0 (-0.58%) ,0.76,5.98,13.5,14.14,0.00,14.82,(連),2.68,172.90,-0.32,0.00,31.82,62.45
2026-08-21,9629,ピー・シー・エー,東P,"1,593",+31.0 (+1.98%) ,,,,,,,,,,,,,
2026-08-21,9632,スバル興業,東S,"3,700",+10.0 (+0.27%) ,1.29,19.69,6.7,16.42,0.00,1.79,(連),2.16,,,,,
2026-08-21,9633,東京テアトル,東S,"1,836",+46.0 (+2.57%) ,,,,,,,,,,,,,
2026-08-21,9635,武蔵野興業,東S,"2,549",-1.0 (-0.04%) ,,,,,,,,,,,,,
2026-08-21,9636,きんえい,東S,"4,160",+5.0 (+0.12%) ,4.2,57.91,7.5,7.98,0.00,6.51,(単),0.24,,,,,
2026-08-21,9639,三協フロンテア,東S,"2,326",+10.0 (+0.43%) ,0.98,9.29,11.0,14.73,0.00,1.59,(連),3.65,,,,,
2026-08-21,9640,セゾンテクノロジー,東S,"2,002",+3.0 (+0.15%) ,2.3,29.85,7.7,7.31,0.00,-25.00,(連),4.50,,,,,
2026-08-21,9643,中日本興業,名M,--,-- (--%) ,1.63,46.03,3.5,3.98,0.00,317.44,(単),0.54,,,,,
2026-08-21,9644,タナベコンサルティンググループ,東P,776,+4.0 (+0.52%) ,,,,,,,,,,,,,
2026-08-21,9647,協和コンサルタンツ,東S,"6,780",+90.0 (+1.35%) ,0.9,6.49,14.8,10.86,0.00,21.87,(連),0.44,,,,,
2026-08-21,9651,日本プロセス,東S,"1,980",-14.0 (-0.70%) ,,,,,,,,,,,,,
2026-08-21,9656,グリーンランドリゾート,東S,600,-1.0 (-0.17%) ,,,,,,,,,,,,,
2026-08-21,9658,ビジネスブレイン太田昭和,東P,"1,066",+1.0 (+0.09%) ,1.13,11.58,10.0,7.75,0.00,23.99,(連),4.22,,,,,
2026-08-21,9661,歌舞伎座,東S,"4,455",0.0 (0.00%) ,4.75,189.74,2.5,10.41,0.00,54.47,(連),0.11,,,,,
2026-08-21,9663,ナガワ,東P,"5,100",+20.0 (+0.39%) ,,,,,,,,,,,,,
2026-08-21,9664,御園座,名M,"1,503",+2.0 (+0.13%) ,,,,,,,,,,,,,
2026-08-21,9672,東京都競馬,東P,"5,120",+30.0 (+0.59%) ,1.41,13.05,11.3,36.91,0.00,11.04,(連),2.30,422.40,1.57,-0.06,1.55,2.82
2026-08-21,9678,カナモト,東P,"5,450",+30.0 (+0.55%) ,1.29,17.35,7.6,8.14,0.00,17.96,(連),1.74,360.02,1.03,0.79,10.35,3.22
2026-08-21,9679,ホウライ,東S,"2,348",+14.0 (+0.60%) ,1.0,19.75,5.2,10.08,0.00,1.38,(単),1.02,,,,,
2026-08-21,9682,ＤＴＳ,東P,"1,116",-6.0 (-0.53%) ,2.8,15.30,19.2,12.15,0.00,9.59,(連),3.32,75.80,3.78,-1.09,-0.76,5.62
2026-08-21,9684,スクウェア・エニックスＨＬＤＧ,東P,"2,917",-30.0 (-1.02%) ,3.02,35.51,8.7,18.39,33.50,57.48,(連),1.47,106.14,0.95,0.65,17.66,-1.98
2026-08-21,9685,ＫＹＣＯＭ　ＨＬＤＧ,東S,564,-4.0 (-0.70%) ,,,,,,,,,,,,,
2026-08-21,9686,東洋テック,東S,"1,659",+6.0 (+0.36%) ,,,,,,,,,,,,,
2026-08-21,9687,ＫＳＫ,東S,"4,390",-10.0 (-0.23%) ,,,,,,,,,,,,,
2026-08-21,9691,両毛システムズ,東S,"5,150",0.0 (0.00%) ,1.1,8.36,14.4,11.69,0.00,39.21,(連),0.85,,,,,
2026-08-21,9692,シーイーシー,東P,"2,395",-22.0 (-0.91%) ,1.75,14.46,12.5,11.14,0.00,9.23,(連),2.92,189.00,0.91,9.54,13.29,11.99
2026-08-21,9697,カプコン,東P,"4,130",-60.0 (-1.43%) ,6.45,31.65,22.1,38.54,67.17,12.95,(連),1.09,151.45,1.72,0.14,5.63,13.71
2026-08-21,9698,クレオ,東S,"1,341",+1.0 (+0.07%) ,1.34,12.85,10.7,8.2,0.00,4.59,(連),4.10,,,,,
2026-08-21,9699,ニシオＨＬＤＧ,東P,"4,620",+5.0 (+0.11%) ,0.93,10.59,8.9,9.12,11.85,8.20,(連),2.84,414.20,-2.21,-5.05,"6,166.67",5.15
2026-08-21,9701,東京會舘,東S,"4,320",+40.0 (+0.93%) ,,,,,,,,,,,,,
2026-08-21,9702,アイ・エス・ビー,東P,"2,480",-15.0 (-0.60%) ,1.96,19.79,10.2,6.25,0.00,-17.57,(連),2.22,,,,,
2026-08-21,9704,アゴーラ　ホスピタリティー,東S,30,0.0 (0.00%) ,1.41,6.22,27.3,10.65,9.02,250.40,(連),0.00,,,,,
2026-08-21,9706,日本空港ビルデング,東P,"5,683",+35.0 (+0.62%) ,2.51,18.10,14.7,15.54,0.00,22.34,(連),1.67,277.38,-1.75,0.24,13.51,5.33
2026-08-21,9708,帝国ホテル,東S,"1,012",+6.0 (+0.60%) ,,,,,,,,,15.20,-1.14,52.63,93.33,8.21
2026-08-21,9709,ＮＣＳ＆Ａ,東S,"1,365",-5.0 (-0.36%) ,1.49,10.30,14.7,12.07,0.00,36.08,(連),4.25,,,,,
2026-08-21,9713,ロイヤルホテル,東S,900,-4.0 (-0.44%) ,,,,,,,,,,,,,
2026-08-21,9715,トランス・コスモス,東P,"3,700",+35.0 (+0.95%) ,1.08,10.60,10.6,4.2,24.93,20.96,(連),3.78,365.75,2.11,-6.83,-5.21,5.09
2026-08-21,9716,乃村工藝社,東P,"1,239",+6.0 (+0.49%) ,2.23,15.13,15.7,7.88,0.00,43.66,(連),3.39,87.50,2.05,0.47,20.79,6.16
2026-08-21,9720,ホテル、ニューグランド,東S,"6,390",0.0 (0.00%) ,2.03,37.46,5.5,4.64,0.00,10.66,(単),0.39,,,,,
2026-08-21,9722,藤田観光,東P,"2,651",+154.0 (+6.17%) ,,,,,,,,,206.10,0.36,0.40,-6.39,5.20
2026-08-21,9723,京都ホテル,東S,634,-3.0 (-0.47%) ,,,,,,,,,,,,,
2026-08-21,9726,ＫＮＴ―ＣＴ　ＨＬＤＧ,東S,"1,942",-20.0 (-1.02%) ,,,,,,,,,,,,,
2026-08-21,9729,トーカイ,東P,"2,552",-16.0 (-0.62%) ,,,,,,,,,204.05,1.27,1.59,8.24,5.33
2026-08-21,9731,白洋舎,東S,"3,405",+10.0 (+0.29%) ,1.01,6.05,18.4,5.37,0.00,4.00,(連),2.35,,,,,
2026-08-21,9733,ナガセ,東S,"2,308",+2.0 (+0.09%) ,1.64,15.25,11.7,9.32,0.00,50.17,(連),6.50,186.40,0.53,-0.76,-5.07,10.61
2026-08-21,9735,セコム,東P,"6,413",+51.0 (+0.80%) ,1.97,23.22,8.7,12.76,5.43,4.02,(連),1.56,292.73,3.63,0.11,5.09,4.63
2026-08-21,9739,ＮＳＷ,東P,"2,714",-18.0 (-0.66%) ,1.07,10.90,10.1,10.09,0.00,-10.30,(連),4.61,,,,,
2026-08-21,9740,セントラル警備保障,東P,"2,805",+29.0 (+1.04%) ,0.95,16.03,6.2,5.71,0.00,2.96,(連),2.14,212.00,0.62,2.63,-4.78,5.73
2026-08-21,9742,アイネス,東P,"2,447",+85.0 (+3.60%) ,,,,,,,,,,,,,
2026-08-21,9743,丹青社,東P,"1,498",+8.0 (+0.54%) ,1.88,11.80,16.9,7.8,0.00,56.81,(連),4.81,120.40,-2.41,6.67,21.21,6.91
2026-08-21,9744,メイテックグループＨＬＤＧ,東P,"3,339",+6.0 (+0.18%) ,,,,,,,,,186.72,-4.22,0.22,1.28,2.88
2026-08-21,9746,ＴＫＣ,東P,"4,035",+5.0 (+0.12%) ,1.91,17.22,11.5,19.34,0.00,3.46,(連),2.73,247.60,2.87,-2.82,-5.49,7.48
2026-08-21,9753,アイエックス・ナレッジ,東S,"1,342",+12.0 (+0.90%) ,1.11,7.49,15.8,9.06,0.00,18.87,(連),3.73,,,,,
2026-08-21,9755,応用地質,東P,"2,890",-12.0 (-0.41%) ,0.85,15.27,5.6,5.39,21.26,-6.83,(連),3.81,,,,,
2026-08-21,9757,船井総研ＨＬＤＧ,東P,"1,160",+6.0 (+0.52%) ,4.09,16.41,26.5,26.44,0.00,5.11,(連),3.66,73.15,4.50,-4.17,-8.91,9.51
2026-08-21,9759,ＮＳＤ,東P,"2,869.5",-17.0 (-0.59%) ,2.95,16.83,18.4,16.19,0.00,13.43,(連),3.35,182.90,2.17,-0.22,2.02,8.14
2026-08-21,9760,進学会ＨＬＤＧ,東S,120,+2.0 (+1.69%) ,,,,,,,,,,,,,
2026-08-21,9761,東海リース,東S,"2,425",-21.0 (-0.86%) ,,,,,,,,,,,,,
2026-08-21,9763,丸建リース,東S,"1,301",+4.0 (+0.31%) ,,,,,,,,,,,,,
2026-08-21,9765,オオバ,東P,"1,165",+2.0 (+0.17%) ,,,,,,,,,,,,,
2026-08-21,9766,コナミグループ,東P,"21,885",-275.0 (-1.24%) ,5.26,29.66,19.1,27.53,28.70,35.25,(連),1.01,911.20,1.03,2.36,18.76,14.72
2026-08-21,9767,日建工学,東S,"1,587",-5.0 (-0.31%) ,0.59,10.29,5.9,5.68,0.00,6.33,(連),1.89,,,,,
2026-08-21,9768,いであ,東S,"3,740",+10.0 (+0.27%) ,0.87,11.21,8.0,12.94,0.00,-1.67,(連),3.16,,,,,
2026-08-21,9769,学究社,東P,"2,624",-14.0 (-0.53%) ,,,,,,,,,,,,,
2026-08-21,9778,昴,東S,"5,790",+20.0 (+0.35%) ,0.95,84.03,1.1,3.32,0.00,13.08,(単),2.07,,,,,
2026-08-21,9780,ハリマビステム,東S,"1,100",-2.0 (-0.18%) ,,,,,,,,,,,,,
2026-08-21,9782,ディーエムエス,東S,"3,455",+15.0 (+0.44%) ,,,,,,,,,,,,,
2026-08-21,9788,ナック,東P,526,+3.0 (+0.57%) ,0.95,13.48,7.2,4.21,0.00,-17.69,(連),4.18,,,,,
2026-08-21,9790,福井コンピュータＨＬＤＧ,東P,"3,155",+10.0 (+0.32%) ,2.17,15.12,15.1,43.61,0.00,20.48,(連),2.31,233.85,1.11,0.00,3.00,5.92
2026-08-21,9791,ビケンテクノ,東S,"1,160",-9.0 (-0.77%) ,0.38,6.16,6.4,5.62,0.00,42.79,(連),3.10,,,,,
2026-08-21,9793,ダイセキ,東P,"3,805",+5.0 (+0.13%) ,2.2,19.71,11.0,20.3,0.00,0.37,(連),2.00,244.84,0.58,-4.57,-5.30,6.05
2026-08-21,9795,ステップ,東P,"2,299",+19.0 (+0.83%) ,1.32,13.50,10.0,23.85,0.00,8.45,(単),3.70,,,,,
2026-08-21,9799,旭情報サービス,東S,959,+5.0 (+0.52%) ,,,,,,,,,,,,,
2026-08-21,9812,テーオーＨＬＤＧ,東S,243,0.0 (0.00%) ,,,,,,,,,,,,,
2026-08-21,9816,ストライダーズ,東S,255,0.0 (0.00%) ,0.81,10.84,7.8,2.4,0.00,190.59,(連),1.96,,,,,
2026-08-21,9818,大丸エナウィン,東S,"1,515",+13.0 (+0.87%) ,0.73,12.10,6.2,3.98,0.00,3.32,(連),1.91,,,,,
2026-08-21,9820,エムティジェネックス,東S,"3,675",-60.0 (-1.61%) ,0.9,12.56,7.4,9.82,0.00,13.46,(連),1.09,,,,,
2026-08-21,9823,マミーマートＨＬＤＧ,東S,"1,028",-2.0 (-0.19%) ,,,,,,,,,,,,,
2026-08-21,9824,泉州電業,東P,"6,940",-150.0 (-2.12%) ,2.04,17.90,11.8,6.6,0.00,-13.84,(連),2.16,526.00,0.38,21.36,6.84,8.40
2026-08-21,9827,リリカラ,東S,632,+2.0 (+0.32%) ,0.96,14.88,6.4,2.41,0.00,357.23,(単),5.70,,,,,
2026-08-21,9828,Ｇｅｎｋｉ　Ｇｌｏｂａｌ　Ｄｉ,東S,"3,410",+25.0 (+0.74%) ,3.1,17.24,19.1,6.51,12.35,-24.48,(連),2.05,249.75,0.52,-3.73,-17.31,15.17
2026-08-21,9830,トラスコ中山,東P,"2,360",+16.0 (+0.68%) ,0.84,9.80,8.8,7.13,0.00,12.39,(連),2.54,242.60,13.22,-11.99,-10.31,9.07
2026-08-21,9831,ヤマダＨＬＤＧ,東P,720.3,+14.8 (+2.10%) ,0.75,32.82,2.3,0.96,0.00,-58.37,(連),2.36,56.61,0.08,-0.44,15.68,5.44
2026-08-21,9832,オートバックスセブン,東P,"1,554",+10.0 (+0.65%) ,,,,,,,,,,,,,
2026-08-21,9835,ジュンテンドー,東S,514,0.0 (0.00%) ,,,,,,,,,,,,,
2026-08-21,9837,モリト,東P,"1,823",-10.0 (-0.55%) ,1.17,16.29,7.4,5.86,28.13,20.68,(連),3.84,130.90,0.82,2.50,17.14,16.17
2026-08-21,9842,アークランズ,東P,"1,920",+5.0 (+0.26%) ,0.94,14.84,6.5,3.97,0.00,-27.77,(連),2.08,202.15,0.17,0.00,1.06,1.95
2026-08-21,9843,ニトリＨＬＤＧ,東P,"3,029",-27.0 (-0.88%) ,1.73,19.17,9.4,13.76,0.00,8.44,(連),1.02,157.39,-51.99,0.14,-4.59,1.53
2026-08-21,9845,パーカーコーポレーション,東S,"1,393",+23.0 (+1.68%) ,,,,,,,,,,,,,
2026-08-21,9846,天満屋ストア,東S,999,0.0 (0.00%) ,0.41,8.50,5.0,3.69,0.00,-5.61,(連),1.55,,,,,
2026-08-21,9849,共同紙販ＨＬＤＧ,東S,--,-- (--%) ,0.76,80.41,1.0,-0.18,0.00,-107.41,(連),1.11,,,,,
2026-08-21,9850,グルメ杵屋,東P,989,0.0 (0.00%) ,,,,,,,,,,,,,
2026-08-21,9853,銀座ルノアール,東S,908,+1.0 (+0.11%) ,1.73,34.67,5.1,2.34,0.00,95.31,(連),0.55,,,,,
2026-08-21,9854,愛眼,東S,284,+2.0 (+0.71%) ,0.45,35.46,1.3,1.47,0.00,738.30,(連),0.00,,,,,
2026-08-21,9856,ケーユーＨＬＤＧ,東S,"1,243",0.0 (0.00%) ,0.56,7.05,8.4,4.96,0.00,-9.25,(連),4.67,,,,,
2026-08-21,9857,英和,東S,"2,590",0.0 (0.00%) ,,,,,,,,,,,,,
2026-08-21,9861,吉野家ＨＬＤＧ,東P,"3,860",+36.0 (+0.94%) ,3.67,53.55,7.1,3.58,0.00,10.11,(連),0.57,87.28,2.08,5.21,-19.20,9.00
2026-08-21,9867,ソレキア,東S,"10,770",+120.0 (+1.13%) ,0.73,5.47,14.2,8.62,0.00,51.95,(連),0.65,,,,,
2026-08-21,9869,加藤産業,東P,"6,610",+70.0 (+1.07%) ,1.2,15.53,8.1,1.5,0.00,7.50,(連),2.12,,,,,
2026-08-21,9872,北恵,東S,949,0.0 (0.00%) ,0.63,15.98,4.0,1.21,0.00,-17.34,(単),2.95,,,,,
2026-08-21,9876,コックス,東S,219,-1.0 (-0.45%) ,0.57,5.66,11.0,8.85,0.00,7.11,(連),0.00,,,,,
2026-08-21,9878,セキド,東S,413,-1.0 (-0.24%) ,,,,,,,,,,,,,
2026-08-21,9880,イノテック,東P,"3,595",-50.0 (-1.37%) ,1.66,11.23,15.9,6.65,31.81,66.02,(連),3.48,,,,,
2026-08-21,9882,イエローハット,東P,"1,797",+11.0 (+0.62%) ,,,,,,,,,,,,,
2026-08-21,9885,シャルレ,東S,334,0.0 (0.00%) ,,,,,,,,,,,,,
2026-08-21,9887,松屋フーズＨＬＤＧ,東P,"5,130",+70.0 (+1.38%) ,1.83,26.08,7.3,4.12,0.00,62.07,(連),0.47,,,,,
2026-08-21,9888,ＵＥＸ,東S,"1,212",+4.0 (+0.33%) ,0.7,20.04,3.7,2.61,0.00,-26.55,(連),1.82,,,,,
2026-08-21,9889,ＪＢＣＣ　ＨＬＤＧ,東P,"1,757",+20.0 (+1.15%) ,,,,,,,,,100.05,1.09,3.45,7.14,6.97
2026-08-21,9890,マキヤ,東S,"1,359",+4.0 (+0.30%) ,0.61,9.24,6.8,2.28,0.00,0.34,(連),2.21,,,,,
2026-08-21,9895,コンセック,東S,"1,265",0.0 (0.00%) ,,,,,,,,,,,,,
2026-08-21,9896,ＪＫ　ＨＬＤＧ,東S,"1,411",+2.0 (+0.14%) ,0.58,9.48,6.3,1.61,0.00,-8.29,(連),3.90,,,,,
2026-08-21,9900,サガミＨＬＤＧ,東P,"2,169",+21.0 (+0.98%) ,3.34,40.38,8.6,7.56,0.00,42.74,(連),0.55,,,,,
2026-08-21,9902,日伝,東P,"3,035",0.0 (0.00%) ,0.98,17.53,5.7,4.7,0.00,3.68,(連),2.31,,,,,
2026-08-21,9903,カンセキ,東S,905,+4.0 (+0.44%) ,0.99,21.94,4.8,1.47,0.00,-27.52,(単),2.21,,,,,
2026-08-21,9904,ベリテ,東S,242,0.0 (0.00%) ,1.56,20.37,7.4,7.41,0.00,-28.40,(単),8.67,,,,,
2026-08-21,9906,藤井産業,東S,"4,250",+90.0 (+2.16%) ,0.86,7.40,12.2,5.86,0.00,13.14,(連),3.76,,,,,
2026-08-21,9908,日本電計,東S,"2,711",+46.0 (+1.73%) ,0.94,8.40,11.7,3.73,23.09,7.27,(連),3.58,,,,,
2026-08-21,9913,日邦産業,東S,"3,260",-15.0 (-0.46%) ,1.64,20.46,8.4,4.48,45.12,7.79,(連),4.72,,,,,
2026-08-21,9914,植松商会,東S,736,+4.0 (+0.55%) ,0.5,13.30,3.9,1.28,0.00,29.08,(単),4.42,,,,,
2026-08-21,9928,ミロク情報サービス,東P,"1,955",+10.0 (+0.51%) ,1.77,10.83,17.3,13.65,0.00,7.51,(連),3.07,162.00,-1.17,2.76,4.93,7.56
2026-08-21,9929,平和紙業,東S,474,0.0 (0.00%) ,0.43,56.56,0.8,0.63,0.00,-29.13,(連),2.53,,,,,
2026-08-21,9930,北沢産業,東S,402,-16.0 (-3.83%) ,0.66,33.92,2.0,1.9,0.00,-59.58,(連),2.49,,,,,
2026-08-21,9932,杉本商事,東P,"1,333",+9.0 (+0.68%) ,0.69,11.36,6.1,4.21,20.00,-12.25,(連),4.05,,,,,
2026-08-21,9934,因幡電機産業,東P,"2,966",+19.0 (+0.64%) ,1.69,14.23,12.7,7.12,0.00,18.95,(連),2.87,,,,,
2026-08-21,9936,王将フードサービス,東P,"2,953",+28.0 (+0.96%) ,2.38,20.97,10.7,8.91,0.00,-5.39,(連),1.90,113.97,-1.35,-6.38,-30.71,2.73
2026-08-21,9941,太洋物産,東S,"1,169",-13.0 (-1.10%) ,2.28,15.20,16.9,1.26,33.61,-14.36,(単),0.00,,,,,
2026-08-21,9946,ミニストップ,東P,"1,865",+18.0 (+0.97%) ,,,,,,,,,,,,,
2026-08-21,9948,アークス,東P,"3,705",+30.0 (+0.82%) ,,,,,,,,,232.75,26.28,-1.00,5.32,3.16
2026-08-21,9950,ハチバン,東S,"3,415",-15.0 (-0.44%) ,2.64,166.91,1.6,0.05,17.52,-55.29,(連),0.59,,,,,
2026-08-21,9955,ヨンキュウ,東S,"2,821",-16.0 (-0.56%) ,,,,,,,,,,,,,
2026-08-21,9956,バローＨＬＤＧ,東P,"3,250",0.0 (0.00%) ,,,,,,,,,322.11,3.39,0.42,4.62,7.78
2026-08-21,9959,アシードＨＬＤＧ,東S,"1,100",+28.0 (+2.61%) ,1.71,14.91,12.0,4.22,0.00,29.73,(連),2.00,,,,,
2026-08-21,9960,東テク,東P,"3,695",+15.0 (+0.41%) ,2.06,11.58,19.5,10.07,0.00,15.47,(連),3.46,353.50,0.97,0.00,11.11,8.91
2026-08-21,9962,ミスミグループ本社,東P,"3,615",-104.0 (-2.80%) ,2.51,24.21,11.1,10.79,59.85,-1.62,(連),1.47,161.77,2.75,5.03,22.32,14.06
2026-08-21,9969,ショクブン,東S,233,-2.0 (-0.85%) ,,,,,,,,,,,,,
2026-08-21,9972,アルテック,東S,281,0.0 (0.00%) ,,,,,,,,,,,,,
2026-08-21,9973,ＫＯＺＯＨＬＤＧ,東S,20,0.0 (0.00%) ,,,,,,,,,,,,,
2026-08-21,9974,ベルク,東P,"6,750",+20.0 (+0.30%) ,1.17,11.09,11.0,4.23,0.00,4.49,(連),1.84,602.95,-11.84,-2.12,-6.98,6.91
2026-08-21,9976,セキチュー,東S,"1,060",+10.0 (+0.95%) ,0.49,14.51,3.4,1.94,0.00,3.07,(単),2.83,,,,,
2026-08-21,9978,文教堂グループＨＬＤＧ,東S,45,0.0 (0.00%) ,,,,,,,,,,,,,
2026-08-21,9979,大庄,東S,"1,100",+2.0 (+0.18%) ,2.05,19.69,10.8,2.28,0.00,3.37,(連),1.27,,,,,
2026-08-21,9980,ＭＲＫ　ＨＬＤＧ,東S,95,-1.0 (-1.04%) ,,,,,,,,,,,,,
2026-08-21,9982,タキヒヨー,東S,"2,576",+29.0 (+1.14%) ,0.67,13.77,5.2,3.04,0.00,43.37,(連),1.75,,,,,
2026-08-21,9983,ファーストリテイリング,東P,"73,510","-2,770.0 (-3.63%) ",9.92,52.08,20.2,16.59,59.82,16.76,(連),0.68,"1,662.11",2.58,0.34,21.43,"3,435.69"
2026-08-21,9984,ソフトバンクグループ,東P,"5,255",-132.0 (-2.45%) ,,,,,,,,,101.64,-0.60,2.07,30.09,8.09
2026-08-21,9986,蔵王産業,東S,"2,507",+13.0 (+0.52%) ,1.04,18.96,5.5,11.6,0.00,12.16,(単),4.19,,,,,
2026-08-21,9987,スズケン,東P,"5,124",-9.0 (-0.18%) ,0.83,9.39,9.3,1.46,0.00,2.35,(連),1.95,380.15,-0.45,0.65,-11.41,3.29
2026-08-21,9989,サンドラッグ,東P,"3,712",-5.0 (-0.13%) ,1.52,13.83,11.3,5.56,0.00,5.44,(連),3.53,288.42,1.72,-0.54,-3.11,6.37
2026-08-21,9990,サックスバー　ＨＬＤＧ,東P,757,0.0 (0.00%) ,,,,,,,,,,,,,
2026-08-21,9991,ジェコス,東P,"1,780",+6.0 (+0.34%) ,0.84,10.23,8.5,6.93,0.00,28.19,(連),3.88,,,,,
2026-08-21,9993,ヤマザワ,東S,"1,187",+2.0 (+0.17%) ,0.46,10.25,4.7,1.08,0.00,402.46,(連),2.27,,,,,
2026-08-21,9994,やまや,東S,"2,083",-19.0 (-0.90%) ,0.61,10.87,5.7,2.24,0.00,-33.56,(連),3.60,,,,,
2026-08-21,9996,サトー商会,東S,"2,087",+27.0 (+1.31%) ,,,,,,,,,,,,,
2026-08-21,9997,ベルーナ,東P,"1,064",+19.0 (+1.82%) ,0.68,8.87,7.9,7.56,0.00,22.78,(連),3.57,,,,,
